election_id,district_name,district_id,contest,source_url,source_sha256,candidate_order,candidate_name,party_raw,independent_status,party_family,first_preference_votes,formal_votes,district_reconciled
vic_la_2014,Albert Park,albert-park,general-election,https://itsitecoreblobvecprd01.blob.core.windows.net/public-files/historical-results/state2014/albertparkdistrict.html,c75a9f86e39c11fba8d491128b59b0bd3b858669976c0d581192fa168d52e130,1,"HURLEY, James",SEX PARTY,False,Other/Independent,1263,36576,True
vic_la_2014,Albert Park,albert-park,general-election,https://itsitecoreblobvecprd01.blob.core.windows.net/public-files/historical-results/state2014/albertparkdistrict.html,c75a9f86e39c11fba8d491128b59b0bd3b858669976c0d581192fa168d52e130,2,"FOLEY, Martin",AUSTRALIAN LABOR PARTY,False,ALP,11826,36576,True
vic_la_2014,Albert Park,albert-park,general-election,https://itsitecoreblobvecprd01.blob.core.windows.net/public-files/historical-results/state2014/albertparkdistrict.html,c75a9f86e39c11fba8d491128b59b0bd3b858669976c0d581192fa168d52e130,3,"ARMSTRONG, Steven",,True,Other/Independent,289,36576,True
vic_la_2014,Albert Park,albert-park,general-election,https://itsitecoreblobvecprd01.blob.core.windows.net/public-files/historical-results/state2014/albertparkdistrict.html,c75a9f86e39c11fba8d491128b59b0bd3b858669976c0d581192fa168d52e130,4,"PERKINS, Tex",,True,Other/Independent,1614,36576,True
vic_la_2014,Albert Park,albert-park,general-election,https://itsitecoreblobvecprd01.blob.core.windows.net/public-files/historical-results/state2014/albertparkdistrict.html,c75a9f86e39c11fba8d491128b59b0bd3b858669976c0d581192fa168d52e130,5,"EELES, Shannon",LIBERAL,False,Coalition,15177,36576,True
vic_la_2014,Albert Park,albert-park,general-election,https://itsitecoreblobvecprd01.blob.core.windows.net/public-files/historical-results/state2014/albertparkdistrict.html,c75a9f86e39c11fba8d491128b59b0bd3b858669976c0d581192fa168d52e130,6,"COLLIS, David",AUSTRALIAN GREENS,False,Greens,6134,36576,True
vic_la_2014,Albert Park,albert-park,general-election,https://itsitecoreblobvecprd01.blob.core.windows.net/public-files/historical-results/state2014/albertparkdistrict.html,c75a9f86e39c11fba8d491128b59b0bd3b858669976c0d581192fa168d52e130,7,"GEYER, Deborah",FAMILY FIRST,False,Other/Independent,273,36576,True
vic_la_2014,Altona,altona,general-election,https://itsitecoreblobvecprd01.blob.core.windows.net/public-files/historical-results/state2014/altonadistrict.html,3d967abab5628420d3909256c7a7148db9879b8190c731a7bab4ab9b11843ded,1,"NAIN, Brijender",,True,Other/Independent,687,42085,True
vic_la_2014,Altona,altona,general-election,https://itsitecoreblobvecprd01.blob.core.windows.net/public-files/historical-results/state2014/altonadistrict.html,3d967abab5628420d3909256c7a7148db9879b8190c731a7bab4ab9b11843ded,2,"HIABU, Jemal",VOICE FOR THE WEST,False,Other/Independent,996,42085,True
vic_la_2014,Altona,altona,general-election,https://itsitecoreblobvecprd01.blob.core.windows.net/public-files/historical-results/state2014/altonadistrict.html,3d967abab5628420d3909256c7a7148db9879b8190c731a7bab4ab9b11843ded,3,"DE BONO, Chris",AUSTRALIAN GREENS,False,Greens,4220,42085,True
vic_la_2014,Altona,altona,general-election,https://itsitecoreblobvecprd01.blob.core.windows.net/public-files/historical-results/state2014/altonadistrict.html,3d967abab5628420d3909256c7a7148db9879b8190c731a7bab4ab9b11843ded,4,"O'NEILL, Anthony",AUSTRALIAN CHRISTIANS,False,Other/Independent,1085,42085,True
vic_la_2014,Altona,altona,general-election,https://itsitecoreblobvecprd01.blob.core.windows.net/public-files/historical-results/state2014/altonadistrict.html,3d967abab5628420d3909256c7a7148db9879b8190c731a7bab4ab9b11843ded,5,"SAMARA, Nihal",LIBERAL,False,Coalition,13235,42085,True
vic_la_2014,Altona,altona,general-election,https://itsitecoreblobvecprd01.blob.core.windows.net/public-files/historical-results/state2014/altonadistrict.html,3d967abab5628420d3909256c7a7148db9879b8190c731a7bab4ab9b11843ded,6,"HENNESSY, Jill",AUSTRALIAN LABOR PARTY,False,ALP,21862,42085,True
vic_la_2014,Bass,bass,general-election,https://itsitecoreblobvecprd01.blob.core.windows.net/public-files/historical-results/state2014/bassdistrict.html,40d251eff377df0f7021fccad96928fe7d7b2eaf4500fdd805a3123d9c2f1aac,1,"FAIRHURST, Ross",AUSTRALIAN GREENS,False,Greens,3613,39713,True
vic_la_2014,Bass,bass,general-election,https://itsitecoreblobvecprd01.blob.core.windows.net/public-files/historical-results/state2014/bassdistrict.html,40d251eff377df0f7021fccad96928fe7d7b2eaf4500fdd805a3123d9c2f1aac,2,"LE SERVE, Clare",,True,Other/Independent,4289,39713,True
vic_la_2014,Bass,bass,general-election,https://itsitecoreblobvecprd01.blob.core.windows.net/public-files/historical-results/state2014/bassdistrict.html,40d251eff377df0f7021fccad96928fe7d7b2eaf4500fdd805a3123d9c2f1aac,3,"REID, Paul",AUSTRALIAN CHRISTIANS,False,Other/Independent,651,39713,True
vic_la_2014,Bass,bass,general-election,https://itsitecoreblobvecprd01.blob.core.windows.net/public-files/historical-results/state2014/bassdistrict.html,40d251eff377df0f7021fccad96928fe7d7b2eaf4500fdd805a3123d9c2f1aac,4,"PAYNTER, Brian",LIBERAL,False,Coalition,18008,39713,True
vic_la_2014,Bass,bass,general-election,https://itsitecoreblobvecprd01.blob.core.windows.net/public-files/historical-results/state2014/bassdistrict.html,40d251eff377df0f7021fccad96928fe7d7b2eaf4500fdd805a3123d9c2f1aac,5,"DORIAN, Angela",RISE UP AUSTRALIA PARTY,False,Other/Independent,524,39713,True
vic_la_2014,Bass,bass,general-election,https://itsitecoreblobvecprd01.blob.core.windows.net/public-files/historical-results/state2014/bassdistrict.html,40d251eff377df0f7021fccad96928fe7d7b2eaf4500fdd805a3123d9c2f1aac,6,"NATHAN, Sanjay",AUSTRALIAN LABOR PARTY,False,ALP,11659,39713,True
vic_la_2014,Bass,bass,general-election,https://itsitecoreblobvecprd01.blob.core.windows.net/public-files/historical-results/state2014/bassdistrict.html,40d251eff377df0f7021fccad96928fe7d7b2eaf4500fdd805a3123d9c2f1aac,7,"AMOR, David",AUSTRALIAN COUNTRY ALLIANCE,False,Other/Independent,969,39713,True
vic_la_2014,Bayswater,bayswater,general-election,https://itsitecoreblobvecprd01.blob.core.windows.net/public-files/historical-results/state2014/bayswaterdistrict.html,0e01050b005a5229350fe3a93cc46a41351da9922fd51bc4741b803a20bb43fb,1,"CASS, Jeremy",AUSTRALIAN COUNTRY ALLIANCE,False,Other/Independent,583,38159,True
vic_la_2014,Bayswater,bayswater,general-election,https://itsitecoreblobvecprd01.blob.core.windows.net/public-files/historical-results/state2014/bayswaterdistrict.html,0e01050b005a5229350fe3a93cc46a41351da9922fd51bc4741b803a20bb43fb,2,"SMYTH, Robert",ANIMAL JUSTICE PARTY,False,Other/Independent,1313,38159,True
vic_la_2014,Bayswater,bayswater,general-election,https://itsitecoreblobvecprd01.blob.core.windows.net/public-files/historical-results/state2014/bayswaterdistrict.html,0e01050b005a5229350fe3a93cc46a41351da9922fd51bc4741b803a20bb43fb,3,"CONWAY, Tristan",AUSTRALIAN CHRISTIANS,False,Other/Independent,785,38159,True
vic_la_2014,Bayswater,bayswater,general-election,https://itsitecoreblobvecprd01.blob.core.windows.net/public-files/historical-results/state2014/bayswaterdistrict.html,0e01050b005a5229350fe3a93cc46a41351da9922fd51bc4741b803a20bb43fb,4,"DIB, Tony",AUSTRALIAN LABOR PARTY,False,ALP,12927,38159,True
vic_la_2014,Bayswater,bayswater,general-election,https://itsitecoreblobvecprd01.blob.core.windows.net/public-files/historical-results/state2014/bayswaterdistrict.html,0e01050b005a5229350fe3a93cc46a41351da9922fd51bc4741b803a20bb43fb,5,"TENNANT, James",AUSTRALIAN GREENS,False,Greens,3355,38159,True
vic_la_2014,Bayswater,bayswater,general-election,https://itsitecoreblobvecprd01.blob.core.windows.net/public-files/historical-results/state2014/bayswaterdistrict.html,0e01050b005a5229350fe3a93cc46a41351da9922fd51bc4741b803a20bb43fb,6,"VICTORIA, Heidi",LIBERAL,False,Coalition,18811,38159,True
vic_la_2014,Bayswater,bayswater,general-election,https://itsitecoreblobvecprd01.blob.core.windows.net/public-files/historical-results/state2014/bayswaterdistrict.html,0e01050b005a5229350fe3a93cc46a41351da9922fd51bc4741b803a20bb43fb,7,"CARBONARI, John",,True,Other/Independent,385,38159,True
vic_la_2014,Bellarine,bellarine,general-election,https://itsitecoreblobvecprd01.blob.core.windows.net/public-files/historical-results/state2014/bellarinedistrict.html,6fa8ebabcb3eaa3dfce2746ab01bb60977900cba63a9b8eb0e23bb9ad11dd496,1,"NEVILLE, Lisa",AUSTRALIAN LABOR PARTY,False,ALP,16818,38611,True
vic_la_2014,Bellarine,bellarine,general-election,https://itsitecoreblobvecprd01.blob.core.windows.net/public-files/historical-results/state2014/bellarinedistrict.html,6fa8ebabcb3eaa3dfce2746ab01bb60977900cba63a9b8eb0e23bb9ad11dd496,2,"HUNTER, Rhiannon",SEX PARTY,False,Other/Independent,631,38611,True
vic_la_2014,Bellarine,bellarine,general-election,https://itsitecoreblobvecprd01.blob.core.windows.net/public-files/historical-results/state2014/bellarinedistrict.html,6fa8ebabcb3eaa3dfce2746ab01bb60977900cba63a9b8eb0e23bb9ad11dd496,3,"PEAKE, Brenton",AUSTRALIAN GREENS,False,Greens,3639,38611,True
vic_la_2014,Bellarine,bellarine,general-election,https://itsitecoreblobvecprd01.blob.core.windows.net/public-files/historical-results/state2014/bellarinedistrict.html,6fa8ebabcb3eaa3dfce2746ab01bb60977900cba63a9b8eb0e23bb9ad11dd496,4,"NELSON, Ron",LIBERAL,False,Coalition,15678,38611,True
vic_la_2014,Bellarine,bellarine,general-election,https://itsitecoreblobvecprd01.blob.core.windows.net/public-files/historical-results/state2014/bellarinedistrict.html,6fa8ebabcb3eaa3dfce2746ab01bb60977900cba63a9b8eb0e23bb9ad11dd496,5,"KEENAN, Robert",FAMILY FIRST,False,Other/Independent,572,38611,True
vic_la_2014,Bellarine,bellarine,general-election,https://itsitecoreblobvecprd01.blob.core.windows.net/public-files/historical-results/state2014/bellarinedistrict.html,6fa8ebabcb3eaa3dfce2746ab01bb60977900cba63a9b8eb0e23bb9ad11dd496,6,"DAWSON, Christopher",RISE UP AUSTRALIA PARTY,False,Other/Independent,178,38611,True
vic_la_2014,Bellarine,bellarine,general-election,https://itsitecoreblobvecprd01.blob.core.windows.net/public-files/historical-results/state2014/bellarinedistrict.html,6fa8ebabcb3eaa3dfce2746ab01bb60977900cba63a9b8eb0e23bb9ad11dd496,7,"WILLIAMS, Joshua",SHOOTERS AND FISHERS PARTY VICTORIA,False,Other/Independent,490,38611,True
vic_la_2014,Bellarine,bellarine,general-election,https://itsitecoreblobvecprd01.blob.core.windows.net/public-files/historical-results/state2014/bellarinedistrict.html,6fa8ebabcb3eaa3dfce2746ab01bb60977900cba63a9b8eb0e23bb9ad11dd496,8,"IRVINE, John",AUSTRALIAN COUNTRY ALLIANCE,False,Other/Independent,436,38611,True
vic_la_2014,Bellarine,bellarine,general-election,https://itsitecoreblobvecprd01.blob.core.windows.net/public-files/historical-results/state2014/bellarinedistrict.html,6fa8ebabcb3eaa3dfce2746ab01bb60977900cba63a9b8eb0e23bb9ad11dd496,9,"KACINSKAS, Gus",,True,Other/Independent,169,38611,True
vic_la_2014,Benambra,benambra,general-election,https://itsitecoreblobvecprd01.blob.core.windows.net/public-files/historical-results/state2014/benambradistrict.html,d5112ecbc9593376f63d1031fec5f71d0ecefd83b2bd8451fe78a33a13678467,1,"PODESTA, Jennifer",AUSTRALIAN LABOR PARTY,False,ALP,12273,39244,True
vic_la_2014,Benambra,benambra,general-election,https://itsitecoreblobvecprd01.blob.core.windows.net/public-files/historical-results/state2014/benambradistrict.html,d5112ecbc9593376f63d1031fec5f71d0ecefd83b2bd8451fe78a33a13678467,2,"TILLEY, Bill",LIBERAL,False,Coalition,21430,39244,True
vic_la_2014,Benambra,benambra,general-election,https://itsitecoreblobvecprd01.blob.core.windows.net/public-files/historical-results/state2014/benambradistrict.html,d5112ecbc9593376f63d1031fec5f71d0ecefd83b2bd8451fe78a33a13678467,3,"ROURKE, Philip",AUSTRALIAN COUNTRY ALLIANCE,False,Other/Independent,1973,39244,True
vic_la_2014,Benambra,benambra,general-election,https://itsitecoreblobvecprd01.blob.core.windows.net/public-files/historical-results/state2014/benambradistrict.html,d5112ecbc9593376f63d1031fec5f71d0ecefd83b2bd8451fe78a33a13678467,4,"WELLARD, Richard",AUSTRALIAN GREENS,False,Greens,3568,39244,True
vic_la_2014,Bendigo East,bendigo-east,general-election,https://itsitecoreblobvecprd01.blob.core.windows.net/public-files/historical-results/state2014/bendigoeastdistrict.html,21799af4253c12ac76f637e7562b12e87d26a4059d80b4bfaf0c8d7f0ba0a166,1,"BICKLEY, Greg",LIBERAL,False,Coalition,16492,40305,True
vic_la_2014,Bendigo East,bendigo-east,general-election,https://itsitecoreblobvecprd01.blob.core.windows.net/public-files/historical-results/state2014/bendigoeastdistrict.html,21799af4253c12ac76f637e7562b12e87d26a4059d80b4bfaf0c8d7f0ba0a166,2,"DOWLING, Cameron",AUSTRALIAN COUNTRY ALLIANCE,False,Other/Independent,714,40305,True
vic_la_2014,Bendigo East,bendigo-east,general-election,https://itsitecoreblobvecprd01.blob.core.windows.net/public-files/historical-results/state2014/bendigoeastdistrict.html,21799af4253c12ac76f637e7562b12e87d26a4059d80b4bfaf0c8d7f0ba0a166,3,"BELL, Lynette Kay",RISE UP AUSTRALIA PARTY,False,Other/Independent,550,40305,True
vic_la_2014,Bendigo East,bendigo-east,general-election,https://itsitecoreblobvecprd01.blob.core.windows.net/public-files/historical-results/state2014/bendigoeastdistrict.html,21799af4253c12ac76f637e7562b12e87d26a4059d80b4bfaf0c8d7f0ba0a166,4,"ALLAN, Jacinta",AUSTRALIAN LABOR PARTY,False,ALP,18651,40305,True
vic_la_2014,Bendigo East,bendigo-east,general-election,https://itsitecoreblobvecprd01.blob.core.windows.net/public-files/historical-results/state2014/bendigoeastdistrict.html,21799af4253c12ac76f637e7562b12e87d26a4059d80b4bfaf0c8d7f0ba0a166,5,"ALDEN, Jennifer",AUSTRALIAN GREENS,False,Greens,2935,40305,True
vic_la_2014,Bendigo East,bendigo-east,general-election,https://itsitecoreblobvecprd01.blob.core.windows.net/public-files/historical-results/state2014/bendigoeastdistrict.html,21799af4253c12ac76f637e7562b12e87d26a4059d80b4bfaf0c8d7f0ba0a166,6,"BRADSHAW, Glenis",FAMILY FIRST,False,Other/Independent,963,40305,True
vic_la_2014,Bendigo West,bendigo-west,general-election,https://itsitecoreblobvecprd01.blob.core.windows.net/public-files/historical-results/state2014/bendigowestdistrict.html,36d842eafd620f06db42f7f001910cb477569251b04f41910c2216b829b8b6be,1,"MOSKALEWICZ, Amanda",FAMILY FIRST,False,Other/Independent,1311,38131,True
vic_la_2014,Bendigo West,bendigo-west,general-election,https://itsitecoreblobvecprd01.blob.core.windows.net/public-files/historical-results/state2014/bendigowestdistrict.html,36d842eafd620f06db42f7f001910cb477569251b04f41910c2216b829b8b6be,2,"LANGDON, Michael",LIBERAL,False,Coalition,12328,38131,True
vic_la_2014,Bendigo West,bendigo-west,general-election,https://itsitecoreblobvecprd01.blob.core.windows.net/public-files/historical-results/state2014/bendigowestdistrict.html,36d842eafd620f06db42f7f001910cb477569251b04f41910c2216b829b8b6be,3,"EDWARDS, Maree",AUSTRALIAN LABOR PARTY,False,ALP,18247,38131,True
vic_la_2014,Bendigo West,bendigo-west,general-election,https://itsitecoreblobvecprd01.blob.core.windows.net/public-files/historical-results/state2014/bendigowestdistrict.html,36d842eafd620f06db42f7f001910cb477569251b04f41910c2216b829b8b6be,4,"BROWNSTEIN, John",AUSTRALIAN GREENS,False,Greens,4482,38131,True
vic_la_2014,Bendigo West,bendigo-west,general-election,https://itsitecoreblobvecprd01.blob.core.windows.net/public-files/historical-results/state2014/bendigowestdistrict.html,36d842eafd620f06db42f7f001910cb477569251b04f41910c2216b829b8b6be,5,"CADDY, Sandra",RISE UP AUSTRALIA PARTY,False,Other/Independent,692,38131,True
vic_la_2014,Bendigo West,bendigo-west,general-election,https://itsitecoreblobvecprd01.blob.core.windows.net/public-files/historical-results/state2014/bendigowestdistrict.html,36d842eafd620f06db42f7f001910cb477569251b04f41910c2216b829b8b6be,6,"CHAPMAN, Elise",AUSTRALIAN COUNTRY ALLIANCE,False,Other/Independent,1071,38131,True
vic_la_2014,Bentleigh,bentleigh,general-election,https://itsitecoreblobvecprd01.blob.core.windows.net/public-files/historical-results/state2014/bentleighdistrict.html,5d9ad36111c47f4c2c625ff47a8876a59fb9b222b7001a1fea64ab65bd833bf0,1,"MULCAHY, Sean",AUSTRALIAN GREENS,False,Greens,3842,36330,True
vic_la_2014,Bentleigh,bentleigh,general-election,https://itsitecoreblobvecprd01.blob.core.windows.net/public-files/historical-results/state2014/bentleighdistrict.html,5d9ad36111c47f4c2c625ff47a8876a59fb9b222b7001a1fea64ab65bd833bf0,2,"TELEMZOUGUER, Sofia",PEOPLE POWER VICTORIA/NO SMART METERS,False,Other/Independent,260,36330,True
vic_la_2014,Bentleigh,bentleigh,general-election,https://itsitecoreblobvecprd01.blob.core.windows.net/public-files/historical-results/state2014/bentleighdistrict.html,5d9ad36111c47f4c2c625ff47a8876a59fb9b222b7001a1fea64ab65bd833bf0,3,"CLARK, David",FAMILY FIRST,False,Other/Independent,451,36330,True
vic_la_2014,Bentleigh,bentleigh,general-election,https://itsitecoreblobvecprd01.blob.core.windows.net/public-files/historical-results/state2014/bentleighdistrict.html,5d9ad36111c47f4c2c625ff47a8876a59fb9b222b7001a1fea64ab65bd833bf0,4,"McCAWLEY, Ross James",SEX PARTY,False,Other/Independent,688,36330,True
vic_la_2014,Bentleigh,bentleigh,general-election,https://itsitecoreblobvecprd01.blob.core.windows.net/public-files/historical-results/state2014/bentleighdistrict.html,5d9ad36111c47f4c2c625ff47a8876a59fb9b222b7001a1fea64ab65bd833bf0,5,"STAIKOS, Nick",AUSTRALIAN LABOR PARTY,False,ALP,14025,36330,True
vic_la_2014,Bentleigh,bentleigh,general-election,https://itsitecoreblobvecprd01.blob.core.windows.net/public-files/historical-results/state2014/bentleighdistrict.html,5d9ad36111c47f4c2c625ff47a8876a59fb9b222b7001a1fea64ab65bd833bf0,6,"OJHA, Chandra",,True,Other/Independent,271,36330,True
vic_la_2014,Bentleigh,bentleigh,general-election,https://itsitecoreblobvecprd01.blob.core.windows.net/public-files/historical-results/state2014/bentleighdistrict.html,5d9ad36111c47f4c2c625ff47a8876a59fb9b222b7001a1fea64ab65bd833bf0,7,"MOLDOVAN, Kelley",RISE UP AUSTRALIA PARTY,False,Other/Independent,124,36330,True
vic_la_2014,Bentleigh,bentleigh,general-election,https://itsitecoreblobvecprd01.blob.core.windows.net/public-files/historical-results/state2014/bentleighdistrict.html,5d9ad36111c47f4c2c625ff47a8876a59fb9b222b7001a1fea64ab65bd833bf0,8,"MILLER, Elizabeth",LIBERAL,False,Coalition,16669,36330,True
vic_la_2014,Box Hill,box-hill,general-election,https://itsitecoreblobvecprd01.blob.core.windows.net/public-files/historical-results/state2014/boxhilldistrict.html,441be87dbd6b6f202f7af5082dfa58dd443b35338d535ebaa05ba8e1fa6609b9,1,"REALE, Frank",AUSTRALIAN CHRISTIANS,False,Other/Independent,978,39005,True
vic_la_2014,Box Hill,box-hill,general-election,https://itsitecoreblobvecprd01.blob.core.windows.net/public-files/historical-results/state2014/boxhilldistrict.html,441be87dbd6b6f202f7af5082dfa58dd443b35338d535ebaa05ba8e1fa6609b9,2,"PERRI, Stefanie",AUSTRALIAN LABOR PARTY,False,ALP,11964,39005,True
vic_la_2014,Box Hill,box-hill,general-election,https://itsitecoreblobvecprd01.blob.core.windows.net/public-files/historical-results/state2014/boxhilldistrict.html,441be87dbd6b6f202f7af5082dfa58dd443b35338d535ebaa05ba8e1fa6609b9,3,"PEMBERTON, Bill",AUSTRALIAN GREENS,False,Greens,5649,39005,True
vic_la_2014,Box Hill,box-hill,general-election,https://itsitecoreblobvecprd01.blob.core.windows.net/public-files/historical-results/state2014/boxhilldistrict.html,441be87dbd6b6f202f7af5082dfa58dd443b35338d535ebaa05ba8e1fa6609b9,4,"STOKIE, Geoffrey",,True,Other/Independent,470,39005,True
vic_la_2014,Box Hill,box-hill,general-election,https://itsitecoreblobvecprd01.blob.core.windows.net/public-files/historical-results/state2014/boxhilldistrict.html,441be87dbd6b6f202f7af5082dfa58dd443b35338d535ebaa05ba8e1fa6609b9,5,"CLARK, Robert",LIBERAL,False,Coalition,19944,39005,True
vic_la_2014,Brighton,brighton,general-election,https://itsitecoreblobvecprd01.blob.core.windows.net/public-files/historical-results/state2014/brightondistrict.html,f37af7367036bf3f08c15255b019b0dc38485c0fe64bf0573b58e3037ed7e20c,1,"ASHER, Louise",LIBERAL,False,Coalition,21145,38087,True
vic_la_2014,Brighton,brighton,general-election,https://itsitecoreblobvecprd01.blob.core.windows.net/public-files/historical-results/state2014/brightondistrict.html,f37af7367036bf3f08c15255b019b0dc38485c0fe64bf0573b58e3037ed7e20c,2,"TOUZEAU, Jane",,True,Other/Independent,1350,38087,True
vic_la_2014,Brighton,brighton,general-election,https://itsitecoreblobvecprd01.blob.core.windows.net/public-files/historical-results/state2014/brightondistrict.html,f37af7367036bf3f08c15255b019b0dc38485c0fe64bf0573b58e3037ed7e20c,3,"BEAVIS, Margaret",AUSTRALIAN GREENS,False,Greens,6619,38087,True
vic_la_2014,Brighton,brighton,general-election,https://itsitecoreblobvecprd01.blob.core.windows.net/public-files/historical-results/state2014/brightondistrict.html,f37af7367036bf3f08c15255b019b0dc38485c0fe64bf0573b58e3037ed7e20c,4,"CRAWFORD, Louise",AUSTRALIAN LABOR PARTY,False,ALP,8973,38087,True
vic_la_2014,Broadmeadows,broadmeadows,general-election,https://itsitecoreblobvecprd01.blob.core.windows.net/public-files/historical-results/state2014/broadmeadowsdistrict.html,2ee53483e579ded9b6bacc3ba8e81d630c9874b9c1f405748bb076659e91af79,1,"KNIGHT, Wayne",FAMILY FIRST,False,Other/Independent,2221,33636,True
vic_la_2014,Broadmeadows,broadmeadows,general-election,https://itsitecoreblobvecprd01.blob.core.windows.net/public-files/historical-results/state2014/broadmeadowsdistrict.html,2ee53483e579ded9b6bacc3ba8e81d630c9874b9c1f405748bb076659e91af79,2,"McGUIRE, Frank",AUSTRALIAN LABOR PARTY,False,ALP,21584,33636,True
vic_la_2014,Broadmeadows,broadmeadows,general-election,https://itsitecoreblobvecprd01.blob.core.windows.net/public-files/historical-results/state2014/broadmeadowsdistrict.html,2ee53483e579ded9b6bacc3ba8e81d630c9874b9c1f405748bb076659e91af79,3,"DE LOMA-OSORIO RICON, Jaime",AUSTRALIAN GREENS,False,Greens,1884,33636,True
vic_la_2014,Broadmeadows,broadmeadows,general-election,https://itsitecoreblobvecprd01.blob.core.windows.net/public-files/historical-results/state2014/broadmeadowsdistrict.html,2ee53483e579ded9b6bacc3ba8e81d630c9874b9c1f405748bb076659e91af79,4,"HASSAN, Mohamed",VOICE FOR THE WEST,False,Other/Independent,1642,33636,True
vic_la_2014,Broadmeadows,broadmeadows,general-election,https://itsitecoreblobvecprd01.blob.core.windows.net/public-files/historical-results/state2014/broadmeadowsdistrict.html,2ee53483e579ded9b6bacc3ba8e81d630c9874b9c1f405748bb076659e91af79,5,"ONDER, Evren",LIBERAL,False,Coalition,5797,33636,True
vic_la_2014,Broadmeadows,broadmeadows,general-election,https://itsitecoreblobvecprd01.blob.core.windows.net/public-files/historical-results/state2014/broadmeadowsdistrict.html,2ee53483e579ded9b6bacc3ba8e81d630c9874b9c1f405748bb076659e91af79,6,"RINALDI, John",,True,Other/Independent,508,33636,True
vic_la_2014,Brunswick,brunswick,general-election,https://itsitecoreblobvecprd01.blob.core.windows.net/public-files/historical-results/state2014/brunswickdistrict.html,e7b56170d391c5d60fdb870cbd445e70eeb88fedaec4446d9610e5995a210b3a,1,"READ, Tim",AUSTRALIAN GREENS,False,Greens,16001,40358,True
vic_la_2014,Brunswick,brunswick,general-election,https://itsitecoreblobvecprd01.blob.core.windows.net/public-files/historical-results/state2014/brunswickdistrict.html,e7b56170d391c5d60fdb870cbd445e70eeb88fedaec4446d9610e5995a210b3a,2,"YOUNG, Ward",ANIMAL JUSTICE PARTY,False,Other/Independent,714,40358,True
vic_la_2014,Brunswick,brunswick,general-election,https://itsitecoreblobvecprd01.blob.core.windows.net/public-files/historical-results/state2014/brunswickdistrict.html,e7b56170d391c5d60fdb870cbd445e70eeb88fedaec4446d9610e5995a210b3a,3,"GIURLEO, Frank",FAMILY FIRST,False,Other/Independent,396,40358,True
vic_la_2014,Brunswick,brunswick,general-election,https://itsitecoreblobvecprd01.blob.core.windows.net/public-files/historical-results/state2014/brunswickdistrict.html,e7b56170d391c5d60fdb870cbd445e70eeb88fedaec4446d9610e5995a210b3a,4,"GARRETT, Jane",AUSTRALIAN LABOR PARTY,False,ALP,15318,40358,True
vic_la_2014,Brunswick,brunswick,general-election,https://itsitecoreblobvecprd01.blob.core.windows.net/public-files/historical-results/state2014/brunswickdistrict.html,e7b56170d391c5d60fdb870cbd445e70eeb88fedaec4446d9610e5995a210b3a,5,"O'CALLAGHAN, Dean",,True,Other/Independent,491,40358,True
vic_la_2014,Brunswick,brunswick,general-election,https://itsitecoreblobvecprd01.blob.core.windows.net/public-files/historical-results/state2014/brunswickdistrict.html,e7b56170d391c5d60fdb870cbd445e70eeb88fedaec4446d9610e5995a210b3a,6,"VELLOTTI, Giuseppe",LIBERAL,False,Coalition,6554,40358,True
vic_la_2014,Brunswick,brunswick,general-election,https://itsitecoreblobvecprd01.blob.core.windows.net/public-files/historical-results/state2014/brunswickdistrict.html,e7b56170d391c5d60fdb870cbd445e70eeb88fedaec4446d9610e5995a210b3a,7,"KARIOFYLLIDIS, Stella",PEOPLE POWER VICTORIA/NO SMART METERS,False,Other/Independent,670,40358,True
vic_la_2014,Brunswick,brunswick,general-election,https://itsitecoreblobvecprd01.blob.core.windows.net/public-files/historical-results/state2014/brunswickdistrict.html,e7b56170d391c5d60fdb870cbd445e70eeb88fedaec4446d9610e5995a210b3a,8,"PETERS, Babar",AUSTRALIAN CHRISTIANS,False,Other/Independent,214,40358,True
vic_la_2014,Bulleen,bulleen,general-election,https://itsitecoreblobvecprd01.blob.core.windows.net/public-files/historical-results/state2014/bulleendistrict.html,c7f6eceeeac0c110907d4e8cf4dde1d1e95b4e9ee0ede8b96167df09f3e40734,1,"CRONLY, Ben",AUSTRALIAN GREENS,False,Greens,3824,39118,True
vic_la_2014,Bulleen,bulleen,general-election,https://itsitecoreblobvecprd01.blob.core.windows.net/public-files/historical-results/state2014/bulleendistrict.html,c7f6eceeeac0c110907d4e8cf4dde1d1e95b4e9ee0ede8b96167df09f3e40734,2,"RUNDELL, Adam",AUSTRALIAN LABOR PARTY,False,ALP,11859,39118,True
vic_la_2014,Bulleen,bulleen,general-election,https://itsitecoreblobvecprd01.blob.core.windows.net/public-files/historical-results/state2014/bulleendistrict.html,c7f6eceeeac0c110907d4e8cf4dde1d1e95b4e9ee0ede8b96167df09f3e40734,3,"ARAPOGLOU, Eleni",AUSTRALIAN CHRISTIANS,False,Other/Independent,1452,39118,True
vic_la_2014,Bulleen,bulleen,general-election,https://itsitecoreblobvecprd01.blob.core.windows.net/public-files/historical-results/state2014/bulleendistrict.html,c7f6eceeeac0c110907d4e8cf4dde1d1e95b4e9ee0ede8b96167df09f3e40734,4,"GUY, Matthew",LIBERAL,False,Coalition,21983,39118,True
vic_la_2014,Bundoora,bundoora,general-election,https://itsitecoreblobvecprd01.blob.core.windows.net/public-files/historical-results/state2014/bundooradistrict.html,f906b9a0d3922de012e711e43849c526ff4749127b2482db737de3bb6a0025b6,1,"STANYON, Clement",AUSTRALIAN GREENS,False,Greens,3592,35380,True
vic_la_2014,Bundoora,bundoora,general-election,https://itsitecoreblobvecprd01.blob.core.windows.net/public-files/historical-results/state2014/bundooradistrict.html,f906b9a0d3922de012e711e43849c526ff4749127b2482db737de3bb6a0025b6,2,"GILL, Amita",LIBERAL,False,Coalition,11822,35380,True
vic_la_2014,Bundoora,bundoora,general-election,https://itsitecoreblobvecprd01.blob.core.windows.net/public-files/historical-results/state2014/bundooradistrict.html,f906b9a0d3922de012e711e43849c526ff4749127b2482db737de3bb6a0025b6,3,"WIDDOWSON, James",FAMILY FIRST,False,Other/Independent,1338,35380,True
vic_la_2014,Bundoora,bundoora,general-election,https://itsitecoreblobvecprd01.blob.core.windows.net/public-files/historical-results/state2014/bundooradistrict.html,f906b9a0d3922de012e711e43849c526ff4749127b2482db737de3bb6a0025b6,4,"BROOKS, Colin",AUSTRALIAN LABOR PARTY,False,ALP,18628,35380,True
vic_la_2014,Buninyong,buninyong,general-election,https://itsitecoreblobvecprd01.blob.core.windows.net/public-files/historical-results/state2014/buninyongdistrict.html,70ef254228052d6cc9598a5959fae7f91423671c19848659135f39e2352caba6,1,"SMITH, Sonia",THE NATIONALS,False,Coalition,2301,36703,True
vic_la_2014,Buninyong,buninyong,general-election,https://itsitecoreblobvecprd01.blob.core.windows.net/public-files/historical-results/state2014/buninyongdistrict.html,70ef254228052d6cc9598a5959fae7f91423671c19848659135f39e2352caba6,2,"TAYLOR, Ben",LIBERAL,False,Coalition,12829,36703,True
vic_la_2014,Buninyong,buninyong,general-election,https://itsitecoreblobvecprd01.blob.core.windows.net/public-files/historical-results/state2014/buninyongdistrict.html,70ef254228052d6cc9598a5959fae7f91423671c19848659135f39e2352caba6,3,"GEYER, Keith",FAMILY FIRST,False,Other/Independent,950,36703,True
vic_la_2014,Buninyong,buninyong,general-election,https://itsitecoreblobvecprd01.blob.core.windows.net/public-files/historical-results/state2014/buninyongdistrict.html,70ef254228052d6cc9598a5959fae7f91423671c19848659135f39e2352caba6,4,"KEAYS, James Donovan",AUSTRALIAN COUNTRY ALLIANCE,False,Other/Independent,622,36703,True
vic_la_2014,Buninyong,buninyong,general-election,https://itsitecoreblobvecprd01.blob.core.windows.net/public-files/historical-results/state2014/buninyongdistrict.html,70ef254228052d6cc9598a5959fae7f91423671c19848659135f39e2352caba6,5,"GOODFELLOW, Tony",AUSTRALIAN GREENS,False,Greens,4017,36703,True
vic_la_2014,Buninyong,buninyong,general-election,https://itsitecoreblobvecprd01.blob.core.windows.net/public-files/historical-results/state2014/buninyongdistrict.html,70ef254228052d6cc9598a5959fae7f91423671c19848659135f39e2352caba6,6,"HOWARD, Geoff",AUSTRALIAN LABOR PARTY,False,ALP,15984,36703,True
vic_la_2014,Burwood,burwood,general-election,https://itsitecoreblobvecprd01.blob.core.windows.net/public-files/historical-results/state2014/burwooddistrict.html,0ebdc8d1f4163eaeb1447750d43b6843c3f80e11db620ddff7ac96859ce99144,1,"RYAN, Gavin",AUSTRALIAN LABOR PARTY,False,ALP,12995,37761,True
vic_la_2014,Burwood,burwood,general-election,https://itsitecoreblobvecprd01.blob.core.windows.net/public-files/historical-results/state2014/burwooddistrict.html,0ebdc8d1f4163eaeb1447750d43b6843c3f80e11db620ddff7ac96859ce99144,2,"STUART, Beck",AUSTRALIAN GREENS,False,Greens,4904,37761,True
vic_la_2014,Burwood,burwood,general-election,https://itsitecoreblobvecprd01.blob.core.windows.net/public-files/historical-results/state2014/burwooddistrict.html,0ebdc8d1f4163eaeb1447750d43b6843c3f80e11db620ddff7ac96859ce99144,3,"WATT, Graham",LIBERAL,False,Coalition,18902,37761,True
vic_la_2014,Burwood,burwood,general-election,https://itsitecoreblobvecprd01.blob.core.windows.net/public-files/historical-results/state2014/burwooddistrict.html,0ebdc8d1f4163eaeb1447750d43b6843c3f80e11db620ddff7ac96859ce99144,4,"CAMPBELL, Peter",,True,Other/Independent,960,37761,True
vic_la_2014,Carrum,carrum,general-election,https://itsitecoreblobvecprd01.blob.core.windows.net/public-files/historical-results/state2014/carrumdistrict.html,a9e72e8388b6fdf30e6d98d104f111a25e376c9a08aca2c401ada75c51040f0e,1,"VERNAY, Richard",FAMILY FIRST,False,Other/Independent,1281,39425,True
vic_la_2014,Carrum,carrum,general-election,https://itsitecoreblobvecprd01.blob.core.windows.net/public-files/historical-results/state2014/carrumdistrict.html,a9e72e8388b6fdf30e6d98d104f111a25e376c9a08aca2c401ada75c51040f0e,2,"BAUER, Donna",LIBERAL,False,Coalition,17802,39425,True
vic_la_2014,Carrum,carrum,general-election,https://itsitecoreblobvecprd01.blob.core.windows.net/public-files/historical-results/state2014/carrumdistrict.html,a9e72e8388b6fdf30e6d98d104f111a25e376c9a08aca2c401ada75c51040f0e,3,"KILKENNY, Sonya",AUSTRALIAN LABOR PARTY,False,ALP,16645,39425,True
vic_la_2014,Carrum,carrum,general-election,https://itsitecoreblobvecprd01.blob.core.windows.net/public-files/historical-results/state2014/carrumdistrict.html,a9e72e8388b6fdf30e6d98d104f111a25e376c9a08aca2c401ada75c51040f0e,4,"KELSALL, Henry",AUSTRALIAN GREENS,False,Greens,2989,39425,True
vic_la_2014,Carrum,carrum,general-election,https://itsitecoreblobvecprd01.blob.core.windows.net/public-files/historical-results/state2014/carrumdistrict.html,a9e72e8388b6fdf30e6d98d104f111a25e376c9a08aca2c401ada75c51040f0e,5,"QUINN, Margaret",RISE UP AUSTRALIA PARTY,False,Other/Independent,708,39425,True
vic_la_2014,Caulfield,caulfield,general-election,https://itsitecoreblobvecprd01.blob.core.windows.net/public-files/historical-results/state2014/caulfielddistrict.html,fe51eb102e883c7fa430cad755665da2f9441fa140a61509c682c2d556353a9e,1,"MYERS, John Barry",,True,Other/Independent,488,36482,True
vic_la_2014,Caulfield,caulfield,general-election,https://itsitecoreblobvecprd01.blob.core.windows.net/public-files/historical-results/state2014/caulfielddistrict.html,fe51eb102e883c7fa430cad755665da2f9441fa140a61509c682c2d556353a9e,2,"BAXTER, Tim",AUSTRALIAN GREENS,False,Greens,5940,36482,True
vic_la_2014,Caulfield,caulfield,general-election,https://itsitecoreblobvecprd01.blob.core.windows.net/public-files/historical-results/state2014/caulfielddistrict.html,fe51eb102e883c7fa430cad755665da2f9441fa140a61509c682c2d556353a9e,3,"HORVATH, Teresa",RISE UP AUSTRALIA PARTY,False,Other/Independent,345,36482,True
vic_la_2014,Caulfield,caulfield,general-election,https://itsitecoreblobvecprd01.blob.core.windows.net/public-files/historical-results/state2014/caulfielddistrict.html,fe51eb102e883c7fa430cad755665da2f9441fa140a61509c682c2d556353a9e,4,"BURNS, Josh",AUSTRALIAN LABOR PARTY,False,ALP,10849,36482,True
vic_la_2014,Caulfield,caulfield,general-election,https://itsitecoreblobvecprd01.blob.core.windows.net/public-files/historical-results/state2014/caulfielddistrict.html,fe51eb102e883c7fa430cad755665da2f9441fa140a61509c682c2d556353a9e,5,"SOUTHWICK, David",LIBERAL,False,Coalition,18860,36482,True
vic_la_2014,Clarinda,clarinda,general-election,https://itsitecoreblobvecprd01.blob.core.windows.net/public-files/historical-results/state2014/clarindadistrict.html,82391741cdb4ad66be30c6c0955ab616ba1e4c9adc662fd4fb8480804ccc2ac8,1,"TALBOT-KAMOEN, James",AUSTRALIAN GREENS,False,Greens,4254,37700,True
vic_la_2014,Clarinda,clarinda,general-election,https://itsitecoreblobvecprd01.blob.core.windows.net/public-files/historical-results/state2014/clarindadistrict.html,82391741cdb4ad66be30c6c0955ab616ba1e4c9adc662fd4fb8480804ccc2ac8,2,"LIM, Hong",AUSTRALIAN LABOR PARTY,False,ALP,20082,37700,True
vic_la_2014,Clarinda,clarinda,general-election,https://itsitecoreblobvecprd01.blob.core.windows.net/public-files/historical-results/state2014/clarindadistrict.html,82391741cdb4ad66be30c6c0955ab616ba1e4c9adc662fd4fb8480804ccc2ac8,3,"MARINIS, James",,True,Other/Independent,1035,37700,True
vic_la_2014,Clarinda,clarinda,general-election,https://itsitecoreblobvecprd01.blob.core.windows.net/public-files/historical-results/state2014/clarindadistrict.html,82391741cdb4ad66be30c6c0955ab616ba1e4c9adc662fd4fb8480804ccc2ac8,4,"BEVINAKOPPA, Gandhi",LIBERAL,False,Coalition,10986,37700,True
vic_la_2014,Clarinda,clarinda,general-election,https://itsitecoreblobvecprd01.blob.core.windows.net/public-files/historical-results/state2014/clarindadistrict.html,82391741cdb4ad66be30c6c0955ab616ba1e4c9adc662fd4fb8480804ccc2ac8,5,"VASSILIOU, Melanie",RISE UP AUSTRALIA PARTY,False,Other/Independent,1343,37700,True
vic_la_2014,Cranbourne,cranbourne,general-election,https://itsitecoreblobvecprd01.blob.core.windows.net/public-files/historical-results/state2014/cranbournedistrict.html,8a184efe33fa482c66dfcf5332899380bd87d5801f2fbdd760aed54953421fbe,1,"ELI, Jonathan Willie",RISE UP AUSTRALIA PARTY,False,Other/Independent,995,40037,True
vic_la_2014,Cranbourne,cranbourne,general-election,https://itsitecoreblobvecprd01.blob.core.windows.net/public-files/historical-results/state2014/cranbournedistrict.html,8a184efe33fa482c66dfcf5332899380bd87d5801f2fbdd760aed54953421fbe,2,"PERERA, Jude",AUSTRALIAN LABOR PARTY,False,ALP,17365,40037,True
vic_la_2014,Cranbourne,cranbourne,general-election,https://itsitecoreblobvecprd01.blob.core.windows.net/public-files/historical-results/state2014/cranbournedistrict.html,8a184efe33fa482c66dfcf5332899380bd87d5801f2fbdd760aed54953421fbe,3,"ABLETT, Geoff",LIBERAL,False,Coalition,16536,40037,True
vic_la_2014,Cranbourne,cranbourne,general-election,https://itsitecoreblobvecprd01.blob.core.windows.net/public-files/historical-results/state2014/cranbournedistrict.html,8a184efe33fa482c66dfcf5332899380bd87d5801f2fbdd760aed54953421fbe,4,"BLAKE, Rosemary",,True,Other/Independent,824,40037,True
vic_la_2014,Cranbourne,cranbourne,general-election,https://itsitecoreblobvecprd01.blob.core.windows.net/public-files/historical-results/state2014/cranbournedistrict.html,8a184efe33fa482c66dfcf5332899380bd87d5801f2fbdd760aed54953421fbe,5,"NAYAK, Nagaraj",AUSTRALIAN GREENS,False,Greens,1668,40037,True
vic_la_2014,Cranbourne,cranbourne,general-election,https://itsitecoreblobvecprd01.blob.core.windows.net/public-files/historical-results/state2014/cranbournedistrict.html,8a184efe33fa482c66dfcf5332899380bd87d5801f2fbdd760aed54953421fbe,6,"KEENAN, Pamela",FAMILY FIRST,False,Other/Independent,979,40037,True
vic_la_2014,Cranbourne,cranbourne,general-election,https://itsitecoreblobvecprd01.blob.core.windows.net/public-files/historical-results/state2014/cranbournedistrict.html,8a184efe33fa482c66dfcf5332899380bd87d5801f2fbdd760aed54953421fbe,7,"GRAHAM, Laith",SEX PARTY,False,Other/Independent,1110,40037,True
vic_la_2014,Cranbourne,cranbourne,general-election,https://itsitecoreblobvecprd01.blob.core.windows.net/public-files/historical-results/state2014/cranbournedistrict.html,8a184efe33fa482c66dfcf5332899380bd87d5801f2fbdd760aed54953421fbe,8,"MICHAEL, Rania",AUSTRALIAN CHRISTIANS,False,Other/Independent,560,40037,True
vic_la_2014,Croydon,croydon,general-election,https://itsitecoreblobvecprd01.blob.core.windows.net/public-files/historical-results/state2014/croydondistrict.html,c0213db760393799de9223698b3be7030ba1f4ca1937d9bf6ddf56ec07bf5990,1,"BARCLAY, Sarah",AUSTRALIAN COUNTRY ALLIANCE,False,Other/Independent,869,36863,True
vic_la_2014,Croydon,croydon,general-election,https://itsitecoreblobvecprd01.blob.core.windows.net/public-files/historical-results/state2014/croydondistrict.html,c0213db760393799de9223698b3be7030ba1f4ca1937d9bf6ddf56ec07bf5990,2,"BROWN, Mike",AUSTRALIAN CHRISTIANS,False,Other/Independent,1033,36863,True
vic_la_2014,Croydon,croydon,general-election,https://itsitecoreblobvecprd01.blob.core.windows.net/public-files/historical-results/state2014/croydondistrict.html,c0213db760393799de9223698b3be7030ba1f4ca1937d9bf6ddf56ec07bf5990,3,"FIELDING, Lesley",AUSTRALIAN LABOR PARTY,False,ALP,11352,36863,True
vic_la_2014,Croydon,croydon,general-election,https://itsitecoreblobvecprd01.blob.core.windows.net/public-files/historical-results/state2014/croydondistrict.html,c0213db760393799de9223698b3be7030ba1f4ca1937d9bf6ddf56ec07bf5990,4,"MARTIN, Joel",,True,Other/Independent,539,36863,True
vic_la_2014,Croydon,croydon,general-election,https://itsitecoreblobvecprd01.blob.core.windows.net/public-files/historical-results/state2014/croydondistrict.html,c0213db760393799de9223698b3be7030ba1f4ca1937d9bf6ddf56ec07bf5990,5,"HODGETT, David",LIBERAL,False,Coalition,19797,36863,True
vic_la_2014,Croydon,croydon,general-election,https://itsitecoreblobvecprd01.blob.core.windows.net/public-files/historical-results/state2014/croydondistrict.html,c0213db760393799de9223698b3be7030ba1f4ca1937d9bf6ddf56ec07bf5990,6,"WILD, Jill",AUSTRALIAN GREENS,False,Greens,3273,36863,True
vic_la_2014,Dandenong,dandenong,general-election,https://itsitecoreblobvecprd01.blob.core.windows.net/public-files/historical-results/state2014/dandenongdistrict.html,8a46a0fb28533e6e295d34451990fc7976391ea0ab98eeda8e7e415f1299fc3b,1,"WALKER, Noelle",FAMILY FIRST,False,Other/Independent,2097,33858,True
vic_la_2014,Dandenong,dandenong,general-election,https://itsitecoreblobvecprd01.blob.core.windows.net/public-files/historical-results/state2014/dandenongdistrict.html,8a46a0fb28533e6e295d34451990fc7976391ea0ab98eeda8e7e415f1299fc3b,2,"KING, Carlton John",RISE UP AUSTRALIA PARTY,False,Other/Independent,950,33858,True
vic_la_2014,Dandenong,dandenong,general-election,https://itsitecoreblobvecprd01.blob.core.windows.net/public-files/historical-results/state2014/dandenongdistrict.html,8a46a0fb28533e6e295d34451990fc7976391ea0ab98eeda8e7e415f1299fc3b,3,"GULZARI, John",AUSTRALIAN GREENS,False,Greens,2611,33858,True
vic_la_2014,Dandenong,dandenong,general-election,https://itsitecoreblobvecprd01.blob.core.windows.net/public-files/historical-results/state2014/dandenongdistrict.html,8a46a0fb28533e6e295d34451990fc7976391ea0ab98eeda8e7e415f1299fc3b,4,"PALATSIDES, Joanna",LIBERAL,False,Coalition,9809,33858,True
vic_la_2014,Dandenong,dandenong,general-election,https://itsitecoreblobvecprd01.blob.core.windows.net/public-files/historical-results/state2014/dandenongdistrict.html,8a46a0fb28533e6e295d34451990fc7976391ea0ab98eeda8e7e415f1299fc3b,5,"WILLIAMS, Gabrielle",AUSTRALIAN LABOR PARTY,False,ALP,17891,33858,True
vic_la_2014,Dandenong,dandenong,general-election,https://itsitecoreblobvecprd01.blob.core.windows.net/public-files/historical-results/state2014/dandenongdistrict.html,8a46a0fb28533e6e295d34451990fc7976391ea0ab98eeda8e7e415f1299fc3b,6,"KEY, Dale Anthony",,True,Other/Independent,500,33858,True
vic_la_2014,Eildon,eildon,general-election,https://itsitecoreblobvecprd01.blob.core.windows.net/public-files/historical-results/state2014/eildondistrict.html,850f699b2ffa679a9a149ef539529672cbd19a7f4e66c7f5c7139484787b2be3,1,"LEAKE, Jeff",AUSTRALIAN COUNTRY ALLIANCE,False,Other/Independent,1208,37007,True
vic_la_2014,Eildon,eildon,general-election,https://itsitecoreblobvecprd01.blob.core.windows.net/public-files/historical-results/state2014/eildondistrict.html,850f699b2ffa679a9a149ef539529672cbd19a7f4e66c7f5c7139484787b2be3,2,"PRENTICE, David",FAMILY FIRST,False,Other/Independent,883,37007,True
vic_la_2014,Eildon,eildon,general-election,https://itsitecoreblobvecprd01.blob.core.windows.net/public-files/historical-results/state2014/eildondistrict.html,850f699b2ffa679a9a149ef539529672cbd19a7f4e66c7f5c7139484787b2be3,3,"ARGYLE, Bruce",,True,Other/Independent,1172,37007,True
vic_la_2014,Eildon,eildon,general-election,https://itsitecoreblobvecprd01.blob.core.windows.net/public-files/historical-results/state2014/eildondistrict.html,850f699b2ffa679a9a149ef539529672cbd19a7f4e66c7f5c7139484787b2be3,4,"SELLSTROM, Marie",AUSTRALIAN GREENS,False,Greens,4323,37007,True
vic_la_2014,Eildon,eildon,general-election,https://itsitecoreblobvecprd01.blob.core.windows.net/public-files/historical-results/state2014/eildondistrict.html,850f699b2ffa679a9a149ef539529672cbd19a7f4e66c7f5c7139484787b2be3,5,"BRENNAN, Sally",AUSTRALIAN LABOR PARTY,False,ALP,10375,37007,True
vic_la_2014,Eildon,eildon,general-election,https://itsitecoreblobvecprd01.blob.core.windows.net/public-files/historical-results/state2014/eildondistrict.html,850f699b2ffa679a9a149ef539529672cbd19a7f4e66c7f5c7139484787b2be3,6,"CHILD, Jim",THE NATIONALS,False,Coalition,2253,37007,True
vic_la_2014,Eildon,eildon,general-election,https://itsitecoreblobvecprd01.blob.core.windows.net/public-files/historical-results/state2014/eildondistrict.html,850f699b2ffa679a9a149ef539529672cbd19a7f4e66c7f5c7139484787b2be3,7,"JUDD, Jane M.",,True,Other/Independent,723,37007,True
vic_la_2014,Eildon,eildon,general-election,https://itsitecoreblobvecprd01.blob.core.windows.net/public-files/historical-results/state2014/eildondistrict.html,850f699b2ffa679a9a149ef539529672cbd19a7f4e66c7f5c7139484787b2be3,8,"McLEISH, Cindy",LIBERAL,False,Coalition,16070,37007,True
vic_la_2014,Eltham,eltham,general-election,https://itsitecoreblobvecprd01.blob.core.windows.net/public-files/historical-results/state2014/elthamdistrict.html,a2b23fbacadeb22a3e69dc0feec5dc4d850b9db7ac4988299367b26993ad668e,1,"BYRNE, Chris",,True,Other/Independent,555,40342,True
vic_la_2014,Eltham,eltham,general-election,https://itsitecoreblobvecprd01.blob.core.windows.net/public-files/historical-results/state2014/elthamdistrict.html,a2b23fbacadeb22a3e69dc0feec5dc4d850b9db7ac4988299367b26993ad668e,2,"BRIFFA, Steven",LIBERAL,False,Coalition,17727,40342,True
vic_la_2014,Eltham,eltham,general-election,https://itsitecoreblobvecprd01.blob.core.windows.net/public-files/historical-results/state2014/elthamdistrict.html,a2b23fbacadeb22a3e69dc0feec5dc4d850b9db7ac4988299367b26993ad668e,3,"FENN, Janna",FAMILY FIRST,False,Other/Independent,490,40342,True
vic_la_2014,Eltham,eltham,general-election,https://itsitecoreblobvecprd01.blob.core.windows.net/public-files/historical-results/state2014/elthamdistrict.html,a2b23fbacadeb22a3e69dc0feec5dc4d850b9db7ac4988299367b26993ad668e,4,"JANSON, Michael",AUSTRALIAN CHRISTIANS,False,Other/Independent,345,40342,True
vic_la_2014,Eltham,eltham,general-election,https://itsitecoreblobvecprd01.blob.core.windows.net/public-files/historical-results/state2014/elthamdistrict.html,a2b23fbacadeb22a3e69dc0feec5dc4d850b9db7ac4988299367b26993ad668e,5,"WARD, Vicki",AUSTRALIAN LABOR PARTY,False,ALP,16374,40342,True
vic_la_2014,Eltham,eltham,general-election,https://itsitecoreblobvecprd01.blob.core.windows.net/public-files/historical-results/state2014/elthamdistrict.html,a2b23fbacadeb22a3e69dc0feec5dc4d850b9db7ac4988299367b26993ad668e,6,"SHNOOKAL, Liezl",AUSTRALIAN GREENS,False,Greens,4600,40342,True
vic_la_2014,Eltham,eltham,general-election,https://itsitecoreblobvecprd01.blob.core.windows.net/public-files/historical-results/state2014/elthamdistrict.html,a2b23fbacadeb22a3e69dc0feec5dc4d850b9db7ac4988299367b26993ad668e,7,"EBERT, Ryan",,True,Other/Independent,251,40342,True
vic_la_2014,Essendon,essendon,general-election,https://itsitecoreblobvecprd01.blob.core.windows.net/public-files/historical-results/state2014/essendondistrict.html,ed865baa92df7b5d85f4bc0cc15fa10364150aa22ea37b588980b7a8e841c82c,1,"LAWRENCE, Richard",,True,Other/Independent,1326,39183,True
vic_la_2014,Essendon,essendon,general-election,https://itsitecoreblobvecprd01.blob.core.windows.net/public-files/historical-results/state2014/essendondistrict.html,ed865baa92df7b5d85f4bc0cc15fa10364150aa22ea37b588980b7a8e841c82c,2,"WAITE, Ashley",AUSTRALIAN GREENS,False,Greens,7065,39183,True
vic_la_2014,Essendon,essendon,general-election,https://itsitecoreblobvecprd01.blob.core.windows.net/public-files/historical-results/state2014/essendondistrict.html,ed865baa92df7b5d85f4bc0cc15fa10364150aa22ea37b588980b7a8e841c82c,3,"MENDEZ, Mario Antonio",VOICE FOR THE WEST,False,Other/Independent,714,39183,True
vic_la_2014,Essendon,essendon,general-election,https://itsitecoreblobvecprd01.blob.core.windows.net/public-files/historical-results/state2014/essendondistrict.html,ed865baa92df7b5d85f4bc0cc15fa10364150aa22ea37b588980b7a8e841c82c,4,"ACKERMAN, Fred",LIBERAL,False,Coalition,14052,39183,True
vic_la_2014,Essendon,essendon,general-election,https://itsitecoreblobvecprd01.blob.core.windows.net/public-files/historical-results/state2014/essendondistrict.html,ed865baa92df7b5d85f4bc0cc15fa10364150aa22ea37b588980b7a8e841c82c,5,"PEARSON, Danny",AUSTRALIAN LABOR PARTY,False,ALP,16026,39183,True
vic_la_2014,Euroa,euroa,general-election,https://itsitecoreblobvecprd01.blob.core.windows.net/public-files/historical-results/state2014/euroadistrict.html,0e50a39cd850ae4c19c90e11e8f6f9ae8879a8bfa984f5c8392e3719a84055b8,1,"WINZER, Julie-Anne",FAMILY FIRST,False,Other/Independent,1307,41031,True
vic_la_2014,Euroa,euroa,general-election,https://itsitecoreblobvecprd01.blob.core.windows.net/public-files/historical-results/state2014/euroadistrict.html,0e50a39cd850ae4c19c90e11e8f6f9ae8879a8bfa984f5c8392e3719a84055b8,2,"RYAN, Steph",THE NATIONALS,False,Coalition,14494,41031,True
vic_la_2014,Euroa,euroa,general-election,https://itsitecoreblobvecprd01.blob.core.windows.net/public-files/historical-results/state2014/euroadistrict.html,0e50a39cd850ae4c19c90e11e8f6f9ae8879a8bfa984f5c8392e3719a84055b8,3,"SCHNEIDER, Tony",LIBERAL,False,Coalition,10454,41031,True
vic_la_2014,Euroa,euroa,general-election,https://itsitecoreblobvecprd01.blob.core.windows.net/public-files/historical-results/state2014/euroadistrict.html,0e50a39cd850ae4c19c90e11e8f6f9ae8879a8bfa984f5c8392e3719a84055b8,4,"ADAMS, Lisa",AUSTRALIAN COUNTRY ALLIANCE,False,Other/Independent,1238,41031,True
vic_la_2014,Euroa,euroa,general-election,https://itsitecoreblobvecprd01.blob.core.windows.net/public-files/historical-results/state2014/euroadistrict.html,0e50a39cd850ae4c19c90e11e8f6f9ae8879a8bfa984f5c8392e3719a84055b8,5,"MALCOLM, Clare Louise",AUSTRALIAN LABOR PARTY,False,ALP,11428,41031,True
vic_la_2014,Euroa,euroa,general-election,https://itsitecoreblobvecprd01.blob.core.windows.net/public-files/historical-results/state2014/euroadistrict.html,0e50a39cd850ae4c19c90e11e8f6f9ae8879a8bfa984f5c8392e3719a84055b8,6,"ROBERTS, Simon",AUSTRALIAN GREENS,False,Greens,2110,41031,True
vic_la_2014,Evelyn,evelyn,general-election,https://itsitecoreblobvecprd01.blob.core.windows.net/public-files/historical-results/state2014/evelyndistrict.html,4ea7219401d3dafbb5881a8e926fcb6d1a36cb609f8fda9706bac32966ecbc68,1,"WILLIAMS, Glenn",AUSTRALIAN COUNTRY ALLIANCE,False,Other/Independent,905,35977,True
vic_la_2014,Evelyn,evelyn,general-election,https://itsitecoreblobvecprd01.blob.core.windows.net/public-files/historical-results/state2014/evelyndistrict.html,4ea7219401d3dafbb5881a8e926fcb6d1a36cb609f8fda9706bac32966ecbc68,2,"FYFFE, Christine",LIBERAL,False,Coalition,19258,35977,True
vic_la_2014,Evelyn,evelyn,general-election,https://itsitecoreblobvecprd01.blob.core.windows.net/public-files/historical-results/state2014/evelyndistrict.html,4ea7219401d3dafbb5881a8e926fcb6d1a36cb609f8fda9706bac32966ecbc68,3,"MCALEER, Anthony",,True,Other/Independent,447,35977,True
vic_la_2014,Evelyn,evelyn,general-election,https://itsitecoreblobvecprd01.blob.core.windows.net/public-files/historical-results/state2014/evelyndistrict.html,4ea7219401d3dafbb5881a8e926fcb6d1a36cb609f8fda9706bac32966ecbc68,4,"BETTS, Sandra",AUSTRALIAN GREENS,False,Greens,2393,35977,True
vic_la_2014,Evelyn,evelyn,general-election,https://itsitecoreblobvecprd01.blob.core.windows.net/public-files/historical-results/state2014/evelyndistrict.html,4ea7219401d3dafbb5881a8e926fcb6d1a36cb609f8fda9706bac32966ecbc68,5,"HARRIS, Peter",AUSTRALIAN LABOR PARTY,False,ALP,11588,35977,True
vic_la_2014,Evelyn,evelyn,general-election,https://itsitecoreblobvecprd01.blob.core.windows.net/public-files/historical-results/state2014/evelyndistrict.html,4ea7219401d3dafbb5881a8e926fcb6d1a36cb609f8fda9706bac32966ecbc68,6,"de PYLE, Damien",AUSTRALIAN CHRISTIANS,False,Other/Independent,1115,35977,True
vic_la_2014,Evelyn,evelyn,general-election,https://itsitecoreblobvecprd01.blob.core.windows.net/public-files/historical-results/state2014/evelyndistrict.html,4ea7219401d3dafbb5881a8e926fcb6d1a36cb609f8fda9706bac32966ecbc68,7,"MOBSBY, Lawrence Irwin",,True,Other/Independent,271,35977,True
vic_la_2014,Ferntree Gully,ferntree-gully,general-election,https://itsitecoreblobvecprd01.blob.core.windows.net/public-files/historical-results/state2014/ferntreegullydistrict.html,630eb33d433a3d0144f9f7c82f0aed6b667fd3029663402293bab34867b381ec,1,"RAYMOND, Steve",AUSTRALIAN GREENS,False,Greens,3329,36471,True
vic_la_2014,Ferntree Gully,ferntree-gully,general-election,https://itsitecoreblobvecprd01.blob.core.windows.net/public-files/historical-results/state2014/ferntreegullydistrict.html,630eb33d433a3d0144f9f7c82f0aed6b667fd3029663402293bab34867b381ec,2,"ROYTEL, Robert",AUSTRALIAN CHRISTIANS,False,Other/Independent,955,36471,True
vic_la_2014,Ferntree Gully,ferntree-gully,general-election,https://itsitecoreblobvecprd01.blob.core.windows.net/public-files/historical-results/state2014/ferntreegullydistrict.html,630eb33d433a3d0144f9f7c82f0aed6b667fd3029663402293bab34867b381ec,3,"POSETTI, Matt",AUSTRALIAN LABOR PARTY,False,ALP,12081,36471,True
vic_la_2014,Ferntree Gully,ferntree-gully,general-election,https://itsitecoreblobvecprd01.blob.core.windows.net/public-files/historical-results/state2014/ferntreegullydistrict.html,630eb33d433a3d0144f9f7c82f0aed6b667fd3029663402293bab34867b381ec,4,"WULF, Russell",AUSTRALIAN COUNTRY ALLIANCE,False,Other/Independent,465,36471,True
vic_la_2014,Ferntree Gully,ferntree-gully,general-election,https://itsitecoreblobvecprd01.blob.core.windows.net/public-files/historical-results/state2014/ferntreegullydistrict.html,630eb33d433a3d0144f9f7c82f0aed6b667fd3029663402293bab34867b381ec,5,"WAKELING, Nick",LIBERAL,False,Coalition,19641,36471,True
vic_la_2014,Footscray,footscray,general-election,https://itsitecoreblobvecprd01.blob.core.windows.net/public-files/historical-results/state2014/footscraydistrict.html,205c3fea820f0b8dd1fce4e8229f4ffb533643b31e317a731f53f0cf8ebe4328,1,"SWIFT, Rod",AUSTRALIAN GREENS,False,Greens,6682,38867,True
vic_la_2014,Footscray,footscray,general-election,https://itsitecoreblobvecprd01.blob.core.windows.net/public-files/historical-results/state2014/footscraydistrict.html,205c3fea820f0b8dd1fce4e8229f4ffb533643b31e317a731f53f0cf8ebe4328,2,"CUMMING, Catherine",,True,Other/Independent,2985,38867,True
vic_la_2014,Footscray,footscray,general-election,https://itsitecoreblobvecprd01.blob.core.windows.net/public-files/historical-results/state2014/footscraydistrict.html,205c3fea820f0b8dd1fce4e8229f4ffb533643b31e317a731f53f0cf8ebe4328,3,"VU, Kim",LIBERAL,False,Coalition,10386,38867,True
vic_la_2014,Footscray,footscray,general-election,https://itsitecoreblobvecprd01.blob.core.windows.net/public-files/historical-results/state2014/footscraydistrict.html,205c3fea820f0b8dd1fce4e8229f4ffb533643b31e317a731f53f0cf8ebe4328,4,"THOMSON, Marsha",AUSTRALIAN LABOR PARTY,False,ALP,17542,38867,True
vic_la_2014,Footscray,footscray,general-election,https://itsitecoreblobvecprd01.blob.core.windows.net/public-files/historical-results/state2014/footscraydistrict.html,205c3fea820f0b8dd1fce4e8229f4ffb533643b31e317a731f53f0cf8ebe4328,5,"BETTS, Ken",VOICE FOR THE WEST,False,Other/Independent,1272,38867,True
vic_la_2014,Forest Hill,forest-hill,general-election,https://itsitecoreblobvecprd01.blob.core.windows.net/public-files/historical-results/state2014/foresthilldistrict.html,e7e47d266e3804013dd666c5408632ccc40320e761b2e86fbfe723e098b2fc6d,1,"ROGERS, Kane",ANIMAL JUSTICE PARTY,False,Other/Independent,999,36892,True
vic_la_2014,Forest Hill,forest-hill,general-election,https://itsitecoreblobvecprd01.blob.core.windows.net/public-files/historical-results/state2014/foresthilldistrict.html,e7e47d266e3804013dd666c5408632ccc40320e761b2e86fbfe723e098b2fc6d,2,"TROTTER, Melissa",AUSTRALIAN COUNTRY ALLIANCE,False,Other/Independent,211,36892,True
vic_la_2014,Forest Hill,forest-hill,general-election,https://itsitecoreblobvecprd01.blob.core.windows.net/public-files/historical-results/state2014/foresthilldistrict.html,e7e47d266e3804013dd666c5408632ccc40320e761b2e86fbfe723e098b2fc6d,3,"ANGUS, Neil",LIBERAL,False,Coalition,18340,36892,True
vic_la_2014,Forest Hill,forest-hill,general-election,https://itsitecoreblobvecprd01.blob.core.windows.net/public-files/historical-results/state2014/foresthilldistrict.html,e7e47d266e3804013dd666c5408632ccc40320e761b2e86fbfe723e098b2fc6d,4,"RICHARDS, Pauline",AUSTRALIAN LABOR PARTY,False,ALP,12984,36892,True
vic_la_2014,Forest Hill,forest-hill,general-election,https://itsitecoreblobvecprd01.blob.core.windows.net/public-files/historical-results/state2014/foresthilldistrict.html,e7e47d266e3804013dd666c5408632ccc40320e761b2e86fbfe723e098b2fc6d,5,"ATKINSON, Brewis",AUSTRALIAN GREENS,False,Greens,3289,36892,True
vic_la_2014,Forest Hill,forest-hill,general-election,https://itsitecoreblobvecprd01.blob.core.windows.net/public-files/historical-results/state2014/foresthilldistrict.html,e7e47d266e3804013dd666c5408632ccc40320e761b2e86fbfe723e098b2fc6d,6,"MADDISON, Lynne",AUSTRALIAN CHRISTIANS,False,Other/Independent,561,36892,True
vic_la_2014,Forest Hill,forest-hill,general-election,https://itsitecoreblobvecprd01.blob.core.windows.net/public-files/historical-results/state2014/foresthilldistrict.html,e7e47d266e3804013dd666c5408632ccc40320e761b2e86fbfe723e098b2fc6d,7,"ROSS, Wendy",FAMILY FIRST,False,Other/Independent,508,36892,True
vic_la_2014,Frankston,frankston,general-election,https://itsitecoreblobvecprd01.blob.core.windows.net/public-files/historical-results/state2014/frankstondistrict.html,e6acca82e35bcfd96745cc24570c041a53ea9412cbd477686c5b4c8e40a39f33,1,"ARMISTEAD, Sean",LIBERAL,False,Coalition,12542,34994,True
vic_la_2014,Frankston,frankston,general-election,https://itsitecoreblobvecprd01.blob.core.windows.net/public-files/historical-results/state2014/frankstondistrict.html,e6acca82e35bcfd96745cc24570c041a53ea9412cbd477686c5b4c8e40a39f33,2,"WALLACE, Anthony",AUSTRALIAN CHRISTIANS,False,Other/Independent,308,34994,True
vic_la_2014,Frankston,frankston,general-election,https://itsitecoreblobvecprd01.blob.core.windows.net/public-files/historical-results/state2014/frankstondistrict.html,e6acca82e35bcfd96745cc24570c041a53ea9412cbd477686c5b4c8e40a39f33,3,"TOSCANO, Joseph",,True,Other/Independent,140,34994,True
vic_la_2014,Frankston,frankston,general-election,https://itsitecoreblobvecprd01.blob.core.windows.net/public-files/historical-results/state2014/frankstondistrict.html,e6acca82e35bcfd96745cc24570c041a53ea9412cbd477686c5b4c8e40a39f33,4,"SWAIN, Jeanette",AUSTRALIAN GREENS,False,Greens,2790,34994,True
vic_la_2014,Frankston,frankston,general-election,https://itsitecoreblobvecprd01.blob.core.windows.net/public-files/historical-results/state2014/frankstondistrict.html,e6acca82e35bcfd96745cc24570c041a53ea9412cbd477686c5b4c8e40a39f33,5,"NICHOLLS, Alan",PEOPLE POWER VICTORIA/NO SMART METERS,False,Other/Independent,158,34994,True
vic_la_2014,Frankston,frankston,general-election,https://itsitecoreblobvecprd01.blob.core.windows.net/public-files/historical-results/state2014/frankstondistrict.html,e6acca82e35bcfd96745cc24570c041a53ea9412cbd477686c5b4c8e40a39f33,6,"MILLER, Jamie",SEX PARTY,False,Other/Independent,972,34994,True
vic_la_2014,Frankston,frankston,general-election,https://itsitecoreblobvecprd01.blob.core.windows.net/public-files/historical-results/state2014/frankstondistrict.html,e6acca82e35bcfd96745cc24570c041a53ea9412cbd477686c5b4c8e40a39f33,7,"TOOTELL, Marianne",,True,Other/Independent,87,34994,True
vic_la_2014,Frankston,frankston,general-election,https://itsitecoreblobvecprd01.blob.core.windows.net/public-files/historical-results/state2014/frankstondistrict.html,e6acca82e35bcfd96745cc24570c041a53ea9412cbd477686c5b4c8e40a39f33,8,"EDBROOKE, Paul",AUSTRALIAN LABOR PARTY,False,ALP,12241,34994,True
vic_la_2014,Frankston,frankston,general-election,https://itsitecoreblobvecprd01.blob.core.windows.net/public-files/historical-results/state2014/frankstondistrict.html,e6acca82e35bcfd96745cc24570c041a53ea9412cbd477686c5b4c8e40a39f33,9,"SMITH, Reade",,True,Other/Independent,179,34994,True
vic_la_2014,Frankston,frankston,general-election,https://itsitecoreblobvecprd01.blob.core.windows.net/public-files/historical-results/state2014/frankstondistrict.html,e6acca82e35bcfd96745cc24570c041a53ea9412cbd477686c5b4c8e40a39f33,10,"BREEN, Jerome",,True,Other/Independent,311,34994,True
vic_la_2014,Frankston,frankston,general-election,https://itsitecoreblobvecprd01.blob.core.windows.net/public-files/historical-results/state2014/frankstondistrict.html,e6acca82e35bcfd96745cc24570c041a53ea9412cbd477686c5b4c8e40a39f33,11,"MASON, Paul",FAMILY FIRST,False,Other/Independent,415,34994,True
vic_la_2014,Frankston,frankston,general-election,https://itsitecoreblobvecprd01.blob.core.windows.net/public-files/historical-results/state2014/frankstondistrict.html,e6acca82e35bcfd96745cc24570c041a53ea9412cbd477686c5b4c8e40a39f33,12,"SHAW, Geoff",,True,Other/Independent,4514,34994,True
vic_la_2014,Frankston,frankston,general-election,https://itsitecoreblobvecprd01.blob.core.windows.net/public-files/historical-results/state2014/frankstondistrict.html,e6acca82e35bcfd96745cc24570c041a53ea9412cbd477686c5b4c8e40a39f33,13,"VOGT, Mervyn K.",,True,Other/Independent,125,34994,True
vic_la_2014,Frankston,frankston,general-election,https://itsitecoreblobvecprd01.blob.core.windows.net/public-files/historical-results/state2014/frankstondistrict.html,e6acca82e35bcfd96745cc24570c041a53ea9412cbd477686c5b4c8e40a39f33,14,"TREGENZA, Lin",RISE UP AUSTRALIA PARTY,False,Other/Independent,212,34994,True
vic_la_2014,Geelong,geelong,general-election,https://itsitecoreblobvecprd01.blob.core.windows.net/public-files/historical-results/state2014/geelongdistrict.html,7f865a8b1649ded1270db2c813069a865b421d0fc53d8b1de9b9f44a03cc80f1,1,"PEGAN, Pedro",SHOOTERS AND FISHERS PARTY VICTORIA,False,Other/Independent,1021,40255,True
vic_la_2014,Geelong,geelong,general-election,https://itsitecoreblobvecprd01.blob.core.windows.net/public-files/historical-results/state2014/geelongdistrict.html,7f865a8b1649ded1270db2c813069a865b421d0fc53d8b1de9b9f44a03cc80f1,2,"LEEN, Tony",AUSTRALIAN COUNTRY ALLIANCE,False,Other/Independent,564,40255,True
vic_la_2014,Geelong,geelong,general-election,https://itsitecoreblobvecprd01.blob.core.windows.net/public-files/historical-results/state2014/geelongdistrict.html,7f865a8b1649ded1270db2c813069a865b421d0fc53d8b1de9b9f44a03cc80f1,3,"HATHWAY, Sarah",SOCIALIST ALLIANCE,False,Other/Independent,468,40255,True
vic_la_2014,Geelong,geelong,general-election,https://itsitecoreblobvecprd01.blob.core.windows.net/public-files/historical-results/state2014/geelongdistrict.html,7f865a8b1649ded1270db2c813069a865b421d0fc53d8b1de9b9f44a03cc80f1,4,"MANN, Douglas James",,True,Other/Independent,659,40255,True
vic_la_2014,Geelong,geelong,general-election,https://itsitecoreblobvecprd01.blob.core.windows.net/public-files/historical-results/state2014/geelongdistrict.html,7f865a8b1649ded1270db2c813069a865b421d0fc53d8b1de9b9f44a03cc80f1,5,"KONTELJ, Paula",LIBERAL,False,Coalition,15232,40255,True
vic_la_2014,Geelong,geelong,general-election,https://itsitecoreblobvecprd01.blob.core.windows.net/public-files/historical-results/state2014/geelongdistrict.html,7f865a8b1649ded1270db2c813069a865b421d0fc53d8b1de9b9f44a03cc80f1,6,"LINDSAY, Bruce",AUSTRALIAN GREENS,False,Greens,4833,40255,True
vic_la_2014,Geelong,geelong,general-election,https://itsitecoreblobvecprd01.blob.core.windows.net/public-files/historical-results/state2014/geelongdistrict.html,7f865a8b1649ded1270db2c813069a865b421d0fc53d8b1de9b9f44a03cc80f1,7,"CLARK, Ruth",FAMILY FIRST,False,Other/Independent,962,40255,True
vic_la_2014,Geelong,geelong,general-election,https://itsitecoreblobvecprd01.blob.core.windows.net/public-files/historical-results/state2014/geelongdistrict.html,7f865a8b1649ded1270db2c813069a865b421d0fc53d8b1de9b9f44a03cc80f1,8,"COUZENS, Christine",AUSTRALIAN LABOR PARTY,False,ALP,16516,40255,True
vic_la_2014,Gembrook,gembrook,general-election,https://itsitecoreblobvecprd01.blob.core.windows.net/public-files/historical-results/state2014/gembrookdistrict.html,728186dce00c3b225cb21bfb251d5c11e43703a9931683b106f8da81be5823bc,1,"HEFFERNAN, Damian",,True,Other/Independent,519,37761,True
vic_la_2014,Gembrook,gembrook,general-election,https://itsitecoreblobvecprd01.blob.core.windows.net/public-files/historical-results/state2014/gembrookdistrict.html,728186dce00c3b225cb21bfb251d5c11e43703a9931683b106f8da81be5823bc,2,"ROSS, Collin",AUSTRALIAN LABOR PARTY,False,ALP,11568,37761,True
vic_la_2014,Gembrook,gembrook,general-election,https://itsitecoreblobvecprd01.blob.core.windows.net/public-files/historical-results/state2014/gembrookdistrict.html,728186dce00c3b225cb21bfb251d5c11e43703a9931683b106f8da81be5823bc,3,"BEARD, Simon",AUSTRALIAN CHRISTIANS,False,Other/Independent,659,37761,True
vic_la_2014,Gembrook,gembrook,general-election,https://itsitecoreblobvecprd01.blob.core.windows.net/public-files/historical-results/state2014/gembrookdistrict.html,728186dce00c3b225cb21bfb251d5c11e43703a9931683b106f8da81be5823bc,4,"DEAN, Frank",,True,Other/Independent,248,37761,True
vic_la_2014,Gembrook,gembrook,general-election,https://itsitecoreblobvecprd01.blob.core.windows.net/public-files/historical-results/state2014/gembrookdistrict.html,728186dce00c3b225cb21bfb251d5c11e43703a9931683b106f8da81be5823bc,5,"SCHILLING, Michael",AUSTRALIAN GREENS,False,Greens,3197,37761,True
vic_la_2014,Gembrook,gembrook,general-election,https://itsitecoreblobvecprd01.blob.core.windows.net/public-files/historical-results/state2014/gembrookdistrict.html,728186dce00c3b225cb21bfb251d5c11e43703a9931683b106f8da81be5823bc,6,"STOOPS, Alan",AUSTRALIAN COUNTRY ALLIANCE,False,Other/Independent,518,37761,True
vic_la_2014,Gembrook,gembrook,general-election,https://itsitecoreblobvecprd01.blob.core.windows.net/public-files/historical-results/state2014/gembrookdistrict.html,728186dce00c3b225cb21bfb251d5c11e43703a9931683b106f8da81be5823bc,7,"VERDAN, Ferdie",RISE UP AUSTRALIA PARTY,False,Other/Independent,406,37761,True
vic_la_2014,Gembrook,gembrook,general-election,https://itsitecoreblobvecprd01.blob.core.windows.net/public-files/historical-results/state2014/gembrookdistrict.html,728186dce00c3b225cb21bfb251d5c11e43703a9931683b106f8da81be5823bc,8,"BATTIN, Brad",LIBERAL,False,Coalition,20646,37761,True
vic_la_2014,Gippsland East,gippsland-east,general-election,https://itsitecoreblobvecprd01.blob.core.windows.net/public-files/historical-results/state2014/gippslandeastdistrict.html,ae3061a4c09902d00d316348305a382bfb85d22d5195c3322d3bc625ea5bbb16,1,"HUTCHISON, David",AUSTRALIAN COUNTRY ALLIANCE,False,Other/Independent,1436,38076,True
vic_la_2014,Gippsland East,gippsland-east,general-election,https://itsitecoreblobvecprd01.blob.core.windows.net/public-files/historical-results/state2014/gippslandeastdistrict.html,ae3061a4c09902d00d316348305a382bfb85d22d5195c3322d3bc625ea5bbb16,2,"CAMPBELL-SMITH, Scott",AUSTRALIAN GREENS,False,Greens,3035,38076,True
vic_la_2014,Gippsland East,gippsland-east,general-election,https://itsitecoreblobvecprd01.blob.core.windows.net/public-files/historical-results/state2014/gippslandeastdistrict.html,ae3061a4c09902d00d316348305a382bfb85d22d5195c3322d3bc625ea5bbb16,3,"JACK, Jenny",RISE UP AUSTRALIA PARTY,False,Other/Independent,531,38076,True
vic_la_2014,Gippsland East,gippsland-east,general-election,https://itsitecoreblobvecprd01.blob.core.windows.net/public-files/historical-results/state2014/gippslandeastdistrict.html,ae3061a4c09902d00d316348305a382bfb85d22d5195c3322d3bc625ea5bbb16,4,"MAXFIELD, Kate",AUSTRALIAN LABOR PARTY,False,ALP,7754,38076,True
vic_la_2014,Gippsland East,gippsland-east,general-election,https://itsitecoreblobvecprd01.blob.core.windows.net/public-files/historical-results/state2014/gippslandeastdistrict.html,ae3061a4c09902d00d316348305a382bfb85d22d5195c3322d3bc625ea5bbb16,5,"GARDNER, Peter",,True,Other/Independent,763,38076,True
vic_la_2014,Gippsland East,gippsland-east,general-election,https://itsitecoreblobvecprd01.blob.core.windows.net/public-files/historical-results/state2014/gippslandeastdistrict.html,ae3061a4c09902d00d316348305a382bfb85d22d5195c3322d3bc625ea5bbb16,6,"BULL, Tim",THE NATIONALS,False,Coalition,22984,38076,True
vic_la_2014,Gippsland East,gippsland-east,general-election,https://itsitecoreblobvecprd01.blob.core.windows.net/public-files/historical-results/state2014/gippslandeastdistrict.html,ae3061a4c09902d00d316348305a382bfb85d22d5195c3322d3bc625ea5bbb16,7,"McDONALD, Leigh",,True,Other/Independent,929,38076,True
vic_la_2014,Gippsland East,gippsland-east,general-election,https://itsitecoreblobvecprd01.blob.core.windows.net/public-files/historical-results/state2014/gippslandeastdistrict.html,ae3061a4c09902d00d316348305a382bfb85d22d5195c3322d3bc625ea5bbb16,8,"McKENZIE, Peter Warren",,True,Other/Independent,644,38076,True
vic_la_2014,Gippsland South,gippsland-south,general-election,https://itsitecoreblobvecprd01.blob.core.windows.net/public-files/historical-results/state2014/gippslandsouthdistrict.html,a7f93eaab3baf4e9a757eb11b8a3b8d488eea5998dc6bcc2482801af461bf2a4,1,"WINTERTON, Patrick",RISE UP AUSTRALIA PARTY,False,Other/Independent,1076,35745,True
vic_la_2014,Gippsland South,gippsland-south,general-election,https://itsitecoreblobvecprd01.blob.core.windows.net/public-files/historical-results/state2014/gippslandsouthdistrict.html,a7f93eaab3baf4e9a757eb11b8a3b8d488eea5998dc6bcc2482801af461bf2a4,2,"PSAILA, Lynn",AUSTRALIAN LABOR PARTY,False,ALP,7819,35745,True
vic_la_2014,Gippsland South,gippsland-south,general-election,https://itsitecoreblobvecprd01.blob.core.windows.net/public-files/historical-results/state2014/gippslandsouthdistrict.html,a7f93eaab3baf4e9a757eb11b8a3b8d488eea5998dc6bcc2482801af461bf2a4,3,"PIPER, Phil",,True,Other/Independent,1093,35745,True
vic_la_2014,Gippsland South,gippsland-south,general-election,https://itsitecoreblobvecprd01.blob.core.windows.net/public-files/historical-results/state2014/gippslandsouthdistrict.html,a7f93eaab3baf4e9a757eb11b8a3b8d488eea5998dc6bcc2482801af461bf2a4,4,"MEESTER, Deb",AUSTRALIAN COUNTRY ALLIANCE,False,Other/Independent,1853,35745,True
vic_la_2014,Gippsland South,gippsland-south,general-election,https://itsitecoreblobvecprd01.blob.core.windows.net/public-files/historical-results/state2014/gippslandsouthdistrict.html,a7f93eaab3baf4e9a757eb11b8a3b8d488eea5998dc6bcc2482801af461bf2a4,5,"RYAN, Peter",THE NATIONALS,False,Coalition,20468,35745,True
vic_la_2014,Gippsland South,gippsland-south,general-election,https://itsitecoreblobvecprd01.blob.core.windows.net/public-files/historical-results/state2014/gippslandsouthdistrict.html,a7f93eaab3baf4e9a757eb11b8a3b8d488eea5998dc6bcc2482801af461bf2a4,6,"ONLEY, Ian",AUSTRALIAN GREENS,False,Greens,3436,35745,True
vic_la_2014,Hastings,hastings,general-election,https://itsitecoreblobvecprd01.blob.core.windows.net/public-files/historical-results/state2014/hastingsdistrict.html,442f033c4be61c939cf25971074fed07ff5995c0df35a2f57ea3113fea62c0c7,1,"LESLIE, Scot",AUSTRALIAN COUNTRY ALLIANCE,False,Other/Independent,940,41634,True
vic_la_2014,Hastings,hastings,general-election,https://itsitecoreblobvecprd01.blob.core.windows.net/public-files/historical-results/state2014/hastingsdistrict.html,442f033c4be61c939cf25971074fed07ff5995c0df35a2f57ea3113fea62c0c7,2,"MADIGAN, Paul",,True,Other/Independent,343,41634,True
vic_la_2014,Hastings,hastings,general-election,https://itsitecoreblobvecprd01.blob.core.windows.net/public-files/historical-results/state2014/hastingsdistrict.html,442f033c4be61c939cf25971074fed07ff5995c0df35a2f57ea3113fea62c0c7,3,"FAGAN, Derek",AUSTRALIAN GREENS,False,Greens,3096,41634,True
vic_la_2014,Hastings,hastings,general-election,https://itsitecoreblobvecprd01.blob.core.windows.net/public-files/historical-results/state2014/hastingsdistrict.html,442f033c4be61c939cf25971074fed07ff5995c0df35a2f57ea3113fea62c0c7,4,"BURGESS, Neale",LIBERAL,False,Coalition,21316,41634,True
vic_la_2014,Hastings,hastings,general-election,https://itsitecoreblobvecprd01.blob.core.windows.net/public-files/historical-results/state2014/hastingsdistrict.html,442f033c4be61c939cf25971074fed07ff5995c0df35a2f57ea3113fea62c0c7,5,"HOSKING, Steven",AUSTRALIAN LABOR PARTY,False,ALP,13109,41634,True
vic_la_2014,Hastings,hastings,general-election,https://itsitecoreblobvecprd01.blob.core.windows.net/public-files/historical-results/state2014/hastingsdistrict.html,442f033c4be61c939cf25971074fed07ff5995c0df35a2f57ea3113fea62c0c7,6,"ROBERTSON, Colin",RISE UP AUSTRALIA PARTY,False,Other/Independent,697,41634,True
vic_la_2014,Hastings,hastings,general-election,https://itsitecoreblobvecprd01.blob.core.windows.net/public-files/historical-results/state2014/hastingsdistrict.html,442f033c4be61c939cf25971074fed07ff5995c0df35a2f57ea3113fea62c0c7,7,"ANDERSSON, Robert",,True,Other/Independent,2133,41634,True
vic_la_2014,Hawthorn,hawthorn,general-election,https://itsitecoreblobvecprd01.blob.core.windows.net/public-files/historical-results/state2014/hawthorndistrict.html,18f21de30536ce87d5e629e8dd72b20b2732a9653691319290f06ca1eb5a92b2,1,"HARTNETT, Tim",AUSTRALIAN GREENS,False,Greens,8042,37710,True
vic_la_2014,Hawthorn,hawthorn,general-election,https://itsitecoreblobvecprd01.blob.core.windows.net/public-files/historical-results/state2014/hawthorndistrict.html,18f21de30536ce87d5e629e8dd72b20b2732a9653691319290f06ca1eb5a92b2,2,"PESUTTO, John",LIBERAL,False,Coalition,20551,37710,True
vic_la_2014,Hawthorn,hawthorn,general-election,https://itsitecoreblobvecprd01.blob.core.windows.net/public-files/historical-results/state2014/hawthorndistrict.html,18f21de30536ce87d5e629e8dd72b20b2732a9653691319290f06ca1eb5a92b2,3,"McNALLY, John",AUSTRALIAN LABOR PARTY,False,ALP,9117,37710,True
vic_la_2014,Ivanhoe,ivanhoe,general-election,https://itsitecoreblobvecprd01.blob.core.windows.net/public-files/historical-results/state2014/ivanhoedistrict.html,bfa5483862ece29d72bec6521e2cf96a6d357e130bd6e9651cd57864da07ba24,1,"GREWAL, Gurmender",AUSTRALIAN CHRISTIANS,False,Other/Independent,558,39302,True
vic_la_2014,Ivanhoe,ivanhoe,general-election,https://itsitecoreblobvecprd01.blob.core.windows.net/public-files/historical-results/state2014/ivanhoedistrict.html,bfa5483862ece29d72bec6521e2cf96a6d357e130bd6e9651cd57864da07ba24,2,"KENNEDY, Paul",AUSTRALIAN GREENS,False,Greens,6147,39302,True
vic_la_2014,Ivanhoe,ivanhoe,general-election,https://itsitecoreblobvecprd01.blob.core.windows.net/public-files/historical-results/state2014/ivanhoedistrict.html,bfa5483862ece29d72bec6521e2cf96a6d357e130bd6e9651cd57864da07ba24,3,"BOER, Jesse",FAMILY FIRST,False,Other/Independent,474,39302,True
vic_la_2014,Ivanhoe,ivanhoe,general-election,https://itsitecoreblobvecprd01.blob.core.windows.net/public-files/historical-results/state2014/ivanhoedistrict.html,bfa5483862ece29d72bec6521e2cf96a6d357e130bd6e9651cd57864da07ba24,4,"ZIEBELL, Carl",LIBERAL,False,Coalition,15730,39302,True
vic_la_2014,Ivanhoe,ivanhoe,general-election,https://itsitecoreblobvecprd01.blob.core.windows.net/public-files/historical-results/state2014/ivanhoedistrict.html,bfa5483862ece29d72bec6521e2cf96a6d357e130bd6e9651cd57864da07ba24,5,"LANGDON, Craig",,True,Other/Independent,1905,39302,True
vic_la_2014,Ivanhoe,ivanhoe,general-election,https://itsitecoreblobvecprd01.blob.core.windows.net/public-files/historical-results/state2014/ivanhoedistrict.html,bfa5483862ece29d72bec6521e2cf96a6d357e130bd6e9651cd57864da07ba24,6,"MOHAMED, Abdirizak H.",,True,Other/Independent,355,39302,True
vic_la_2014,Ivanhoe,ivanhoe,general-election,https://itsitecoreblobvecprd01.blob.core.windows.net/public-files/historical-results/state2014/ivanhoedistrict.html,bfa5483862ece29d72bec6521e2cf96a6d357e130bd6e9651cd57864da07ba24,7,"CARBINES, Anthony",AUSTRALIAN LABOR PARTY,False,ALP,14133,39302,True
vic_la_2014,Kew,kew,general-election,https://itsitecoreblobvecprd01.blob.core.windows.net/public-files/historical-results/state2014/kewdistrict.html,968bfe3068ebc265e62d907b9cb970681a14d86d8e2a514a9149775f80dd8456,1,"FRANKES, Lynn",AUSTRALIAN GREENS,False,Greens,6433,39433,True
vic_la_2014,Kew,kew,general-election,https://itsitecoreblobvecprd01.blob.core.windows.net/public-files/historical-results/state2014/kewdistrict.html,968bfe3068ebc265e62d907b9cb970681a14d86d8e2a514a9149775f80dd8456,2,"SMITH, Tim",LIBERAL,False,Coalition,22552,39433,True
vic_la_2014,Kew,kew,general-election,https://itsitecoreblobvecprd01.blob.core.windows.net/public-files/historical-results/state2014/kewdistrict.html,968bfe3068ebc265e62d907b9cb970681a14d86d8e2a514a9149775f80dd8456,3,"GAFFEY, James Matthew",AUSTRALIAN LABOR PARTY,False,ALP,10448,39433,True
vic_la_2014,Keysborough,keysborough,general-election,https://itsitecoreblobvecprd01.blob.core.windows.net/public-files/historical-results/state2014/keysboroughdistrict.html,d6d94e92143e8bdebba1d906c0773dd673bd0d6b8f5c41ac748c792f1dc07d9d,1,"PAKULA, Martin",AUSTRALIAN LABOR PARTY,False,ALP,19678,37094,True
vic_la_2014,Keysborough,keysborough,general-election,https://itsitecoreblobvecprd01.blob.core.windows.net/public-files/historical-results/state2014/keysboroughdistrict.html,d6d94e92143e8bdebba1d906c0773dd673bd0d6b8f5c41ac748c792f1dc07d9d,2,"CUNNINGHAM, Andrew",RISE UP AUSTRALIA PARTY,False,Other/Independent,1093,37094,True
vic_la_2014,Keysborough,keysborough,general-election,https://itsitecoreblobvecprd01.blob.core.windows.net/public-files/historical-results/state2014/keysboroughdistrict.html,d6d94e92143e8bdebba1d906c0773dd673bd0d6b8f5c41ac748c792f1dc07d9d,3,"FLEMING, Adrianne",LIBERAL,False,Coalition,11811,37094,True
vic_la_2014,Keysborough,keysborough,general-election,https://itsitecoreblobvecprd01.blob.core.windows.net/public-files/historical-results/state2014/keysboroughdistrict.html,d6d94e92143e8bdebba1d906c0773dd673bd0d6b8f5c41ac748c792f1dc07d9d,4,"FYFIELD, Susan",AUSTRALIAN GREENS,False,Greens,2126,37094,True
vic_la_2014,Keysborough,keysborough,general-election,https://itsitecoreblobvecprd01.blob.core.windows.net/public-files/historical-results/state2014/keysboroughdistrict.html,d6d94e92143e8bdebba1d906c0773dd673bd0d6b8f5c41ac748c792f1dc07d9d,5,"VO, Hung",,True,Other/Independent,2000,37094,True
vic_la_2014,Keysborough,keysborough,general-election,https://itsitecoreblobvecprd01.blob.core.windows.net/public-files/historical-results/state2014/keysboroughdistrict.html,d6d94e92143e8bdebba1d906c0773dd673bd0d6b8f5c41ac748c792f1dc07d9d,6,"CARTY, Michael",,True,Other/Independent,386,37094,True
vic_la_2014,Kororoit,kororoit,general-election,https://itsitecoreblobvecprd01.blob.core.windows.net/public-files/historical-results/state2014/kororoitdistrict.html,1aa4b05f68d7bc11cb8d478e8489b2b1d3da83a2b8c157485d27eaa821dbcfa6,1,"GIUDICE, Margaret",,True,Other/Independent,2918,39657,True
vic_la_2014,Kororoit,kororoit,general-election,https://itsitecoreblobvecprd01.blob.core.windows.net/public-files/historical-results/state2014/kororoitdistrict.html,1aa4b05f68d7bc11cb8d478e8489b2b1d3da83a2b8c157485d27eaa821dbcfa6,2,"HILL, Philip",AUSTRALIAN GREENS,False,Greens,2921,39657,True
vic_la_2014,Kororoit,kororoit,general-election,https://itsitecoreblobvecprd01.blob.core.windows.net/public-files/historical-results/state2014/kororoitdistrict.html,1aa4b05f68d7bc11cb8d478e8489b2b1d3da83a2b8c157485d27eaa821dbcfa6,3,"KESIC, Goran",LIBERAL,False,Coalition,8690,39657,True
vic_la_2014,Kororoit,kororoit,general-election,https://itsitecoreblobvecprd01.blob.core.windows.net/public-files/historical-results/state2014/kororoitdistrict.html,1aa4b05f68d7bc11cb8d478e8489b2b1d3da83a2b8c157485d27eaa821dbcfa6,4,"TURNER, Shashi",VOICE FOR THE WEST,False,Other/Independent,1215,39657,True
vic_la_2014,Kororoit,kororoit,general-election,https://itsitecoreblobvecprd01.blob.core.windows.net/public-files/historical-results/state2014/kororoitdistrict.html,1aa4b05f68d7bc11cb8d478e8489b2b1d3da83a2b8c157485d27eaa821dbcfa6,5,"KAIROUZ, Marlene",AUSTRALIAN LABOR PARTY,False,ALP,23913,39657,True
vic_la_2014,Lara,lara,general-election,https://itsitecoreblobvecprd01.blob.core.windows.net/public-files/historical-results/state2014/laradistrict.html,742b6fc02c484527460501ac7d31b8d38828222da8a75b130b11050142f801ab,1,"LACEY, Gregory",AUSTRALIAN GREENS,False,Greens,3413,38364,True
vic_la_2014,Lara,lara,general-election,https://itsitecoreblobvecprd01.blob.core.windows.net/public-files/historical-results/state2014/laradistrict.html,742b6fc02c484527460501ac7d31b8d38828222da8a75b130b11050142f801ab,2,"REED, George",AUSTRALIAN COUNTRY ALLIANCE,False,Other/Independent,1148,38364,True
vic_la_2014,Lara,lara,general-election,https://itsitecoreblobvecprd01.blob.core.windows.net/public-files/historical-results/state2014/laradistrict.html,742b6fc02c484527460501ac7d31b8d38828222da8a75b130b11050142f801ab,3,"EREN, John",AUSTRALIAN LABOR PARTY,False,ALP,21457,38364,True
vic_la_2014,Lara,lara,general-election,https://itsitecoreblobvecprd01.blob.core.windows.net/public-files/historical-results/state2014/laradistrict.html,742b6fc02c484527460501ac7d31b8d38828222da8a75b130b11050142f801ab,4,"McMANUS, Tony",LIBERAL,False,Coalition,11090,38364,True
vic_la_2014,Lara,lara,general-election,https://itsitecoreblobvecprd01.blob.core.windows.net/public-files/historical-results/state2014/laradistrict.html,742b6fc02c484527460501ac7d31b8d38828222da8a75b130b11050142f801ab,5,"FOSBERRY, Rami",FAMILY FIRST,False,Other/Independent,1256,38364,True
vic_la_2014,Lowan,lowan,general-election,https://itsitecoreblobvecprd01.blob.core.windows.net/public-files/historical-results/state2014/lowandistrict.html,33ef9b3bffe39fea8c81ad3e76ad5d11aa55b0718f9a35f05647a09ad3cd2002,1,"BELTZ, Nkandu",AUSTRALIAN GREENS,False,Greens,3324,38982,True
vic_la_2014,Lowan,lowan,general-election,https://itsitecoreblobvecprd01.blob.core.windows.net/public-files/historical-results/state2014/lowandistrict.html,33ef9b3bffe39fea8c81ad3e76ad5d11aa55b0718f9a35f05647a09ad3cd2002,2,"PRICE, Steve",AUSTRALIAN COUNTRY ALLIANCE,False,Other/Independent,1796,38982,True
vic_la_2014,Lowan,lowan,general-election,https://itsitecoreblobvecprd01.blob.core.windows.net/public-files/historical-results/state2014/lowandistrict.html,33ef9b3bffe39fea8c81ad3e76ad5d11aa55b0718f9a35f05647a09ad3cd2002,3,"RAINSFORD, Katrina",,True,Other/Independent,5532,38982,True
vic_la_2014,Lowan,lowan,general-election,https://itsitecoreblobvecprd01.blob.core.windows.net/public-files/historical-results/state2014/lowandistrict.html,33ef9b3bffe39fea8c81ad3e76ad5d11aa55b0718f9a35f05647a09ad3cd2002,4,"KEALY, Emma",THE NATIONALS,False,Coalition,21087,38982,True
vic_la_2014,Lowan,lowan,general-election,https://itsitecoreblobvecprd01.blob.core.windows.net/public-files/historical-results/state2014/lowandistrict.html,33ef9b3bffe39fea8c81ad3e76ad5d11aa55b0718f9a35f05647a09ad3cd2002,5,"SCATES, Bob",AUSTRALIAN LABOR PARTY,False,ALP,7243,38982,True
vic_la_2014,Macedon,macedon,general-election,https://itsitecoreblobvecprd01.blob.core.windows.net/public-files/historical-results/state2014/macedondistrict.html,c3e7f40e5292984ad941607ed6763be61a44539a438fbffb9d586165608e1e45,1,"BARKER, Neil",AUSTRALIAN GREENS,False,Greens,5841,37955,True
vic_la_2014,Macedon,macedon,general-election,https://itsitecoreblobvecprd01.blob.core.windows.net/public-files/historical-results/state2014/macedondistrict.html,c3e7f40e5292984ad941607ed6763be61a44539a438fbffb9d586165608e1e45,2,"THOMAS, Mary-Anne",AUSTRALIAN LABOR PARTY,False,ALP,14677,37955,True
vic_la_2014,Macedon,macedon,general-election,https://itsitecoreblobvecprd01.blob.core.windows.net/public-files/historical-results/state2014/macedondistrict.html,c3e7f40e5292984ad941607ed6763be61a44539a438fbffb9d586165608e1e45,3,"HARLAND, Peter",FAMILY FIRST,False,Other/Independent,1061,37955,True
vic_la_2014,Macedon,macedon,general-election,https://itsitecoreblobvecprd01.blob.core.windows.net/public-files/historical-results/state2014/macedondistrict.html,c3e7f40e5292984ad941607ed6763be61a44539a438fbffb9d586165608e1e45,4,"PETROVICH, Donna",LIBERAL,False,Coalition,16376,37955,True
vic_la_2014,Malvern,malvern,general-election,https://itsitecoreblobvecprd01.blob.core.windows.net/public-files/historical-results/state2014/malverndistrict.html,35687d20027a3b830202fc0a34ac9ee7feb77626bc21aaa68599c32d574c2ad3,1,"O'BRIEN, Michael",LIBERAL,False,Coalition,22642,36152,True
vic_la_2014,Malvern,malvern,general-election,https://itsitecoreblobvecprd01.blob.core.windows.net/public-files/historical-results/state2014/malverndistrict.html,35687d20027a3b830202fc0a34ac9ee7feb77626bc21aaa68599c32d574c2ad3,2,"BENNETT, James",AUSTRALIAN GREENS,False,Greens,5780,36152,True
vic_la_2014,Malvern,malvern,general-election,https://itsitecoreblobvecprd01.blob.core.windows.net/public-files/historical-results/state2014/malverndistrict.html,35687d20027a3b830202fc0a34ac9ee7feb77626bc21aaa68599c32d574c2ad3,3,"TARCZON, Les",AUSTRALIAN LABOR PARTY,False,ALP,7730,36152,True
vic_la_2014,Melbourne,melbourne,general-election,https://itsitecoreblobvecprd01.blob.core.windows.net/public-files/historical-results/state2014/melbournedistrict.html,ffb40a1569fd709f9323a6c542ce606ce06f835ff0a6d4dd5cfe1d557b7c7706,1,"CHISHOLM, Neville",AUSTRALIAN CHRISTIANS,False,Other/Independent,491,37000,True
vic_la_2014,Melbourne,melbourne,general-election,https://itsitecoreblobvecprd01.blob.core.windows.net/public-files/historical-results/state2014/melbournedistrict.html,ffb40a1569fd709f9323a6c542ce606ce06f835ff0a6d4dd5cfe1d557b7c7706,2,"SUTHERLAND, Kerry",FAMILY FIRST,False,Other/Independent,306,37000,True
vic_la_2014,Melbourne,melbourne,general-election,https://itsitecoreblobvecprd01.blob.core.windows.net/public-files/historical-results/state2014/melbournedistrict.html,ffb40a1569fd709f9323a6c542ce606ce06f835ff0a6d4dd5cfe1d557b7c7706,3,"SANDELL, Ellen",AUSTRALIAN GREENS,False,Greens,15333,37000,True
vic_la_2014,Melbourne,melbourne,general-election,https://itsitecoreblobvecprd01.blob.core.windows.net/public-files/historical-results/state2014/melbournedistrict.html,ffb40a1569fd709f9323a6c542ce606ce06f835ff0a6d4dd5cfe1d557b7c7706,4,"KANIS, Jennifer",AUSTRALIAN LABOR PARTY,False,ALP,10830,37000,True
vic_la_2014,Melbourne,melbourne,general-election,https://itsitecoreblobvecprd01.blob.core.windows.net/public-files/historical-results/state2014/melbournedistrict.html,ffb40a1569fd709f9323a6c542ce606ce06f835ff0a6d4dd5cfe1d557b7c7706,5,"ELLIOTT, Kate",ANIMAL JUSTICE PARTY,False,Other/Independent,802,37000,True
vic_la_2014,Melbourne,melbourne,general-election,https://itsitecoreblobvecprd01.blob.core.windows.net/public-files/historical-results/state2014/melbournedistrict.html,ffb40a1569fd709f9323a6c542ce606ce06f835ff0a6d4dd5cfe1d557b7c7706,6,"HUNTINGFORD, Ed",LIBERAL,False,Coalition,8913,37000,True
vic_la_2014,Melbourne,melbourne,general-election,https://itsitecoreblobvecprd01.blob.core.windows.net/public-files/historical-results/state2014/melbournedistrict.html,ffb40a1569fd709f9323a6c542ce606ce06f835ff0a6d4dd5cfe1d557b7c7706,7,"UMER, Tehiya",VOICE FOR THE WEST,False,Other/Independent,325,37000,True
vic_la_2014,Melton,melton,general-election,https://itsitecoreblobvecprd01.blob.core.windows.net/public-files/historical-results/state2014/meltondistrict.html,d9f80847a6107be0b1ea048a1be98b51a4c1d8ca5280b7ada6514a40cb0672df,1,"DeLEON, Matt",,True,Other/Independent,1392,38195,True
vic_la_2014,Melton,melton,general-election,https://itsitecoreblobvecprd01.blob.core.windows.net/public-files/historical-results/state2014/meltondistrict.html,d9f80847a6107be0b1ea048a1be98b51a4c1d8ca5280b7ada6514a40cb0672df,2,"LANG, Daryl",LIBERAL,False,Coalition,11783,38195,True
vic_la_2014,Melton,melton,general-election,https://itsitecoreblobvecprd01.blob.core.windows.net/public-files/historical-results/state2014/meltondistrict.html,d9f80847a6107be0b1ea048a1be98b51a4c1d8ca5280b7ada6514a40cb0672df,3,"MANGION, Sav",AUSTRALIAN COUNTRY ALLIANCE,False,Other/Independent,443,38195,True
vic_la_2014,Melton,melton,general-election,https://itsitecoreblobvecprd01.blob.core.windows.net/public-files/historical-results/state2014/meltondistrict.html,d9f80847a6107be0b1ea048a1be98b51a4c1d8ca5280b7ada6514a40cb0672df,4,"BENNETT, Victor",,True,Other/Independent,338,38195,True
vic_la_2014,Melton,melton,general-election,https://itsitecoreblobvecprd01.blob.core.windows.net/public-files/historical-results/state2014/meltondistrict.html,d9f80847a6107be0b1ea048a1be98b51a4c1d8ca5280b7ada6514a40cb0672df,5,"NARDELLA, Don",AUSTRALIAN LABOR PARTY,False,ALP,19272,38195,True
vic_la_2014,Melton,melton,general-election,https://itsitecoreblobvecprd01.blob.core.windows.net/public-files/historical-results/state2014/meltondistrict.html,d9f80847a6107be0b1ea048a1be98b51a4c1d8ca5280b7ada6514a40cb0672df,6,"CHADHUOL, Mabor",AUSTRALIAN CHRISTIANS,False,Other/Independent,532,38195,True
vic_la_2014,Melton,melton,general-election,https://itsitecoreblobvecprd01.blob.core.windows.net/public-files/historical-results/state2014/meltondistrict.html,d9f80847a6107be0b1ea048a1be98b51a4c1d8ca5280b7ada6514a40cb0672df,7,"COOPER, Marie-Anne",AUSTRALIAN GREENS,False,Greens,2777,38195,True
vic_la_2014,Melton,melton,general-election,https://itsitecoreblobvecprd01.blob.core.windows.net/public-files/historical-results/state2014/meltondistrict.html,d9f80847a6107be0b1ea048a1be98b51a4c1d8ca5280b7ada6514a40cb0672df,8,"ALJOFAN, Mohamad",,True,Other/Independent,114,38195,True
vic_la_2014,Melton,melton,general-election,https://itsitecoreblobvecprd01.blob.core.windows.net/public-files/historical-results/state2014/meltondistrict.html,d9f80847a6107be0b1ea048a1be98b51a4c1d8ca5280b7ada6514a40cb0672df,9,"THOMAS, Monika",VOICE FOR THE WEST,False,Other/Independent,1544,38195,True
vic_la_2014,Mildura,mildura,general-election,https://itsitecoreblobvecprd01.blob.core.windows.net/public-files/historical-results/state2014/milduradistrict.html,ad1c02643aa6d2f51be45374f8377f3d16a67b93478d08100e6ac20f86009a60,1,"CARTER, Carl J.",RISE UP AUSTRALIA PARTY,False,Other/Independent,1012,36436,True
vic_la_2014,Mildura,mildura,general-election,https://itsitecoreblobvecprd01.blob.core.windows.net/public-files/historical-results/state2014/milduradistrict.html,ad1c02643aa6d2f51be45374f8377f3d16a67b93478d08100e6ac20f86009a60,2,"LEE, Danny",AUSTRALIAN COUNTRY ALLIANCE,False,Other/Independent,3485,36436,True
vic_la_2014,Mildura,mildura,general-election,https://itsitecoreblobvecprd01.blob.core.windows.net/public-files/historical-results/state2014/milduradistrict.html,ad1c02643aa6d2f51be45374f8377f3d16a67b93478d08100e6ac20f86009a60,3,"CLUTTERBUCK, Jo",,True,Other/Independent,1556,36436,True
vic_la_2014,Mildura,mildura,general-election,https://itsitecoreblobvecprd01.blob.core.windows.net/public-files/historical-results/state2014/milduradistrict.html,ad1c02643aa6d2f51be45374f8377f3d16a67b93478d08100e6ac20f86009a60,4,"CORY, Mark",,True,Other/Independent,286,36436,True
vic_la_2014,Mildura,mildura,general-election,https://itsitecoreblobvecprd01.blob.core.windows.net/public-files/historical-results/state2014/milduradistrict.html,ad1c02643aa6d2f51be45374f8377f3d16a67b93478d08100e6ac20f86009a60,5,"FENN, Judith",FAMILY FIRST,False,Other/Independent,633,36436,True
vic_la_2014,Mildura,mildura,general-election,https://itsitecoreblobvecprd01.blob.core.windows.net/public-files/historical-results/state2014/milduradistrict.html,ad1c02643aa6d2f51be45374f8377f3d16a67b93478d08100e6ac20f86009a60,6,"CUPPER, Ali",,True,Other/Independent,7755,36436,True
vic_la_2014,Mildura,mildura,general-election,https://itsitecoreblobvecprd01.blob.core.windows.net/public-files/historical-results/state2014/milduradistrict.html,ad1c02643aa6d2f51be45374f8377f3d16a67b93478d08100e6ac20f86009a60,7,"RUSSELL, Morgana",AUSTRALIAN GREENS,False,Greens,671,36436,True
vic_la_2014,Mildura,mildura,general-election,https://itsitecoreblobvecprd01.blob.core.windows.net/public-files/historical-results/state2014/milduradistrict.html,ad1c02643aa6d2f51be45374f8377f3d16a67b93478d08100e6ac20f86009a60,8,"CRISP, Peter",THE NATIONALS,False,Coalition,16794,36436,True
vic_la_2014,Mildura,mildura,general-election,https://itsitecoreblobvecprd01.blob.core.windows.net/public-files/historical-results/state2014/milduradistrict.html,ad1c02643aa6d2f51be45374f8377f3d16a67b93478d08100e6ac20f86009a60,9,"ROBERTS, Shane",AUSTRALIAN LABOR PARTY,False,ALP,4244,36436,True
vic_la_2014,Mill Park,mill-park,general-election,https://itsitecoreblobvecprd01.blob.core.windows.net/public-files/historical-results/state2014/millparkdistrict.html,0ffd547436ff8c28f16d1a7982abd8d98d73cc9402bab55e8485735085f5ef62,1,"GRAHAM, Jeremy",AUSTRALIAN GREENS,False,Greens,2640,38147,True
vic_la_2014,Mill Park,mill-park,general-election,https://itsitecoreblobvecprd01.blob.core.windows.net/public-files/historical-results/state2014/millparkdistrict.html,0ffd547436ff8c28f16d1a7982abd8d98d73cc9402bab55e8485735085f5ef62,2,"SIMMONS, Peter",FAMILY FIRST,False,Other/Independent,2383,38147,True
vic_la_2014,Mill Park,mill-park,general-election,https://itsitecoreblobvecprd01.blob.core.windows.net/public-files/historical-results/state2014/millparkdistrict.html,0ffd547436ff8c28f16d1a7982abd8d98d73cc9402bab55e8485735085f5ef62,3,"D'AMBROSIO, Lily",AUSTRALIAN LABOR PARTY,False,ALP,22807,38147,True
vic_la_2014,Mill Park,mill-park,general-election,https://itsitecoreblobvecprd01.blob.core.windows.net/public-files/historical-results/state2014/millparkdistrict.html,0ffd547436ff8c28f16d1a7982abd8d98d73cc9402bab55e8485735085f5ef62,4,"VARUGHESE, George",LIBERAL,False,Coalition,10317,38147,True
vic_la_2014,Monbulk,monbulk,general-election,https://itsitecoreblobvecprd01.blob.core.windows.net/public-files/historical-results/state2014/monbulkdistrict.html,4d38dc82f9bb71cdc0a3bd53cc8efecd1e575dd6b65fa457ac65627ed7abf2e5,1,"ROJAS, Ana",RISE UP AUSTRALIA PARTY,False,Other/Independent,427,37548,True
vic_la_2014,Monbulk,monbulk,general-election,https://itsitecoreblobvecprd01.blob.core.windows.net/public-files/historical-results/state2014/monbulkdistrict.html,4d38dc82f9bb71cdc0a3bd53cc8efecd1e575dd6b65fa457ac65627ed7abf2e5,2,"CROOK, Jordan",,True,Other/Independent,342,37548,True
vic_la_2014,Monbulk,monbulk,general-election,https://itsitecoreblobvecprd01.blob.core.windows.net/public-files/historical-results/state2014/monbulkdistrict.html,4d38dc82f9bb71cdc0a3bd53cc8efecd1e575dd6b65fa457ac65627ed7abf2e5,3,"MERLINO, James",AUSTRALIAN LABOR PARTY,False,ALP,14096,37548,True
vic_la_2014,Monbulk,monbulk,general-election,https://itsitecoreblobvecprd01.blob.core.windows.net/public-files/historical-results/state2014/monbulkdistrict.html,4d38dc82f9bb71cdc0a3bd53cc8efecd1e575dd6b65fa457ac65627ed7abf2e5,4,"VERSCHUUR, Mark",LIBERAL,False,Coalition,15063,37548,True
vic_la_2014,Monbulk,monbulk,general-election,https://itsitecoreblobvecprd01.blob.core.windows.net/public-files/historical-results/state2014/monbulkdistrict.html,4d38dc82f9bb71cdc0a3bd53cc8efecd1e575dd6b65fa457ac65627ed7abf2e5,5,"MASON, Amelia",FAMILY FIRST,False,Other/Independent,786,37548,True
vic_la_2014,Monbulk,monbulk,general-election,https://itsitecoreblobvecprd01.blob.core.windows.net/public-files/historical-results/state2014/monbulkdistrict.html,4d38dc82f9bb71cdc0a3bd53cc8efecd1e575dd6b65fa457ac65627ed7abf2e5,6,"CLARKE, Michael",AUSTRALIAN GREENS,False,Greens,5029,37548,True
vic_la_2014,Monbulk,monbulk,general-election,https://itsitecoreblobvecprd01.blob.core.windows.net/public-files/historical-results/state2014/monbulkdistrict.html,4d38dc82f9bb71cdc0a3bd53cc8efecd1e575dd6b65fa457ac65627ed7abf2e5,7,"McADAM, Jennifer",ANIMAL JUSTICE PARTY,False,Other/Independent,1079,37548,True
vic_la_2014,Monbulk,monbulk,general-election,https://itsitecoreblobvecprd01.blob.core.windows.net/public-files/historical-results/state2014/monbulkdistrict.html,4d38dc82f9bb71cdc0a3bd53cc8efecd1e575dd6b65fa457ac65627ed7abf2e5,8,"JENKIN, Craig",AUSTRALIAN COUNTRY ALLIANCE,False,Other/Independent,293,37548,True
vic_la_2014,Monbulk,monbulk,general-election,https://itsitecoreblobvecprd01.blob.core.windows.net/public-files/historical-results/state2014/monbulkdistrict.html,4d38dc82f9bb71cdc0a3bd53cc8efecd1e575dd6b65fa457ac65627ed7abf2e5,9,"PRENDERGAST, Ron",DEMOCRATIC LABOUR PARTY (DLP),False,Other/Independent,433,37548,True
vic_la_2014,Mordialloc,mordialloc,general-election,https://itsitecoreblobvecprd01.blob.core.windows.net/public-files/historical-results/state2014/mordiallocdistrict.html,3756bc7970bf53afd4a74940eff7c1462734a2493cccb73bc9bf5f3439c8e72d,1,"BRICK, Damien",DEMOCRATIC LABOUR PARTY (DLP),False,Other/Independent,877,38354,True
vic_la_2014,Mordialloc,mordialloc,general-election,https://itsitecoreblobvecprd01.blob.core.windows.net/public-files/historical-results/state2014/mordiallocdistrict.html,3756bc7970bf53afd4a74940eff7c1462734a2493cccb73bc9bf5f3439c8e72d,2,"RICHARDSON, Tim",AUSTRALIAN LABOR PARTY,False,ALP,14840,38354,True
vic_la_2014,Mordialloc,mordialloc,general-election,https://itsitecoreblobvecprd01.blob.core.windows.net/public-files/historical-results/state2014/mordiallocdistrict.html,3756bc7970bf53afd4a74940eff7c1462734a2493cccb73bc9bf5f3439c8e72d,3,"OXLEY, Georgina",,True,Other/Independent,301,38354,True
vic_la_2014,Mordialloc,mordialloc,general-election,https://itsitecoreblobvecprd01.blob.core.windows.net/public-files/historical-results/state2014/mordiallocdistrict.html,3756bc7970bf53afd4a74940eff7c1462734a2493cccb73bc9bf5f3439c8e72d,4,"FIGUEROA, Rod",RISE UP AUSTRALIA PARTY,False,Other/Independent,193,38354,True
vic_la_2014,Mordialloc,mordialloc,general-election,https://itsitecoreblobvecprd01.blob.core.windows.net/public-files/historical-results/state2014/mordiallocdistrict.html,3756bc7970bf53afd4a74940eff7c1462734a2493cccb73bc9bf5f3439c8e72d,5,"GOVENDER, Jeevaloshni",FAMILY FIRST,False,Other/Independent,379,38354,True
vic_la_2014,Mordialloc,mordialloc,general-election,https://itsitecoreblobvecprd01.blob.core.windows.net/public-files/historical-results/state2014/mordiallocdistrict.html,3756bc7970bf53afd4a74940eff7c1462734a2493cccb73bc9bf5f3439c8e72d,6,"CHELLEW, Tristram",SEX PARTY,False,Other/Independent,737,38354,True
vic_la_2014,Mordialloc,mordialloc,general-election,https://itsitecoreblobvecprd01.blob.core.windows.net/public-files/historical-results/state2014/mordiallocdistrict.html,3756bc7970bf53afd4a74940eff7c1462734a2493cccb73bc9bf5f3439c8e72d,7,"WREFORD, Lorraine",LIBERAL,False,Coalition,16807,38354,True
vic_la_2014,Mordialloc,mordialloc,general-election,https://itsitecoreblobvecprd01.blob.core.windows.net/public-files/historical-results/state2014/mordiallocdistrict.html,3756bc7970bf53afd4a74940eff7c1462734a2493cccb73bc9bf5f3439c8e72d,8,"BRESKIN, Alexander",AUSTRALIAN GREENS,False,Greens,3031,38354,True
vic_la_2014,Mordialloc,mordialloc,general-election,https://itsitecoreblobvecprd01.blob.core.windows.net/public-files/historical-results/state2014/mordiallocdistrict.html,3756bc7970bf53afd4a74940eff7c1462734a2493cccb73bc9bf5f3439c8e72d,9,"POMPEI, Leon",,True,Other/Independent,371,38354,True
vic_la_2014,Mordialloc,mordialloc,general-election,https://itsitecoreblobvecprd01.blob.core.windows.net/public-files/historical-results/state2014/mordiallocdistrict.html,3756bc7970bf53afd4a74940eff7c1462734a2493cccb73bc9bf5f3439c8e72d,10,"OXLEY, Victoria",,True,Other/Independent,103,38354,True
vic_la_2014,Mordialloc,mordialloc,general-election,https://itsitecoreblobvecprd01.blob.core.windows.net/public-files/historical-results/state2014/mordiallocdistrict.html,3756bc7970bf53afd4a74940eff7c1462734a2493cccb73bc9bf5f3439c8e72d,11,"WEST, Rosemary",,True,Other/Independent,715,38354,True
vic_la_2014,Mornington,mornington,general-election,https://itsitecoreblobvecprd01.blob.core.windows.net/public-files/historical-results/state2014/morningtondistrict.html,2b06028e43d06b949c1dd663dd58de649fca5c8a416cf6aa975af5183c4788dc,1,"MORRIS, David",LIBERAL,False,Coalition,23184,39433,True
vic_la_2014,Mornington,mornington,general-election,https://itsitecoreblobvecprd01.blob.core.windows.net/public-files/historical-results/state2014/morningtondistrict.html,2b06028e43d06b949c1dd663dd58de649fca5c8a416cf6aa975af5183c4788dc,2,"BARNES, Marion",AUSTRALIAN COUNTRY ALLIANCE,False,Other/Independent,416,39433,True
vic_la_2014,Mornington,mornington,general-election,https://itsitecoreblobvecprd01.blob.core.windows.net/public-files/historical-results/state2014/morningtondistrict.html,2b06028e43d06b949c1dd663dd58de649fca5c8a416cf6aa975af5183c4788dc,3,"MOLDOVAN, Peter",RISE UP AUSTRALIA PARTY,False,Other/Independent,453,39433,True
vic_la_2014,Mornington,mornington,general-election,https://itsitecoreblobvecprd01.blob.core.windows.net/public-files/historical-results/state2014/morningtondistrict.html,2b06028e43d06b949c1dd663dd58de649fca5c8a416cf6aa975af5183c4788dc,4,"McLAREN, Matthew",AUSTRALIAN GREENS,False,Greens,4618,39433,True
vic_la_2014,Mornington,mornington,general-election,https://itsitecoreblobvecprd01.blob.core.windows.net/public-files/historical-results/state2014/morningtondistrict.html,2b06028e43d06b949c1dd663dd58de649fca5c8a416cf6aa975af5183c4788dc,5,"WRIGHT, Rebecca",AUSTRALIAN LABOR PARTY,False,ALP,10762,39433,True
vic_la_2014,Morwell,morwell,general-election,https://itsitecoreblobvecprd01.blob.core.windows.net/public-files/historical-results/state2014/morwelldistrict.html,1e57cc8ac855669d4055acefd22db5f9ce3cd8fe9f5b37cf784eb31eb6dcd293,1,"LUND, Tracie",,True,Other/Independent,4377,40130,True
vic_la_2014,Morwell,morwell,general-election,https://itsitecoreblobvecprd01.blob.core.windows.net/public-files/historical-results/state2014/morwelldistrict.html,1e57cc8ac855669d4055acefd22db5f9ce3cd8fe9f5b37cf784eb31eb6dcd293,2,"MINTERN, Jadon",AUSTRALIAN LABOR PARTY,False,ALP,14282,40130,True
vic_la_2014,Morwell,morwell,general-election,https://itsitecoreblobvecprd01.blob.core.windows.net/public-files/historical-results/state2014/morwelldistrict.html,1e57cc8ac855669d4055acefd22db5f9ce3cd8fe9f5b37cf784eb31eb6dcd293,3,"BIRKETT, Stewart",AUSTRALIAN COUNTRY ALLIANCE,False,Other/Independent,950,40130,True
vic_la_2014,Morwell,morwell,general-election,https://itsitecoreblobvecprd01.blob.core.windows.net/public-files/historical-results/state2014/morwelldistrict.html,1e57cc8ac855669d4055acefd22db5f9ce3cd8fe9f5b37cf784eb31eb6dcd293,4,"DORIAN, Peter",RISE UP AUSTRALIA PARTY,False,Other/Independent,423,40130,True
vic_la_2014,Morwell,morwell,general-election,https://itsitecoreblobvecprd01.blob.core.windows.net/public-files/historical-results/state2014/morwelldistrict.html,1e57cc8ac855669d4055acefd22db5f9ce3cd8fe9f5b37cf784eb31eb6dcd293,5,"CAFFREY, Dan",AUSTRALIAN GREENS,False,Greens,1894,40130,True
vic_la_2014,Morwell,morwell,general-election,https://itsitecoreblobvecprd01.blob.core.windows.net/public-files/historical-results/state2014/morwelldistrict.html,1e57cc8ac855669d4055acefd22db5f9ce3cd8fe9f5b37cf784eb31eb6dcd293,6,"NORTHE, Russell",THE NATIONALS,False,Coalition,17824,40130,True
vic_la_2014,Morwell,morwell,general-election,https://itsitecoreblobvecprd01.blob.core.windows.net/public-files/historical-results/state2014/morwelldistrict.html,1e57cc8ac855669d4055acefd22db5f9ce3cd8fe9f5b37cf784eb31eb6dcd293,7,"ROSE, Jacqueline",,True,Other/Independent,380,40130,True
vic_la_2014,Mount Waverley,mount-waverley,general-election,https://itsitecoreblobvecprd01.blob.core.windows.net/public-files/historical-results/state2014/mountwaverleydistrict.html,d675494237c0aa486c7ed5bfb5e2639577b9cbe10a7202c218165a118b5ee6e0,1,"KHANGURE, Perky Raj",AUSTRALIAN GREENS,False,Greens,3432,35888,True
vic_la_2014,Mount Waverley,mount-waverley,general-election,https://itsitecoreblobvecprd01.blob.core.windows.net/public-files/historical-results/state2014/mountwaverleydistrict.html,d675494237c0aa486c7ed5bfb5e2639577b9cbe10a7202c218165a118b5ee6e0,2,"ZHENG, Stephen Chong",AUSTRALIAN CHRISTIANS,False,Other/Independent,915,35888,True
vic_la_2014,Mount Waverley,mount-waverley,general-election,https://itsitecoreblobvecprd01.blob.core.windows.net/public-files/historical-results/state2014/mountwaverleydistrict.html,d675494237c0aa486c7ed5bfb5e2639577b9cbe10a7202c218165a118b5ee6e0,3,"GIDLEY, Michael",LIBERAL,False,Coalition,18357,35888,True
vic_la_2014,Mount Waverley,mount-waverley,general-election,https://itsitecoreblobvecprd01.blob.core.windows.net/public-files/historical-results/state2014/mountwaverleydistrict.html,d675494237c0aa486c7ed5bfb5e2639577b9cbe10a7202c218165a118b5ee6e0,4,"YANG, Jennifer",AUSTRALIAN LABOR PARTY,False,ALP,13184,35888,True
vic_la_2014,Mulgrave,mulgrave,general-election,https://itsitecoreblobvecprd01.blob.core.windows.net/public-files/historical-results/state2014/mulgravedistrict.html,ef883b856f4b1c111479d6e84135193aad376daeddcf60f1daa6ffcebf879e0a,1,"FERGEUS, Josh",AUSTRALIAN GREENS,False,Greens,2525,35845,True
vic_la_2014,Mulgrave,mulgrave,general-election,https://itsitecoreblobvecprd01.blob.core.windows.net/public-files/historical-results/state2014/mulgravedistrict.html,ef883b856f4b1c111479d6e84135193aad376daeddcf60f1daa6ffcebf879e0a,2,"DAVIES, Robert",LIBERAL,False,Coalition,14622,35845,True
vic_la_2014,Mulgrave,mulgrave,general-election,https://itsitecoreblobvecprd01.blob.core.windows.net/public-files/historical-results/state2014/mulgravedistrict.html,ef883b856f4b1c111479d6e84135193aad376daeddcf60f1daa6ffcebf879e0a,3,"FENN, Norman",FAMILY FIRST,False,Other/Independent,969,35845,True
vic_la_2014,Mulgrave,mulgrave,general-election,https://itsitecoreblobvecprd01.blob.core.windows.net/public-files/historical-results/state2014/mulgravedistrict.html,ef883b856f4b1c111479d6e84135193aad376daeddcf60f1daa6ffcebf879e0a,4,"WOOD, Maree",RISE UP AUSTRALIA PARTY,False,Other/Independent,579,35845,True
vic_la_2014,Mulgrave,mulgrave,general-election,https://itsitecoreblobvecprd01.blob.core.windows.net/public-files/historical-results/state2014/mulgravedistrict.html,ef883b856f4b1c111479d6e84135193aad376daeddcf60f1daa6ffcebf879e0a,5,"ANDREWS, Daniel",AUSTRALIAN LABOR PARTY,False,ALP,17150,35845,True
vic_la_2014,Murray Plains,murray-plains,general-election,https://itsitecoreblobvecprd01.blob.core.windows.net/public-files/historical-results/state2014/murrayplainsdistrict.html,a3aafec450ec4637ac19236706919747e80046639020815c429cf4f5d80ab4be,1,"WINN, Bryon",AUSTRALIAN COUNTRY ALLIANCE,False,Other/Independent,2978,40154,True
vic_la_2014,Murray Plains,murray-plains,general-election,https://itsitecoreblobvecprd01.blob.core.windows.net/public-files/historical-results/state2014/murrayplainsdistrict.html,a3aafec450ec4637ac19236706919747e80046639020815c429cf4f5d80ab4be,2,"WILLIAMS, Peter",AUSTRALIAN LABOR PARTY,False,ALP,8190,40154,True
vic_la_2014,Murray Plains,murray-plains,general-election,https://itsitecoreblobvecprd01.blob.core.windows.net/public-files/historical-results/state2014/murrayplainsdistrict.html,a3aafec450ec4637ac19236706919747e80046639020815c429cf4f5d80ab4be,3,"CHRISTOE, Ian",AUSTRALIAN GREENS,False,Greens,1619,40154,True
vic_la_2014,Murray Plains,murray-plains,general-election,https://itsitecoreblobvecprd01.blob.core.windows.net/public-files/historical-results/state2014/murrayplainsdistrict.html,a3aafec450ec4637ac19236706919747e80046639020815c429cf4f5d80ab4be,4,"WINTLE, Laurie J.",RISE UP AUSTRALIA PARTY,False,Other/Independent,1037,40154,True
vic_la_2014,Murray Plains,murray-plains,general-election,https://itsitecoreblobvecprd01.blob.core.windows.net/public-files/historical-results/state2014/murrayplainsdistrict.html,a3aafec450ec4637ac19236706919747e80046639020815c429cf4f5d80ab4be,5,"HICKS, Nigel Anthony",,True,Other/Independent,924,40154,True
vic_la_2014,Murray Plains,murray-plains,general-election,https://itsitecoreblobvecprd01.blob.core.windows.net/public-files/historical-results/state2014/murrayplainsdistrict.html,a3aafec450ec4637ac19236706919747e80046639020815c429cf4f5d80ab4be,6,"WALSH, Peter",THE NATIONALS,False,Coalition,25406,40154,True
vic_la_2014,Narracan,narracan,general-election,https://itsitecoreblobvecprd01.blob.core.windows.net/public-files/historical-results/state2014/narracandistrict.html,b055fd60253b8993943e48718209e43869b57f568c352b72f30aff167d7d7d66,1,"MARTEN, Kate",AUSTRALIAN LABOR PARTY,False,ALP,12223,41496,True
vic_la_2014,Narracan,narracan,general-election,https://itsitecoreblobvecprd01.blob.core.windows.net/public-files/historical-results/state2014/narracandistrict.html,b055fd60253b8993943e48718209e43869b57f568c352b72f30aff167d7d7d66,2,"BLACKWOOD, Gary",LIBERAL,False,Coalition,22907,41496,True
vic_la_2014,Narracan,narracan,general-election,https://itsitecoreblobvecprd01.blob.core.windows.net/public-files/historical-results/state2014/narracandistrict.html,b055fd60253b8993943e48718209e43869b57f568c352b72f30aff167d7d7d66,3,"McKELVIE, Malcolm",AUSTRALIAN GREENS,False,Greens,3720,41496,True
vic_la_2014,Narracan,narracan,general-election,https://itsitecoreblobvecprd01.blob.core.windows.net/public-files/historical-results/state2014/narracandistrict.html,b055fd60253b8993943e48718209e43869b57f568c352b72f30aff167d7d7d66,4,"SNELLING, Dave",AUSTRALIAN COUNTRY ALLIANCE,False,Other/Independent,1673,41496,True
vic_la_2014,Narracan,narracan,general-election,https://itsitecoreblobvecprd01.blob.core.windows.net/public-files/historical-results/state2014/narracandistrict.html,b055fd60253b8993943e48718209e43869b57f568c352b72f30aff167d7d7d66,5,"BAKER, Norman",RISE UP AUSTRALIA PARTY,False,Other/Independent,973,41496,True
vic_la_2014,Narre Warren North,narre-warren-north,general-election,https://itsitecoreblobvecprd01.blob.core.windows.net/public-files/historical-results/state2014/narrewarrennorthdistrict.html,2809a165c1b57ebdf34695ec68e6ce8fa19550554c8488f29677bc52036064b8,1,"STAPLEDON, Amanda",LIBERAL,False,Coalition,14849,37375,True
vic_la_2014,Narre Warren North,narre-warren-north,general-election,https://itsitecoreblobvecprd01.blob.core.windows.net/public-files/historical-results/state2014/narrewarrennorthdistrict.html,2809a165c1b57ebdf34695ec68e6ce8fa19550554c8488f29677bc52036064b8,2,"MEKHAIL, Mery",AUSTRALIAN CHRISTIANS,False,Other/Independent,1012,37375,True
vic_la_2014,Narre Warren North,narre-warren-north,general-election,https://itsitecoreblobvecprd01.blob.core.windows.net/public-files/historical-results/state2014/narrewarrennorthdistrict.html,2809a165c1b57ebdf34695ec68e6ce8fa19550554c8488f29677bc52036064b8,3,"JONES, Karen",AUSTRALIAN GREENS,False,Greens,2114,37375,True
vic_la_2014,Narre Warren North,narre-warren-north,general-election,https://itsitecoreblobvecprd01.blob.core.windows.net/public-files/historical-results/state2014/narrewarrennorthdistrict.html,2809a165c1b57ebdf34695ec68e6ce8fa19550554c8488f29677bc52036064b8,4,"WHITE, Robert George",RISE UP AUSTRALIA PARTY,False,Other/Independent,902,37375,True
vic_la_2014,Narre Warren North,narre-warren-north,general-election,https://itsitecoreblobvecprd01.blob.core.windows.net/public-files/historical-results/state2014/narrewarrennorthdistrict.html,2809a165c1b57ebdf34695ec68e6ce8fa19550554c8488f29677bc52036064b8,5,"DONNELLAN, Luke",AUSTRALIAN LABOR PARTY,False,ALP,17421,37375,True
vic_la_2014,Narre Warren North,narre-warren-north,general-election,https://itsitecoreblobvecprd01.blob.core.windows.net/public-files/historical-results/state2014/narrewarrennorthdistrict.html,2809a165c1b57ebdf34695ec68e6ce8fa19550554c8488f29677bc52036064b8,6,"BLACKBURN, Chris",DEMOCRATIC LABOUR PARTY (DLP),False,Other/Independent,527,37375,True
vic_la_2014,Narre Warren North,narre-warren-north,general-election,https://itsitecoreblobvecprd01.blob.core.windows.net/public-files/historical-results/state2014/narrewarrennorthdistrict.html,2809a165c1b57ebdf34695ec68e6ce8fa19550554c8488f29677bc52036064b8,7,"QURESHI, Wasim",,True,Other/Independent,550,37375,True
vic_la_2014,Narre Warren South,narre-warren-south,general-election,https://itsitecoreblobvecprd01.blob.core.windows.net/public-files/historical-results/state2014/narrewarrensouthdistrict.html,b589f17520d5596be3c5ecc411d27726790bd504fec1b6ec75235a373453aa90,1,"SEREY, Susan",LIBERAL,False,Coalition,16212,40477,True
vic_la_2014,Narre Warren South,narre-warren-south,general-election,https://itsitecoreblobvecprd01.blob.core.windows.net/public-files/historical-results/state2014/narrewarrensouthdistrict.html,b589f17520d5596be3c5ecc411d27726790bd504fec1b6ec75235a373453aa90,2,"ANDRAWIS, Narmien",AUSTRALIAN CHRISTIANS,False,Other/Independent,1021,40477,True
vic_la_2014,Narre Warren South,narre-warren-south,general-election,https://itsitecoreblobvecprd01.blob.core.windows.net/public-files/historical-results/state2014/narrewarrensouthdistrict.html,b589f17520d5596be3c5ecc411d27726790bd504fec1b6ec75235a373453aa90,3,"GRALEY, Judith",AUSTRALIAN LABOR PARTY,False,ALP,19501,40477,True
vic_la_2014,Narre Warren South,narre-warren-south,general-election,https://itsitecoreblobvecprd01.blob.core.windows.net/public-files/historical-results/state2014/narrewarrensouthdistrict.html,b589f17520d5596be3c5ecc411d27726790bd504fec1b6ec75235a373453aa90,4,"SOFE, Anthony",RISE UP AUSTRALIA PARTY,False,Other/Independent,1278,40477,True
vic_la_2014,Narre Warren South,narre-warren-south,general-election,https://itsitecoreblobvecprd01.blob.core.windows.net/public-files/historical-results/state2014/narrewarrensouthdistrict.html,b589f17520d5596be3c5ecc411d27726790bd504fec1b6ec75235a373453aa90,5,"KELEHER, Lynette",AUSTRALIAN GREENS,False,Greens,2465,40477,True
vic_la_2014,Nepean,nepean,general-election,https://itsitecoreblobvecprd01.blob.core.windows.net/public-files/historical-results/state2014/nepeandistrict.html,7930305c95550bbab37d77725059452659389d4bb35220e86f00d589b473f7a5,1,"SCHMIDT, Matthew",AUSTRALIAN COUNTRY ALLIANCE,False,Other/Independent,655,39349,True
vic_la_2014,Nepean,nepean,general-election,https://itsitecoreblobvecprd01.blob.core.windows.net/public-files/historical-results/state2014/nepeandistrict.html,7930305c95550bbab37d77725059452659389d4bb35220e86f00d589b473f7a5,2,"DIXON, Martin",LIBERAL,False,Coalition,20984,39349,True
vic_la_2014,Nepean,nepean,general-election,https://itsitecoreblobvecprd01.blob.core.windows.net/public-files/historical-results/state2014/nepeandistrict.html,7930305c95550bbab37d77725059452659389d4bb35220e86f00d589b473f7a5,3,"GLEIXNER, Carolyn",AUSTRALIAN LABOR PARTY,False,ALP,12253,39349,True
vic_la_2014,Nepean,nepean,general-election,https://itsitecoreblobvecprd01.blob.core.windows.net/public-files/historical-results/state2014/nepeandistrict.html,7930305c95550bbab37d77725059452659389d4bb35220e86f00d589b473f7a5,4,"YUE, Laura",RISE UP AUSTRALIA PARTY,False,Other/Independent,460,39349,True
vic_la_2014,Nepean,nepean,general-election,https://itsitecoreblobvecprd01.blob.core.windows.net/public-files/historical-results/state2014/nepeandistrict.html,7930305c95550bbab37d77725059452659389d4bb35220e86f00d589b473f7a5,5,"STANTON, David J.",,True,Other/Independent,339,39349,True
vic_la_2014,Nepean,nepean,general-election,https://itsitecoreblobvecprd01.blob.core.windows.net/public-files/historical-results/state2014/nepeandistrict.html,7930305c95550bbab37d77725059452659389d4bb35220e86f00d589b473f7a5,6,"THOMSON, Craig",AUSTRALIAN GREENS,False,Greens,4658,39349,True
vic_la_2014,Niddrie,niddrie,general-election,https://itsitecoreblobvecprd01.blob.core.windows.net/public-files/historical-results/state2014/niddriedistrict.html,bb51c2229f2221c95038ba7f792be262fd7221a43adcfac851856c3bdf180ba3,1,"ROBERTS, Sarah",AUSTRALIAN GREENS,False,Greens,3045,37577,True
vic_la_2014,Niddrie,niddrie,general-election,https://itsitecoreblobvecprd01.blob.core.windows.net/public-files/historical-results/state2014/niddriedistrict.html,bb51c2229f2221c95038ba7f792be262fd7221a43adcfac851856c3bdf180ba3,2,"SURACE, Andrea",,True,Other/Independent,1002,37577,True
vic_la_2014,Niddrie,niddrie,general-election,https://itsitecoreblobvecprd01.blob.core.windows.net/public-files/historical-results/state2014/niddriedistrict.html,bb51c2229f2221c95038ba7f792be262fd7221a43adcfac851856c3bdf180ba3,3,"DEWAN, Paddy",VOICE FOR THE WEST,False,Other/Independent,892,37577,True
vic_la_2014,Niddrie,niddrie,general-election,https://itsitecoreblobvecprd01.blob.core.windows.net/public-files/historical-results/state2014/niddriedistrict.html,bb51c2229f2221c95038ba7f792be262fd7221a43adcfac851856c3bdf180ba3,4,"CARROLL, Ben",AUSTRALIAN LABOR PARTY,False,ALP,17342,37577,True
vic_la_2014,Niddrie,niddrie,general-election,https://itsitecoreblobvecprd01.blob.core.windows.net/public-files/historical-results/state2014/niddriedistrict.html,bb51c2229f2221c95038ba7f792be262fd7221a43adcfac851856c3bdf180ba3,5,"WARNER, John",AUSTRALIAN CHRISTIANS,False,Other/Independent,394,37577,True
vic_la_2014,Niddrie,niddrie,general-election,https://itsitecoreblobvecprd01.blob.core.windows.net/public-files/historical-results/state2014/niddriedistrict.html,bb51c2229f2221c95038ba7f792be262fd7221a43adcfac851856c3bdf180ba3,6,"GAUCI MAURICI, Rebecca",LIBERAL,False,Coalition,14101,37577,True
vic_la_2014,Niddrie,niddrie,general-election,https://itsitecoreblobvecprd01.blob.core.windows.net/public-files/historical-results/state2014/niddriedistrict.html,bb51c2229f2221c95038ba7f792be262fd7221a43adcfac851856c3bdf180ba3,7,"YIANNI, Appollo",,True,Other/Independent,323,37577,True
vic_la_2014,Niddrie,niddrie,general-election,https://itsitecoreblobvecprd01.blob.core.windows.net/public-files/historical-results/state2014/niddriedistrict.html,bb51c2229f2221c95038ba7f792be262fd7221a43adcfac851856c3bdf180ba3,8,"GUNTER, Andrew",,True,Other/Independent,478,37577,True
vic_la_2014,Northcote,northcote,general-election,https://itsitecoreblobvecprd01.blob.core.windows.net/public-files/historical-results/state2014/northcotedistrict.html,7ec28b40116706824433fc960ccaa2e24cc8ad2bdfeb0cb9b743e8ae373fab55,1,"McCARNEY, Jamie",THE BASICS ROCK 'N' ROLL PARTY,False,Other/Independent,1043,38871,True
vic_la_2014,Northcote,northcote,general-election,https://itsitecoreblobvecprd01.blob.core.windows.net/public-files/historical-results/state2014/northcotedistrict.html,7ec28b40116706824433fc960ccaa2e24cc8ad2bdfeb0cb9b743e8ae373fab55,2,"RICHARDSON, Fiona",AUSTRALIAN LABOR PARTY,False,ALP,15928,38871,True
vic_la_2014,Northcote,northcote,general-election,https://itsitecoreblobvecprd01.blob.core.windows.net/public-files/historical-results/state2014/northcotedistrict.html,7ec28b40116706824433fc960ccaa2e24cc8ad2bdfeb0cb9b743e8ae373fab55,3,"FENN, Helen",FAMILY FIRST,False,Other/Independent,390,38871,True
vic_la_2014,Northcote,northcote,general-election,https://itsitecoreblobvecprd01.blob.core.windows.net/public-files/historical-results/state2014/northcotedistrict.html,7ec28b40116706824433fc960ccaa2e24cc8ad2bdfeb0cb9b743e8ae373fab55,4,"PURCELL, Georgina",ANIMAL JUSTICE PARTY,False,Other/Independent,678,38871,True
vic_la_2014,Northcote,northcote,general-election,https://itsitecoreblobvecprd01.blob.core.windows.net/public-files/historical-results/state2014/northcotedistrict.html,7ec28b40116706824433fc960ccaa2e24cc8ad2bdfeb0cb9b743e8ae373fab55,5,"D'ANGELO, Anthony",LIBERAL,False,Coalition,6407,38871,True
vic_la_2014,Northcote,northcote,general-election,https://itsitecoreblobvecprd01.blob.core.windows.net/public-files/historical-results/state2014/northcotedistrict.html,7ec28b40116706824433fc960ccaa2e24cc8ad2bdfeb0cb9b743e8ae373fab55,6,"EDWARDS, Bryony",,True,Other/Independent,324,38871,True
vic_la_2014,Northcote,northcote,general-election,https://itsitecoreblobvecprd01.blob.core.windows.net/public-files/historical-results/state2014/northcotedistrict.html,7ec28b40116706824433fc960ccaa2e24cc8ad2bdfeb0cb9b743e8ae373fab55,7,"McCARTHY, Trent",AUSTRALIAN GREENS,False,Greens,14101,38871,True
vic_la_2014,Oakleigh,oakleigh,general-election,https://itsitecoreblobvecprd01.blob.core.windows.net/public-files/historical-results/state2014/oakleighdistrict.html,03fad5af93279e00987e7a1743591c3b56afa8cf200a4ca4c747dffe32094960,1,"DIMOPOULOS, Steve",AUSTRALIAN LABOR PARTY,False,ALP,15903,34760,True
vic_la_2014,Oakleigh,oakleigh,general-election,https://itsitecoreblobvecprd01.blob.core.windows.net/public-files/historical-results/state2014/oakleighdistrict.html,03fad5af93279e00987e7a1743591c3b56afa8cf200a4ca4c747dffe32094960,2,"ZOGRAPHOS, Theo",LIBERAL,False,Coalition,13303,34760,True
vic_la_2014,Oakleigh,oakleigh,general-election,https://itsitecoreblobvecprd01.blob.core.windows.net/public-files/historical-results/state2014/oakleighdistrict.html,03fad5af93279e00987e7a1743591c3b56afa8cf200a4ca4c747dffe32094960,3,"KIOUPELIS, Parashos",,True,Other/Independent,260,34760,True
vic_la_2014,Oakleigh,oakleigh,general-election,https://itsitecoreblobvecprd01.blob.core.windows.net/public-files/historical-results/state2014/oakleighdistrict.html,03fad5af93279e00987e7a1743591c3b56afa8cf200a4ca4c747dffe32094960,4,"MERRIEL, Steven",AUSTRALIAN GREENS,False,Greens,4617,34760,True
vic_la_2014,Oakleigh,oakleigh,general-election,https://itsitecoreblobvecprd01.blob.core.windows.net/public-files/historical-results/state2014/oakleighdistrict.html,03fad5af93279e00987e7a1743591c3b56afa8cf200a4ca4c747dffe32094960,5,"SCOTTO, Anna",,True,Other/Independent,677,34760,True
vic_la_2014,Ovens Valley,ovens-valley,general-election,https://itsitecoreblobvecprd01.blob.core.windows.net/public-files/historical-results/state2014/ovensvalleydistrict.html,41a041187800044031412f9e889e66234a7a93af495fa6778937453f95134ad2,1,"McCAFFREY, Jamie",AUSTRALIAN GREENS,False,Greens,3694,36776,True
vic_la_2014,Ovens Valley,ovens-valley,general-election,https://itsitecoreblobvecprd01.blob.core.windows.net/public-files/historical-results/state2014/ovensvalleydistrict.html,41a041187800044031412f9e889e66234a7a93af495fa6778937453f95134ad2,2,"FIDGE, Julian",AUSTRALIAN COUNTRY ALLIANCE,False,Other/Independent,3442,36776,True
vic_la_2014,Ovens Valley,ovens-valley,general-election,https://itsitecoreblobvecprd01.blob.core.windows.net/public-files/historical-results/state2014/ovensvalleydistrict.html,41a041187800044031412f9e889e66234a7a93af495fa6778937453f95134ad2,3,"CHOLOSZNECKI, Gail",AUSTRALIAN LABOR PARTY,False,ALP,8147,36776,True
vic_la_2014,Ovens Valley,ovens-valley,general-election,https://itsitecoreblobvecprd01.blob.core.windows.net/public-files/historical-results/state2014/ovensvalleydistrict.html,41a041187800044031412f9e889e66234a7a93af495fa6778937453f95134ad2,4,"McCURDY, Tim",THE NATIONALS,False,Coalition,20394,36776,True
vic_la_2014,Ovens Valley,ovens-valley,general-election,https://itsitecoreblobvecprd01.blob.core.windows.net/public-files/historical-results/state2014/ovensvalleydistrict.html,41a041187800044031412f9e889e66234a7a93af495fa6778937453f95134ad2,5,"DYER, Ray",,True,Other/Independent,1099,36776,True
vic_la_2014,Pascoe Vale,pascoe-vale,general-election,https://itsitecoreblobvecprd01.blob.core.windows.net/public-files/historical-results/state2014/pascoevaledistrict.html,af8e0e300bf440d483f14821a86939a7598225507447ccfbb707cde4e88d3e83,1,"BROCKLEHURST, Sean",SOCIALIST ALLIANCE,False,Other/Independent,1260,39157,True
vic_la_2014,Pascoe Vale,pascoe-vale,general-election,https://itsitecoreblobvecprd01.blob.core.windows.net/public-files/historical-results/state2014/pascoevaledistrict.html,af8e0e300bf440d483f14821a86939a7598225507447ccfbb707cde4e88d3e83,2,"FARRELLY, Liam",AUSTRALIAN GREENS,False,Greens,6372,39157,True
vic_la_2014,Pascoe Vale,pascoe-vale,general-election,https://itsitecoreblobvecprd01.blob.core.windows.net/public-files/historical-results/state2014/pascoevaledistrict.html,af8e0e300bf440d483f14821a86939a7598225507447ccfbb707cde4e88d3e83,3,"HA, Thomas",FAMILY FIRST,False,Other/Independent,1148,39157,True
vic_la_2014,Pascoe Vale,pascoe-vale,general-election,https://itsitecoreblobvecprd01.blob.core.windows.net/public-files/historical-results/state2014/pascoevaledistrict.html,af8e0e300bf440d483f14821a86939a7598225507447ccfbb707cde4e88d3e83,4,"KHOO, Jacqueline",LIBERAL,False,Coalition,10416,39157,True
vic_la_2014,Pascoe Vale,pascoe-vale,general-election,https://itsitecoreblobvecprd01.blob.core.windows.net/public-files/historical-results/state2014/pascoevaledistrict.html,af8e0e300bf440d483f14821a86939a7598225507447ccfbb707cde4e88d3e83,5,"BLANDTHORN, Lizzie",AUSTRALIAN LABOR PARTY,False,ALP,18679,39157,True
vic_la_2014,Pascoe Vale,pascoe-vale,general-election,https://itsitecoreblobvecprd01.blob.core.windows.net/public-files/historical-results/state2014/pascoevaledistrict.html,af8e0e300bf440d483f14821a86939a7598225507447ccfbb707cde4e88d3e83,6,"TIMPANO, Francesco",,True,Other/Independent,1282,39157,True
vic_la_2014,Polwarth,polwarth,general-election,https://itsitecoreblobvecprd01.blob.core.windows.net/public-files/historical-results/state2014/polwarthdistrict.html,b95086e630d810a0865592822f2da62f0bbf9c70b48da8df7bc1e8d8e42d517a,1,"MULDER, Terry",LIBERAL,False,Coalition,21861,39464,True
vic_la_2014,Polwarth,polwarth,general-election,https://itsitecoreblobvecprd01.blob.core.windows.net/public-files/historical-results/state2014/polwarthdistrict.html,b95086e630d810a0865592822f2da62f0bbf9c70b48da8df7bc1e8d8e42d517a,2,"NORTHEAST, Simon",AUSTRALIAN GREENS,False,Greens,4352,39464,True
vic_la_2014,Polwarth,polwarth,general-election,https://itsitecoreblobvecprd01.blob.core.windows.net/public-files/historical-results/state2014/polwarthdistrict.html,b95086e630d810a0865592822f2da62f0bbf9c70b48da8df7bc1e8d8e42d517a,3,"EDGE, Philip",AUSTRALIAN COUNTRY ALLIANCE,False,Other/Independent,2206,39464,True
vic_la_2014,Polwarth,polwarth,general-election,https://itsitecoreblobvecprd01.blob.core.windows.net/public-files/historical-results/state2014/polwarthdistrict.html,b95086e630d810a0865592822f2da62f0bbf9c70b48da8df7bc1e8d8e42d517a,4,"COKER, Libby",AUSTRALIAN LABOR PARTY,False,ALP,11045,39464,True
vic_la_2014,Prahran,prahran,general-election,https://itsitecoreblobvecprd01.blob.core.windows.net/public-files/historical-results/state2014/prahrandistrict.html,ac84d9f4e9ca8d4b39e4d66e642bc94220539146399267b34a000e3dc1719986,1,"HIBBINS, Sam",AUSTRALIAN GREENS,False,Greens,9160,37003,True
vic_la_2014,Prahran,prahran,general-election,https://itsitecoreblobvecprd01.blob.core.windows.net/public-files/historical-results/state2014/prahrandistrict.html,ac84d9f4e9ca8d4b39e4d66e642bc94220539146399267b34a000e3dc1719986,2,"WALKER, Alan",FAMILY FIRST,False,Other/Independent,282,37003,True
vic_la_2014,Prahran,prahran,general-election,https://itsitecoreblobvecprd01.blob.core.windows.net/public-files/historical-results/state2014/prahrandistrict.html,ac84d9f4e9ca8d4b39e4d66e642bc94220539146399267b34a000e3dc1719986,3,"PHARAOH, Neil",AUSTRALIAN LABOR PARTY,False,ALP,9586,37003,True
vic_la_2014,Prahran,prahran,general-election,https://itsitecoreblobvecprd01.blob.core.windows.net/public-files/historical-results/state2014/prahrandistrict.html,ac84d9f4e9ca8d4b39e4d66e642bc94220539146399267b34a000e3dc1719986,4,"GOLDSMITH, Jason Simon",,True,Other/Independent,247,37003,True
vic_la_2014,Prahran,prahran,general-election,https://itsitecoreblobvecprd01.blob.core.windows.net/public-files/historical-results/state2014/prahrandistrict.html,ac84d9f4e9ca8d4b39e4d66e642bc94220539146399267b34a000e3dc1719986,5,"STEFANOPOULOS, Steve",,True,Other/Independent,227,37003,True
vic_la_2014,Prahran,prahran,general-election,https://itsitecoreblobvecprd01.blob.core.windows.net/public-files/historical-results/state2014/prahrandistrict.html,ac84d9f4e9ca8d4b39e4d66e642bc94220539146399267b34a000e3dc1719986,6,"NEWTON-BROWN, Clem",LIBERAL,False,Coalition,16582,37003,True
vic_la_2014,Prahran,prahran,general-election,https://itsitecoreblobvecprd01.blob.core.windows.net/public-files/historical-results/state2014/prahrandistrict.html,ac84d9f4e9ca8d4b39e4d66e642bc94220539146399267b34a000e3dc1719986,7,"GULLONE, Eleonora",ANIMAL JUSTICE PARTY,False,Other/Independent,837,37003,True
vic_la_2014,Prahran,prahran,general-election,https://itsitecoreblobvecprd01.blob.core.windows.net/public-files/historical-results/state2014/prahrandistrict.html,ac84d9f4e9ca8d4b39e4d66e642bc94220539146399267b34a000e3dc1719986,8,"MENADUE, Alan Maxwell",,True,Other/Independent,82,37003,True
vic_la_2014,Preston,preston,general-election,https://itsitecoreblobvecprd01.blob.core.windows.net/public-files/historical-results/state2014/prestondistrict.html,cd227c0398919d02ac701677417b0463b7e3d56c2640a1bf8e49e82effe53b62,1,"GRECO, Gaetano",,True,Other/Independent,4103,36364,True
vic_la_2014,Preston,preston,general-election,https://itsitecoreblobvecprd01.blob.core.windows.net/public-files/historical-results/state2014/prestondistrict.html,cd227c0398919d02ac701677417b0463b7e3d56c2640a1bf8e49e82effe53b62,2,"WARD, Rachel",FAMILY FIRST,False,Other/Independent,1091,36364,True
vic_la_2014,Preston,preston,general-election,https://itsitecoreblobvecprd01.blob.core.windows.net/public-files/historical-results/state2014/prestondistrict.html,cd227c0398919d02ac701677417b0463b7e3d56c2640a1bf8e49e82effe53b62,3,"LJUBICIC, Rose",AUSTRALIAN GREENS,False,Greens,5869,36364,True
vic_la_2014,Preston,preston,general-election,https://itsitecoreblobvecprd01.blob.core.windows.net/public-files/historical-results/state2014/prestondistrict.html,cd227c0398919d02ac701677417b0463b7e3d56c2640a1bf8e49e82effe53b62,4,"SCOTT, Robin",AUSTRALIAN LABOR PARTY,False,ALP,17607,36364,True
vic_la_2014,Preston,preston,general-election,https://itsitecoreblobvecprd01.blob.core.windows.net/public-files/historical-results/state2014/prestondistrict.html,cd227c0398919d02ac701677417b0463b7e3d56c2640a1bf8e49e82effe53b62,5,"FORSTER, John",LIBERAL,False,Coalition,7694,36364,True
vic_la_2014,Richmond,richmond,general-election,https://itsitecoreblobvecprd01.blob.core.windows.net/public-files/historical-results/state2014/richmonddistrict.html,d2c1ac779835259a9db38dd79d92abf922fa3c9d93a3555acf22b44691eadf8e,1,"SPIROVSKA, Nevena",SEX PARTY,False,Other/Independent,1336,40102,True
vic_la_2014,Richmond,richmond,general-election,https://itsitecoreblobvecprd01.blob.core.windows.net/public-files/historical-results/state2014/richmonddistrict.html,d2c1ac779835259a9db38dd79d92abf922fa3c9d93a3555acf22b44691eadf8e,2,"JOLLY, Stephen",,True,Other/Independent,3407,40102,True
vic_la_2014,Richmond,richmond,general-election,https://itsitecoreblobvecprd01.blob.core.windows.net/public-files/historical-results/state2014/richmonddistrict.html,d2c1ac779835259a9db38dd79d92abf922fa3c9d93a3555acf22b44691eadf8e,3,"SMITH, Miranda",ANIMAL JUSTICE PARTY,False,Other/Independent,578,40102,True
vic_la_2014,Richmond,richmond,general-election,https://itsitecoreblobvecprd01.blob.core.windows.net/public-files/historical-results/state2014/richmonddistrict.html,d2c1ac779835259a9db38dd79d92abf922fa3c9d93a3555acf22b44691eadf8e,4,"KEEL, Tom",,True,Other/Independent,192,40102,True
vic_la_2014,Richmond,richmond,general-election,https://itsitecoreblobvecprd01.blob.core.windows.net/public-files/historical-results/state2014/richmonddistrict.html,d2c1ac779835259a9db38dd79d92abf922fa3c9d93a3555acf22b44691eadf8e,5,"LU, Weiran",LIBERAL,False,Coalition,8308,40102,True
vic_la_2014,Richmond,richmond,general-election,https://itsitecoreblobvecprd01.blob.core.windows.net/public-files/historical-results/state2014/richmonddistrict.html,d2c1ac779835259a9db38dd79d92abf922fa3c9d93a3555acf22b44691eadf8e,6,"MALTZAHN, Kathleen",AUSTRALIAN GREENS,False,Greens,12615,40102,True
vic_la_2014,Richmond,richmond,general-election,https://itsitecoreblobvecprd01.blob.core.windows.net/public-files/historical-results/state2014/richmonddistrict.html,d2c1ac779835259a9db38dd79d92abf922fa3c9d93a3555acf22b44691eadf8e,7,"WYNNE, Richard",AUSTRALIAN LABOR PARTY,False,ALP,13349,40102,True
vic_la_2014,Richmond,richmond,general-election,https://itsitecoreblobvecprd01.blob.core.windows.net/public-files/historical-results/state2014/richmonddistrict.html,d2c1ac779835259a9db38dd79d92abf922fa3c9d93a3555acf22b44691eadf8e,8,"KNIGHT, Sarah",FAMILY FIRST,False,Other/Independent,317,40102,True
vic_la_2014,Ringwood,ringwood,general-election,https://itsitecoreblobvecprd01.blob.core.windows.net/public-files/historical-results/state2014/ringwooddistrict.html,7dc0311bcf54814511590787454eadeffd6fe0c5c24427e6d41584f1a0d236a3,1,"CHALLINGER, Michael",,True,Other/Independent,1440,36257,True
vic_la_2014,Ringwood,ringwood,general-election,https://itsitecoreblobvecprd01.blob.core.windows.net/public-files/historical-results/state2014/ringwooddistrict.html,7dc0311bcf54814511590787454eadeffd6fe0c5c24427e6d41584f1a0d236a3,2,"RYALL, Dee",LIBERAL,False,Coalition,17440,36257,True
vic_la_2014,Ringwood,ringwood,general-election,https://itsitecoreblobvecprd01.blob.core.windows.net/public-files/historical-results/state2014/ringwooddistrict.html,7dc0311bcf54814511590787454eadeffd6fe0c5c24427e6d41584f1a0d236a3,3,"DOBBY, Karen",AUSTRALIAN CHRISTIANS,False,Other/Independent,1131,36257,True
vic_la_2014,Ringwood,ringwood,general-election,https://itsitecoreblobvecprd01.blob.core.windows.net/public-files/historical-results/state2014/ringwooddistrict.html,7dc0311bcf54814511590787454eadeffd6fe0c5c24427e6d41584f1a0d236a3,4,"POWELL, Brendan",AUSTRALIAN GREENS,False,Greens,3903,36257,True
vic_la_2014,Ringwood,ringwood,general-election,https://itsitecoreblobvecprd01.blob.core.windows.net/public-files/historical-results/state2014/ringwooddistrict.html,7dc0311bcf54814511590787454eadeffd6fe0c5c24427e6d41584f1a0d236a3,5,"RASKOVY, Steve",PEOPLE POWER VICTORIA/NO SMART METERS,False,Other/Independent,287,36257,True
vic_la_2014,Ringwood,ringwood,general-election,https://itsitecoreblobvecprd01.blob.core.windows.net/public-files/historical-results/state2014/ringwooddistrict.html,7dc0311bcf54814511590787454eadeffd6fe0c5c24427e6d41584f1a0d236a3,6,"DUNGEY, Brian",AUSTRALIAN COUNTRY ALLIANCE,False,Other/Independent,279,36257,True
vic_la_2014,Ringwood,ringwood,general-election,https://itsitecoreblobvecprd01.blob.core.windows.net/public-files/historical-results/state2014/ringwooddistrict.html,7dc0311bcf54814511590787454eadeffd6fe0c5c24427e6d41584f1a0d236a3,7,"CLARK, Tony",AUSTRALIAN LABOR PARTY,False,ALP,11777,36257,True
vic_la_2014,Ripon,ripon,general-election,https://itsitecoreblobvecprd01.blob.core.windows.net/public-files/historical-results/state2014/ripondistrict.html,1f9f4bca9d91b6573166028db83a97e0f77d835bc7a04b106d3bb8f35347356e,1,"TURNER, Scott",THE NATIONALS,False,Coalition,7342,40057,True
vic_la_2014,Ripon,ripon,general-election,https://itsitecoreblobvecprd01.blob.core.windows.net/public-files/historical-results/state2014/ripondistrict.html,1f9f4bca9d91b6573166028db83a97e0f77d835bc7a04b106d3bb8f35347356e,2,"MULCAHY, Peter",RISE UP AUSTRALIA PARTY,False,Other/Independent,448,40057,True
vic_la_2014,Ripon,ripon,general-election,https://itsitecoreblobvecprd01.blob.core.windows.net/public-files/historical-results/state2014/ripondistrict.html,1f9f4bca9d91b6573166028db83a97e0f77d835bc7a04b106d3bb8f35347356e,3,"McGLONE, Daniel",AUSTRALIAN LABOR PARTY,False,ALP,14059,40057,True
vic_la_2014,Ripon,ripon,general-election,https://itsitecoreblobvecprd01.blob.core.windows.net/public-files/historical-results/state2014/ripondistrict.html,1f9f4bca9d91b6573166028db83a97e0f77d835bc7a04b106d3bb8f35347356e,4,"LEE, Mitchell",DEMOCRATIC LABOUR PARTY (DLP),False,Other/Independent,490,40057,True
vic_la_2014,Ripon,ripon,general-election,https://itsitecoreblobvecprd01.blob.core.windows.net/public-files/historical-results/state2014/ripondistrict.html,1f9f4bca9d91b6573166028db83a97e0f77d835bc7a04b106d3bb8f35347356e,5,"STALEY, Louise",LIBERAL,False,Coalition,13118,40057,True
vic_la_2014,Ripon,ripon,general-election,https://itsitecoreblobvecprd01.blob.core.windows.net/public-files/historical-results/state2014/ripondistrict.html,1f9f4bca9d91b6573166028db83a97e0f77d835bc7a04b106d3bb8f35347356e,6,"LOITERTON, Kevin",AUSTRALIAN CHRISTIANS,False,Other/Independent,352,40057,True
vic_la_2014,Ripon,ripon,general-election,https://itsitecoreblobvecprd01.blob.core.windows.net/public-files/historical-results/state2014/ripondistrict.html,1f9f4bca9d91b6573166028db83a97e0f77d835bc7a04b106d3bb8f35347356e,7,"MAY, Rod",AUSTRALIAN GREENS,False,Greens,2856,40057,True
vic_la_2014,Ripon,ripon,general-election,https://itsitecoreblobvecprd01.blob.core.windows.net/public-files/historical-results/state2014/ripondistrict.html,1f9f4bca9d91b6573166028db83a97e0f77d835bc7a04b106d3bb8f35347356e,8,"DOMASCHENZ, Trevor",AUSTRALIAN COUNTRY ALLIANCE,False,Other/Independent,495,40057,True
vic_la_2014,Ripon,ripon,general-election,https://itsitecoreblobvecprd01.blob.core.windows.net/public-files/historical-results/state2014/ripondistrict.html,1f9f4bca9d91b6573166028db83a97e0f77d835bc7a04b106d3bb8f35347356e,9,"FOWLER, Danielle",FAMILY FIRST,False,Other/Independent,897,40057,True
vic_la_2014,Rowville,rowville,general-election,https://itsitecoreblobvecprd01.blob.core.windows.net/public-files/historical-results/state2014/rowvilledistrict.html,b8bf2796b61febf8262a4de27ccd1d20b2c98ed0a3f90b67a796349824acd047,1,"WISE, Tim",AUSTRALIAN GREENS,False,Greens,2566,34839,True
vic_la_2014,Rowville,rowville,general-election,https://itsitecoreblobvecprd01.blob.core.windows.net/public-files/historical-results/state2014/rowvilledistrict.html,b8bf2796b61febf8262a4de27ccd1d20b2c98ed0a3f90b67a796349824acd047,2,"PRICE, Leanne",RISE UP AUSTRALIA PARTY,False,Other/Independent,1096,34839,True
vic_la_2014,Rowville,rowville,general-election,https://itsitecoreblobvecprd01.blob.core.windows.net/public-files/historical-results/state2014/rowvilledistrict.html,b8bf2796b61febf8262a4de27ccd1d20b2c98ed0a3f90b67a796349824acd047,3,"WELLS, Kim",LIBERAL,False,Coalition,18758,34839,True
vic_la_2014,Rowville,rowville,general-election,https://itsitecoreblobvecprd01.blob.core.windows.net/public-files/historical-results/state2014/rowvilledistrict.html,b8bf2796b61febf8262a4de27ccd1d20b2c98ed0a3f90b67a796349824acd047,4,"HICKS, Tamika",AUSTRALIAN LABOR PARTY,False,ALP,12419,34839,True
vic_la_2014,Sandringham,sandringham,general-election,https://itsitecoreblobvecprd01.blob.core.windows.net/public-files/historical-results/state2014/sandringhamdistrict.html,e0974f7a4094c8a283e901d72b50b508a898ce4d633675c3e7f055565b2df929,1,"McBETH, Adam",AUSTRALIAN GREENS,False,Greens,5144,37351,True
vic_la_2014,Sandringham,sandringham,general-election,https://itsitecoreblobvecprd01.blob.core.windows.net/public-files/historical-results/state2014/sandringhamdistrict.html,e0974f7a4094c8a283e901d72b50b508a898ce4d633675c3e7f055565b2df929,2,"ZIGOURAS, Christina",AUSTRALIAN LABOR PARTY,False,ALP,9103,37351,True
vic_la_2014,Sandringham,sandringham,general-election,https://itsitecoreblobvecprd01.blob.core.windows.net/public-files/historical-results/state2014/sandringhamdistrict.html,e0974f7a4094c8a283e901d72b50b508a898ce4d633675c3e7f055565b2df929,3,"THOMPSON, Murray",LIBERAL,False,Coalition,19264,37351,True
vic_la_2014,Sandringham,sandringham,general-election,https://itsitecoreblobvecprd01.blob.core.windows.net/public-files/historical-results/state2014/sandringhamdistrict.html,e0974f7a4094c8a283e901d72b50b508a898ce4d633675c3e7f055565b2df929,4,"MARTIN, Clarke",,True,Other/Independent,3840,37351,True
vic_la_2014,Shepparton,shepparton,general-election,https://itsitecoreblobvecprd01.blob.core.windows.net/public-files/historical-results/state2014/sheppartondistrict.html,5ced252425ceac2727dfc13230e72696f1d9336d8785e5d7f33e15a3336337a0,1,"BOURKE, Michael",AUSTRALIAN COUNTRY ALLIANCE,False,Other/Independent,3310,40370,True
vic_la_2014,Shepparton,shepparton,general-election,https://itsitecoreblobvecprd01.blob.core.windows.net/public-files/historical-results/state2014/sheppartondistrict.html,5ced252425ceac2727dfc13230e72696f1d9336d8785e5d7f33e15a3336337a0,2,"BARR, Greg",THE NATIONALS,False,Coalition,14272,40370,True
vic_la_2014,Shepparton,shepparton,general-election,https://itsitecoreblobvecprd01.blob.core.windows.net/public-files/historical-results/state2014/sheppartondistrict.html,5ced252425ceac2727dfc13230e72696f1d9336d8785e5d7f33e15a3336337a0,3,"TEASDALE, Diane",,True,Other/Independent,994,40370,True
vic_la_2014,Shepparton,shepparton,general-election,https://itsitecoreblobvecprd01.blob.core.windows.net/public-files/historical-results/state2014/sheppartondistrict.html,5ced252425ceac2727dfc13230e72696f1d9336d8785e5d7f33e15a3336337a0,4,"STEVENS, Damien",AUSTRALIAN GREENS,False,Greens,1365,40370,True
vic_la_2014,Shepparton,shepparton,general-election,https://itsitecoreblobvecprd01.blob.core.windows.net/public-files/historical-results/state2014/sheppartondistrict.html,5ced252425ceac2727dfc13230e72696f1d9336d8785e5d7f33e15a3336337a0,5,"SHEED, Suzanna",,True,Other/Independent,13211,40370,True
vic_la_2014,Shepparton,shepparton,general-election,https://itsitecoreblobvecprd01.blob.core.windows.net/public-files/historical-results/state2014/sheppartondistrict.html,5ced252425ceac2727dfc13230e72696f1d9336d8785e5d7f33e15a3336337a0,6,"HIGGINS, Rodney",AUSTRALIAN LABOR PARTY,False,ALP,7218,40370,True
vic_la_2014,South Barwon,south-barwon,general-election,https://itsitecoreblobvecprd01.blob.core.windows.net/public-files/historical-results/state2014/southbarwondistrict.html,449e8c42ab8ea9eb6a20a54119183593339b9042d22bac57c8f4ed91a35ee575,1,"ASHDOWNE, Lisa",AUSTRALIAN GREENS,False,Greens,5023,40794,True
vic_la_2014,South Barwon,south-barwon,general-election,https://itsitecoreblobvecprd01.blob.core.windows.net/public-files/historical-results/state2014/southbarwondistrict.html,449e8c42ab8ea9eb6a20a54119183593339b9042d22bac57c8f4ed91a35ee575,2,"OVEREND, Jamie",ANIMAL JUSTICE PARTY,False,Other/Independent,778,40794,True
vic_la_2014,South Barwon,south-barwon,general-election,https://itsitecoreblobvecprd01.blob.core.windows.net/public-files/historical-results/state2014/southbarwondistrict.html,449e8c42ab8ea9eb6a20a54119183593339b9042d22bac57c8f4ed91a35ee575,3,"THOMPSON, Steven",FAMILY FIRST,False,Other/Independent,769,40794,True
vic_la_2014,South Barwon,south-barwon,general-election,https://itsitecoreblobvecprd01.blob.core.windows.net/public-files/historical-results/state2014/southbarwondistrict.html,449e8c42ab8ea9eb6a20a54119183593339b9042d22bac57c8f4ed91a35ee575,4,"WALLIS, Nick",SEX PARTY,False,Other/Independent,806,40794,True
vic_la_2014,South Barwon,south-barwon,general-election,https://itsitecoreblobvecprd01.blob.core.windows.net/public-files/historical-results/state2014/southbarwondistrict.html,449e8c42ab8ea9eb6a20a54119183593339b9042d22bac57c8f4ed91a35ee575,5,"CHARA, Stephen",AUSTRALIAN COUNTRY ALLIANCE,False,Other/Independent,459,40794,True
vic_la_2014,South Barwon,south-barwon,general-election,https://itsitecoreblobvecprd01.blob.core.windows.net/public-files/historical-results/state2014/southbarwondistrict.html,449e8c42ab8ea9eb6a20a54119183593339b9042d22bac57c8f4ed91a35ee575,6,"KATOS, Andrew",LIBERAL,False,Coalition,18869,40794,True
vic_la_2014,South Barwon,south-barwon,general-election,https://itsitecoreblobvecprd01.blob.core.windows.net/public-files/historical-results/state2014/southbarwondistrict.html,449e8c42ab8ea9eb6a20a54119183593339b9042d22bac57c8f4ed91a35ee575,7,"BUTLER, Kevin",DEMOCRATIC LABOUR PARTY (DLP),False,Other/Independent,472,40794,True
vic_la_2014,South Barwon,south-barwon,general-election,https://itsitecoreblobvecprd01.blob.core.windows.net/public-files/historical-results/state2014/southbarwondistrict.html,449e8c42ab8ea9eb6a20a54119183593339b9042d22bac57c8f4ed91a35ee575,8,"RICHARDS, Andy",AUSTRALIAN LABOR PARTY,False,ALP,13618,40794,True
vic_la_2014,South-West Coast,south-west-coast,general-election,https://itsitecoreblobvecprd01.blob.core.windows.net/public-files/historical-results/state2014/south-westcoastdistrict.html,2a7ab4af1671705418e5a6c7f42fe936df4646f616e721d2983b2cf59e4f175b,1,"CAMPBELL, Thomas",AUSTRALIAN GREENS,False,Greens,3993,40782,True
vic_la_2014,South-West Coast,south-west-coast,general-election,https://itsitecoreblobvecprd01.blob.core.windows.net/public-files/historical-results/state2014/south-westcoastdistrict.html,2a7ab4af1671705418e5a6c7f42fe936df4646f616e721d2983b2cf59e4f175b,2,"McCLUSKEY, Michael",,True,Other/Independent,654,40782,True
vic_la_2014,South-West Coast,south-west-coast,general-election,https://itsitecoreblobvecprd01.blob.core.windows.net/public-files/historical-results/state2014/south-westcoastdistrict.html,2a7ab4af1671705418e5a6c7f42fe936df4646f616e721d2983b2cf59e4f175b,3,"MOORE, Steven",AUSTRALIAN COUNTRY ALLIANCE,False,Other/Independent,945,40782,True
vic_la_2014,South-West Coast,south-west-coast,general-election,https://itsitecoreblobvecprd01.blob.core.windows.net/public-files/historical-results/state2014/south-westcoastdistrict.html,2a7ab4af1671705418e5a6c7f42fe936df4646f616e721d2983b2cf59e4f175b,4,"SMITH, Linda K.",,True,Other/Independent,449,40782,True
vic_la_2014,South-West Coast,south-west-coast,general-election,https://itsitecoreblobvecprd01.blob.core.windows.net/public-files/historical-results/state2014/south-westcoastdistrict.html,2a7ab4af1671705418e5a6c7f42fe936df4646f616e721d2983b2cf59e4f175b,5,"REEKIE, Roy",AUSTRALIAN LABOR PARTY,False,ALP,11507,40782,True
vic_la_2014,South-West Coast,south-west-coast,general-election,https://itsitecoreblobvecprd01.blob.core.windows.net/public-files/historical-results/state2014/south-westcoastdistrict.html,2a7ab4af1671705418e5a6c7f42fe936df4646f616e721d2983b2cf59e4f175b,6,"NAPTHINE, Denis",LIBERAL,False,Coalition,23234,40782,True
vic_la_2014,St Albans,st-albans,general-election,https://itsitecoreblobvecprd01.blob.core.windows.net/public-files/historical-results/state2014/stalbansdistrict.html,fe9501da4b9d5619ac42f67b261f1aa27af7bb6b1b0be6976114b152340c9e82,1,"DEEMING, Moira",LIBERAL,False,Coalition,10215,38003,True
vic_la_2014,St Albans,st-albans,general-election,https://itsitecoreblobvecprd01.blob.core.windows.net/public-files/historical-results/state2014/stalbansdistrict.html,fe9501da4b9d5619ac42f67b261f1aa27af7bb6b1b0be6976114b152340c9e82,2,"BOULOS, Marvet",AUSTRALIAN CHRISTIANS,False,Other/Independent,1080,38003,True
vic_la_2014,St Albans,st-albans,general-election,https://itsitecoreblobvecprd01.blob.core.windows.net/public-files/historical-results/state2014/stalbansdistrict.html,fe9501da4b9d5619ac42f67b261f1aa27af7bb6b1b0be6976114b152340c9e82,3,"ASBURY, Lisa",AUSTRALIAN GREENS,False,Greens,3475,38003,True
vic_la_2014,St Albans,st-albans,general-election,https://itsitecoreblobvecprd01.blob.core.windows.net/public-files/historical-results/state2014/stalbansdistrict.html,fe9501da4b9d5619ac42f67b261f1aa27af7bb6b1b0be6976114b152340c9e82,4,"SULEYMAN, Natalie",AUSTRALIAN LABOR PARTY,False,ALP,21435,38003,True
vic_la_2014,St Albans,st-albans,general-election,https://itsitecoreblobvecprd01.blob.core.windows.net/public-files/historical-results/state2014/stalbansdistrict.html,fe9501da4b9d5619ac42f67b261f1aa27af7bb6b1b0be6976114b152340c9e82,5,"KLAJN, Irena Teresa",,True,Other/Independent,374,38003,True
vic_la_2014,St Albans,st-albans,general-election,https://itsitecoreblobvecprd01.blob.core.windows.net/public-files/historical-results/state2014/stalbansdistrict.html,fe9501da4b9d5619ac42f67b261f1aa27af7bb6b1b0be6976114b152340c9e82,6,"AUMUA, Pat",VOICE FOR THE WEST,False,Other/Independent,1424,38003,True
vic_la_2014,Sunbury,sunbury,general-election,https://itsitecoreblobvecprd01.blob.core.windows.net/public-files/historical-results/state2014/sunburydistrict.html,f439d764e90f4fdc30ec7b471d4421e26bcb34c524e679950d7f344981baf179,1,"WEBB, Ella",AUSTRALIAN GREENS,False,Greens,2918,37091,True
vic_la_2014,Sunbury,sunbury,general-election,https://itsitecoreblobvecprd01.blob.core.windows.net/public-files/historical-results/state2014/sunburydistrict.html,f439d764e90f4fdc30ec7b471d4421e26bcb34c524e679950d7f344981baf179,2,"WILLIAMS, Charles",AUSTRALIAN CHRISTIANS,False,Other/Independent,802,37091,True
vic_la_2014,Sunbury,sunbury,general-election,https://itsitecoreblobvecprd01.blob.core.windows.net/public-files/historical-results/state2014/sunburydistrict.html,f439d764e90f4fdc30ec7b471d4421e26bcb34c524e679950d7f344981baf179,3,"LOPEZ, Billy",,True,Other/Independent,395,37091,True
vic_la_2014,Sunbury,sunbury,general-election,https://itsitecoreblobvecprd01.blob.core.windows.net/public-files/historical-results/state2014/sunburydistrict.html,f439d764e90f4fdc30ec7b471d4421e26bcb34c524e679950d7f344981baf179,4,"HAGAN, Jo",LIBERAL,False,Coalition,13384,37091,True
vic_la_2014,Sunbury,sunbury,general-election,https://itsitecoreblobvecprd01.blob.core.windows.net/public-files/historical-results/state2014/sunburydistrict.html,f439d764e90f4fdc30ec7b471d4421e26bcb34c524e679950d7f344981baf179,5,"HUGHES, Vern",VOICE FOR THE WEST,False,Other/Independent,384,37091,True
vic_la_2014,Sunbury,sunbury,general-election,https://itsitecoreblobvecprd01.blob.core.windows.net/public-files/historical-results/state2014/sunburydistrict.html,f439d764e90f4fdc30ec7b471d4421e26bcb34c524e679950d7f344981baf179,6,"MEDCRAFT, Steve Jack",,True,Other/Independent,2850,37091,True
vic_la_2014,Sunbury,sunbury,general-election,https://itsitecoreblobvecprd01.blob.core.windows.net/public-files/historical-results/state2014/sunburydistrict.html,f439d764e90f4fdc30ec7b471d4421e26bcb34c524e679950d7f344981baf179,7,"BULL, Josh",AUSTRALIAN LABOR PARTY,False,ALP,16358,37091,True
vic_la_2014,Sydenham,sydenham,general-election,https://itsitecoreblobvecprd01.blob.core.windows.net/public-files/historical-results/state2014/sydenhamdistrict.html,0f0fd6f11deba1ce6418df6d98827e241cc9780108b6b4c37ca263eefe2bbdcc,1,"SCHLOTZER, Alex",AUSTRALIAN GREENS,False,Greens,2814,39660,True
vic_la_2014,Sydenham,sydenham,general-election,https://itsitecoreblobvecprd01.blob.core.windows.net/public-files/historical-results/state2014/sydenhamdistrict.html,0f0fd6f11deba1ce6418df6d98827e241cc9780108b6b4c37ca263eefe2bbdcc,2,"VARANO, John",LIBERAL,False,Coalition,11112,39660,True
vic_la_2014,Sydenham,sydenham,general-election,https://itsitecoreblobvecprd01.blob.core.windows.net/public-files/historical-results/state2014/sydenhamdistrict.html,0f0fd6f11deba1ce6418df6d98827e241cc9780108b6b4c37ca263eefe2bbdcc,3,"HUTCHINS, Natalie",AUSTRALIAN LABOR PARTY,False,ALP,22752,39660,True
vic_la_2014,Sydenham,sydenham,general-election,https://itsitecoreblobvecprd01.blob.core.windows.net/public-files/historical-results/state2014/sydenhamdistrict.html,0f0fd6f11deba1ce6418df6d98827e241cc9780108b6b4c37ca263eefe2bbdcc,4,"CHRISTOFIDIS, Nadia",AUSTRALIAN CHRISTIANS,False,Other/Independent,1225,39660,True
vic_la_2014,Sydenham,sydenham,general-election,https://itsitecoreblobvecprd01.blob.core.windows.net/public-files/historical-results/state2014/sydenhamdistrict.html,0f0fd6f11deba1ce6418df6d98827e241cc9780108b6b4c37ca263eefe2bbdcc,5,"McKERRAL, Shaun",VOICE FOR THE WEST,False,Other/Independent,1757,39660,True
vic_la_2014,Tarneit,tarneit,general-election,https://itsitecoreblobvecprd01.blob.core.windows.net/public-files/historical-results/state2014/tarneitdistrict.html,08cc3aed0f811000d9fbda94779a48f4cae9696843834183dba90707efc67a59,1,"BAGUOT, Lem",AUSTRALIAN CHRISTIANS,False,Other/Independent,1603,37280,True
vic_la_2014,Tarneit,tarneit,general-election,https://itsitecoreblobvecprd01.blob.core.windows.net/public-files/historical-results/state2014/tarneitdistrict.html,08cc3aed0f811000d9fbda94779a48f4cae9696843834183dba90707efc67a59,2,"WARING, Rohan",AUSTRALIAN GREENS,False,Greens,3360,37280,True
vic_la_2014,Tarneit,tarneit,general-election,https://itsitecoreblobvecprd01.blob.core.windows.net/public-files/historical-results/state2014/tarneitdistrict.html,08cc3aed0f811000d9fbda94779a48f4cae9696843834183dba90707efc67a59,3,"LANGUILLER, Telmo",AUSTRALIAN LABOR PARTY,False,ALP,17446,37280,True
vic_la_2014,Tarneit,tarneit,general-election,https://itsitecoreblobvecprd01.blob.core.windows.net/public-files/historical-results/state2014/tarneitdistrict.html,08cc3aed0f811000d9fbda94779a48f4cae9696843834183dba90707efc67a59,4,"LOI, Chin",,True,Other/Independent,491,37280,True
vic_la_2014,Tarneit,tarneit,general-election,https://itsitecoreblobvecprd01.blob.core.windows.net/public-files/historical-results/state2014/tarneitdistrict.html,08cc3aed0f811000d9fbda94779a48f4cae9696843834183dba90707efc67a59,5,"GOURISETTY, Dinesh",LIBERAL,False,Coalition,9839,37280,True
vic_la_2014,Tarneit,tarneit,general-election,https://itsitecoreblobvecprd01.blob.core.windows.net/public-files/historical-results/state2014/tarneitdistrict.html,08cc3aed0f811000d9fbda94779a48f4cae9696843834183dba90707efc67a59,6,"GOVENDER, Seelan",FAMILY FIRST,False,Other/Independent,931,37280,True
vic_la_2014,Tarneit,tarneit,general-election,https://itsitecoreblobvecprd01.blob.core.windows.net/public-files/historical-results/state2014/tarneitdistrict.html,08cc3aed0f811000d9fbda94779a48f4cae9696843834183dba90707efc67a59,7,"FRANCIS, Clement",RISE UP AUSTRALIA PARTY,False,Other/Independent,657,37280,True
vic_la_2014,Tarneit,tarneit,general-election,https://itsitecoreblobvecprd01.blob.core.windows.net/public-files/historical-results/state2014/tarneitdistrict.html,08cc3aed0f811000d9fbda94779a48f4cae9696843834183dba90707efc67a59,8,"SYED, Abdul Mujeeb",VOICE FOR THE WEST,False,Other/Independent,1106,37280,True
vic_la_2014,Tarneit,tarneit,general-election,https://itsitecoreblobvecprd01.blob.core.windows.net/public-files/historical-results/state2014/tarneitdistrict.html,08cc3aed0f811000d9fbda94779a48f4cae9696843834183dba90707efc67a59,9,"ALI, Safwat",,True,Other/Independent,764,37280,True
vic_la_2014,Tarneit,tarneit,general-election,https://itsitecoreblobvecprd01.blob.core.windows.net/public-files/historical-results/state2014/tarneitdistrict.html,08cc3aed0f811000d9fbda94779a48f4cae9696843834183dba90707efc67a59,10,"BAUCH, Joh",,True,Other/Independent,1083,37280,True
vic_la_2014,Thomastown,thomastown,general-election,https://itsitecoreblobvecprd01.blob.core.windows.net/public-files/historical-results/state2014/thomastowndistrict.html,d7e0cd701690d8cf7c129af8053e1a49a32671cb9bf29c39bc7daacfb97ac570,1,"Di PALMA, Thomas",,True,Other/Independent,1753,34162,True
vic_la_2014,Thomastown,thomastown,general-election,https://itsitecoreblobvecprd01.blob.core.windows.net/public-files/historical-results/state2014/thomastowndistrict.html,d7e0cd701690d8cf7c129af8053e1a49a32671cb9bf29c39bc7daacfb97ac570,2,"HALFPENNY, Bronwyn",AUSTRALIAN LABOR PARTY,False,ALP,22786,34162,True
vic_la_2014,Thomastown,thomastown,general-election,https://itsitecoreblobvecprd01.blob.core.windows.net/public-files/historical-results/state2014/thomastowndistrict.html,d7e0cd701690d8cf7c129af8053e1a49a32671cb9bf29c39bc7daacfb97ac570,3,"SCHNEIDER-JOHNSON, Trent",FAMILY FIRST,False,Other/Independent,2047,34162,True
vic_la_2014,Thomastown,thomastown,general-election,https://itsitecoreblobvecprd01.blob.core.windows.net/public-files/historical-results/state2014/thomastowndistrict.html,d7e0cd701690d8cf7c129af8053e1a49a32671cb9bf29c39bc7daacfb97ac570,4,"WILLIAMSON, Ian",AUSTRALIAN GREENS,False,Greens,1775,34162,True
vic_la_2014,Thomastown,thomastown,general-election,https://itsitecoreblobvecprd01.blob.core.windows.net/public-files/historical-results/state2014/thomastowndistrict.html,d7e0cd701690d8cf7c129af8053e1a49a32671cb9bf29c39bc7daacfb97ac570,5,"GURSAHANI, Nitin",LIBERAL,False,Coalition,5801,34162,True
vic_la_2014,Warrandyte,warrandyte,general-election,https://itsitecoreblobvecprd01.blob.core.windows.net/public-files/historical-results/state2014/warrandytedistrict.html,7382dc3a6c3016fb276bf50cccf68060308e26681461296acc82a94325814398,1,"KENT, Steven",AUSTRALIAN LABOR PARTY,False,ALP,11289,38636,True
vic_la_2014,Warrandyte,warrandyte,general-election,https://itsitecoreblobvecprd01.blob.core.windows.net/public-files/historical-results/state2014/warrandytedistrict.html,7382dc3a6c3016fb276bf50cccf68060308e26681461296acc82a94325814398,2,"LYON, Keith",AUSTRALIAN COUNTRY ALLIANCE,False,Other/Independent,446,38636,True
vic_la_2014,Warrandyte,warrandyte,general-election,https://itsitecoreblobvecprd01.blob.core.windows.net/public-files/historical-results/state2014/warrandytedistrict.html,7382dc3a6c3016fb276bf50cccf68060308e26681461296acc82a94325814398,3,"SMITH, Ryan",LIBERAL,False,Coalition,21982,38636,True
vic_la_2014,Warrandyte,warrandyte,general-election,https://itsitecoreblobvecprd01.blob.core.windows.net/public-files/historical-results/state2014/warrandytedistrict.html,7382dc3a6c3016fb276bf50cccf68060308e26681461296acc82a94325814398,4,"CRANSTON, Richard",AUSTRALIAN GREENS,False,Greens,4032,38636,True
vic_la_2014,Warrandyte,warrandyte,general-election,https://itsitecoreblobvecprd01.blob.core.windows.net/public-files/historical-results/state2014/warrandytedistrict.html,7382dc3a6c3016fb276bf50cccf68060308e26681461296acc82a94325814398,5,"LEACH, David",AUSTRALIAN CHRISTIANS,False,Other/Independent,887,38636,True
vic_la_2014,Wendouree,wendouree,general-election,https://itsitecoreblobvecprd01.blob.core.windows.net/public-files/historical-results/state2014/wendoureedistrict.html,e29760bdc33a49ce519b3f5768ad9178f2a361ab763d30e78fe5945d992ad0bc,1,"HASTIE, Liam",SEX PARTY,False,Other/Independent,1387,36333,True
vic_la_2014,Wendouree,wendouree,general-election,https://itsitecoreblobvecprd01.blob.core.windows.net/public-files/historical-results/state2014/wendoureedistrict.html,e29760bdc33a49ce519b3f5768ad9178f2a361ab763d30e78fe5945d992ad0bc,2,"KNIGHT, Sharon",AUSTRALIAN LABOR PARTY,False,ALP,15712,36333,True
vic_la_2014,Wendouree,wendouree,general-election,https://itsitecoreblobvecprd01.blob.core.windows.net/public-files/historical-results/state2014/wendoureedistrict.html,e29760bdc33a49ce519b3f5768ad9178f2a361ab763d30e78fe5945d992ad0bc,3,"O'SHEA, Sheila",RISE UP AUSTRALIA PARTY,False,Other/Independent,201,36333,True
vic_la_2014,Wendouree,wendouree,general-election,https://itsitecoreblobvecprd01.blob.core.windows.net/public-files/historical-results/state2014/wendoureedistrict.html,e29760bdc33a49ce519b3f5768ad9178f2a361ab763d30e78fe5945d992ad0bc,4,"FENN, Cielo",FAMILY FIRST,False,Other/Independent,653,36333,True
vic_la_2014,Wendouree,wendouree,general-election,https://itsitecoreblobvecprd01.blob.core.windows.net/public-files/historical-results/state2014/wendoureedistrict.html,e29760bdc33a49ce519b3f5768ad9178f2a361ab763d30e78fe5945d992ad0bc,5,"COLTMAN, Craig",LIBERAL,False,Coalition,14408,36333,True
vic_la_2014,Wendouree,wendouree,general-election,https://itsitecoreblobvecprd01.blob.core.windows.net/public-files/historical-results/state2014/wendoureedistrict.html,e29760bdc33a49ce519b3f5768ad9178f2a361ab763d30e78fe5945d992ad0bc,6,"BARNES, Alice",AUSTRALIAN GREENS,False,Greens,3629,36333,True
vic_la_2014,Wendouree,wendouree,general-election,https://itsitecoreblobvecprd01.blob.core.windows.net/public-files/historical-results/state2014/wendoureedistrict.html,e29760bdc33a49ce519b3f5768ad9178f2a361ab763d30e78fe5945d992ad0bc,7,"BUCHHOLZ, John",AUSTRALIAN COUNTRY ALLIANCE,False,Other/Independent,343,36333,True
vic_la_2014,Werribee,werribee,general-election,https://itsitecoreblobvecprd01.blob.core.windows.net/public-files/historical-results/state2014/werribeedistrict.html,1928a5fbe8e20b78c7cc50cb577865d8825196665f4a1f50c642bfb7163ce168,1,"PALLAS, Tim",AUSTRALIAN LABOR PARTY,False,ALP,20338,35926,True
vic_la_2014,Werribee,werribee,general-election,https://itsitecoreblobvecprd01.blob.core.windows.net/public-files/historical-results/state2014/werribeedistrict.html,1928a5fbe8e20b78c7cc50cb577865d8825196665f4a1f50c642bfb7163ce168,2,"SINGH, Tarun",LIBERAL,False,Coalition,10327,35926,True
vic_la_2014,Werribee,werribee,general-election,https://itsitecoreblobvecprd01.blob.core.windows.net/public-files/historical-results/state2014/werribeedistrict.html,1928a5fbe8e20b78c7cc50cb577865d8825196665f4a1f50c642bfb7163ce168,3,"SHEFFIELD-BROTHERTON, Bro",AUSTRALIAN GREENS,False,Greens,3049,35926,True
vic_la_2014,Werribee,werribee,general-election,https://itsitecoreblobvecprd01.blob.core.windows.net/public-files/historical-results/state2014/werribeedistrict.html,1928a5fbe8e20b78c7cc50cb577865d8825196665f4a1f50c642bfb7163ce168,4,"TRAN, Nhan Hoang",VOICE FOR THE WEST,False,Other/Independent,1045,35926,True
vic_la_2014,Werribee,werribee,general-election,https://itsitecoreblobvecprd01.blob.core.windows.net/public-files/historical-results/state2014/werribeedistrict.html,1928a5fbe8e20b78c7cc50cb577865d8825196665f4a1f50c642bfb7163ce168,5,"OKUMU, Anne",AUSTRALIAN CHRISTIANS,False,Other/Independent,1167,35926,True
vic_la_2014,Williamstown,williamstown,general-election,https://itsitecoreblobvecprd01.blob.core.windows.net/public-files/historical-results/state2014/williamstowndistrict.html,2d77cff21efa0a5f35ee97fc51f8f1bf8c559d200e371f94250af01d4fdf6797,1,"KREPP, Libby",VOICE FOR THE WEST,False,Other/Independent,2268,41258,True
vic_la_2014,Williamstown,williamstown,general-election,https://itsitecoreblobvecprd01.blob.core.windows.net/public-files/historical-results/state2014/williamstowndistrict.html,2d77cff21efa0a5f35ee97fc51f8f1bf8c559d200e371f94250af01d4fdf6797,2,"SHEA, Alan",LIBERAL,False,Coalition,11569,41258,True
vic_la_2014,Williamstown,williamstown,general-election,https://itsitecoreblobvecprd01.blob.core.windows.net/public-files/historical-results/state2014/williamstowndistrict.html,2d77cff21efa0a5f35ee97fc51f8f1bf8c559d200e371f94250af01d4fdf6797,3,"NOONAN, Wade",AUSTRALIAN LABOR PARTY,False,ALP,18417,41258,True
vic_la_2014,Williamstown,williamstown,general-election,https://itsitecoreblobvecprd01.blob.core.windows.net/public-files/historical-results/state2014/williamstowndistrict.html,2d77cff21efa0a5f35ee97fc51f8f1bf8c559d200e371f94250af01d4fdf6797,4,"CRAWFORD, Simon",AUSTRALIAN GREENS,False,Greens,8547,41258,True
vic_la_2014,Williamstown,williamstown,general-election,https://itsitecoreblobvecprd01.blob.core.windows.net/public-files/historical-results/state2014/williamstowndistrict.html,2d77cff21efa0a5f35ee97fc51f8f1bf8c559d200e371f94250af01d4fdf6797,5,"WEHBE, Khalil",,True,Other/Independent,457,41258,True
vic_la_2014,Yan Yean,yan-yean,general-election,https://itsitecoreblobvecprd01.blob.core.windows.net/public-files/historical-results/state2014/yanyeandistrict.html,02460965c437c6af85e4aaf8a1849cb227d2d5dc32301d0c455e4ec8a4f78233,1,"STEVENS, Bruce",AUSTRALIAN COUNTRY ALLIANCE,False,Other/Independent,715,40689,True
vic_la_2014,Yan Yean,yan-yean,general-election,https://itsitecoreblobvecprd01.blob.core.windows.net/public-files/historical-results/state2014/yanyeandistrict.html,02460965c437c6af85e4aaf8a1849cb227d2d5dc32301d0c455e4ec8a4f78233,2,"CLARK, Rob",SHOOTERS AND FISHERS PARTY VICTORIA,False,Other/Independent,1111,40689,True
vic_la_2014,Yan Yean,yan-yean,general-election,https://itsitecoreblobvecprd01.blob.core.windows.net/public-files/historical-results/state2014/yanyeandistrict.html,02460965c437c6af85e4aaf8a1849cb227d2d5dc32301d0c455e4ec8a4f78233,3,"SACCHERO, Daniel",AUSTRALIAN GREENS,False,Greens,2945,40689,True
vic_la_2014,Yan Yean,yan-yean,general-election,https://itsitecoreblobvecprd01.blob.core.windows.net/public-files/historical-results/state2014/yanyeandistrict.html,02460965c437c6af85e4aaf8a1849cb227d2d5dc32301d0c455e4ec8a4f78233,4,"GREEN, Danielle",AUSTRALIAN LABOR PARTY,False,ALP,17499,40689,True
vic_la_2014,Yan Yean,yan-yean,general-election,https://itsitecoreblobvecprd01.blob.core.windows.net/public-files/historical-results/state2014/yanyeandistrict.html,02460965c437c6af85e4aaf8a1849cb227d2d5dc32301d0c455e4ec8a4f78233,5,"OZTURK, Sam",LIBERAL,False,Coalition,17030,40689,True
vic_la_2014,Yan Yean,yan-yean,general-election,https://itsitecoreblobvecprd01.blob.core.windows.net/public-files/historical-results/state2014/yanyeandistrict.html,02460965c437c6af85e4aaf8a1849cb227d2d5dc32301d0c455e4ec8a4f78233,6,"ROELINK, Geraldine",RISE UP AUSTRALIA PARTY,False,Other/Independent,232,40689,True
vic_la_2014,Yan Yean,yan-yean,general-election,https://itsitecoreblobvecprd01.blob.core.windows.net/public-files/historical-results/state2014/yanyeandistrict.html,02460965c437c6af85e4aaf8a1849cb227d2d5dc32301d0c455e4ec8a4f78233,7,"BAKER, Rodney",FAMILY FIRST,False,Other/Independent,1157,40689,True
vic_la_2014,Yuroke,yuroke,general-election,https://itsitecoreblobvecprd01.blob.core.windows.net/public-files/historical-results/state2014/yurokedistrict.html,c0d37d1fbf5181ab3e94e8bcf2b946f5d57e68e221ef30f4fce19161b6ad2eb6,1,"LE NEPVEU, Rodney",FAMILY FIRST,False,Other/Independent,1868,37867,True
vic_la_2014,Yuroke,yuroke,general-election,https://itsitecoreblobvecprd01.blob.core.windows.net/public-files/historical-results/state2014/yurokedistrict.html,c0d37d1fbf5181ab3e94e8bcf2b946f5d57e68e221ef30f4fce19161b6ad2eb6,2,"HIRMIZ, Imad",AUSTRALIAN CHRISTIANS,False,Other/Independent,2689,37867,True
vic_la_2014,Yuroke,yuroke,general-election,https://itsitecoreblobvecprd01.blob.core.windows.net/public-files/historical-results/state2014/yurokedistrict.html,c0d37d1fbf5181ab3e94e8bcf2b946f5d57e68e221ef30f4fce19161b6ad2eb6,3,"SPENCE, Ros",AUSTRALIAN LABOR PARTY,False,ALP,20484,37867,True
vic_la_2014,Yuroke,yuroke,general-election,https://itsitecoreblobvecprd01.blob.core.windows.net/public-files/historical-results/state2014/yurokedistrict.html,c0d37d1fbf5181ab3e94e8bcf2b946f5d57e68e221ef30f4fce19161b6ad2eb6,4,"WILKINS, Mick",,True,Other/Independent,1606,37867,True
vic_la_2014,Yuroke,yuroke,general-election,https://itsitecoreblobvecprd01.blob.core.windows.net/public-files/historical-results/state2014/yurokedistrict.html,c0d37d1fbf5181ab3e94e8bcf2b946f5d57e68e221ef30f4fce19161b6ad2eb6,5,"ABBOUD, Natalie",AUSTRALIAN GREENS,False,Greens,2277,37867,True
vic_la_2014,Yuroke,yuroke,general-election,https://itsitecoreblobvecprd01.blob.core.windows.net/public-files/historical-results/state2014/yurokedistrict.html,c0d37d1fbf5181ab3e94e8bcf2b946f5d57e68e221ef30f4fce19161b6ad2eb6,6,"GREWAL, Phulvinderjit",LIBERAL,False,Coalition,8943,37867,True
