election_id,region_id,region_name,candidate_name,party_name,first_preference_votes,formal_votes,quota,source_url,source_sha256
vic_lc_2018,eastern-metropolitan-region,Eastern Metropolitan Region,"FORD, Brenton",LIBERAL DEMOCRATS,17231,418532,69756,https://itsitecoreblobvecprd01.blob.core.windows.net/public-files/historical-results/state2018/easternmetropolitanregion.html,0f7af29e0945a378e2ceec940f2d0ef0b5ab04787b18acaf6c5e6b768a9b721c
vic_lc_2018,eastern-metropolitan-region,Eastern Metropolitan Region,"FERNANDES, Marcos",LIBERAL DEMOCRATS,221,418532,69756,https://itsitecoreblobvecprd01.blob.core.windows.net/public-files/historical-results/state2018/easternmetropolitanregion.html,0f7af29e0945a378e2ceec940f2d0ef0b5ab04787b18acaf6c5e6b768a9b721c
vic_lc_2018,eastern-metropolitan-region,Eastern Metropolitan Region,"BIVIECA AQUINO, Indhira",AUSTRALIAN LIBERTY ALLIANCE,1859,418532,69756,https://itsitecoreblobvecprd01.blob.core.windows.net/public-files/historical-results/state2018/easternmetropolitanregion.html,0f7af29e0945a378e2ceec940f2d0ef0b5ab04787b18acaf6c5e6b768a9b721c
vic_lc_2018,eastern-metropolitan-region,Eastern Metropolitan Region,"WILDING, Royston",AUSTRALIAN LIBERTY ALLIANCE,71,418532,69756,https://itsitecoreblobvecprd01.blob.core.windows.net/public-files/historical-results/state2018/easternmetropolitanregion.html,0f7af29e0945a378e2ceec940f2d0ef0b5ab04787b18acaf6c5e6b768a9b721c
vic_lc_2018,eastern-metropolitan-region,Eastern Metropolitan Region,"ERIKOZU, Mel",AUSTRALIAN COUNTRY PARTY,1141,418532,69756,https://itsitecoreblobvecprd01.blob.core.windows.net/public-files/historical-results/state2018/easternmetropolitanregion.html,0f7af29e0945a378e2ceec940f2d0ef0b5ab04787b18acaf6c5e6b768a9b721c
vic_lc_2018,eastern-metropolitan-region,Eastern Metropolitan Region,"PROUD, Russel",AUSTRALIAN COUNTRY PARTY,43,418532,69756,https://itsitecoreblobvecprd01.blob.core.windows.net/public-files/historical-results/state2018/easternmetropolitanregion.html,0f7af29e0945a378e2ceec940f2d0ef0b5ab04787b18acaf6c5e6b768a9b721c
vic_lc_2018,eastern-metropolitan-region,Eastern Metropolitan Region,"RUNDLE, Norrian",VICTORIAN SOCIALISTS,1735,418532,69756,https://itsitecoreblobvecprd01.blob.core.windows.net/public-files/historical-results/state2018/easternmetropolitanregion.html,0f7af29e0945a378e2ceec940f2d0ef0b5ab04787b18acaf6c5e6b768a9b721c
vic_lc_2018,eastern-metropolitan-region,Eastern Metropolitan Region,"WARD, Liam",VICTORIAN SOCIALISTS,152,418532,69756,https://itsitecoreblobvecprd01.blob.core.windows.net/public-files/historical-results/state2018/easternmetropolitanregion.html,0f7af29e0945a378e2ceec940f2d0ef0b5ab04787b18acaf6c5e6b768a9b721c
vic_lc_2018,eastern-metropolitan-region,Eastern Metropolitan Region,"BARTON, Rodney Brian",TRANSPORT MATTERS,2508,418532,69756,https://itsitecoreblobvecprd01.blob.core.windows.net/public-files/historical-results/state2018/easternmetropolitanregion.html,0f7af29e0945a378e2ceec940f2d0ef0b5ab04787b18acaf6c5e6b768a9b721c
vic_lc_2018,eastern-metropolitan-region,Eastern Metropolitan Region,"PETERS, Toni Frances",TRANSPORT MATTERS,82,418532,69756,https://itsitecoreblobvecprd01.blob.core.windows.net/public-files/historical-results/state2018/easternmetropolitanregion.html,0f7af29e0945a378e2ceec940f2d0ef0b5ab04787b18acaf6c5e6b768a9b721c
vic_lc_2018,eastern-metropolitan-region,Eastern Metropolitan Region,"WOOLDRIDGE, Mary",LIBERAL,149448,418532,69756,https://itsitecoreblobvecprd01.blob.core.windows.net/public-files/historical-results/state2018/easternmetropolitanregion.html,0f7af29e0945a378e2ceec940f2d0ef0b5ab04787b18acaf6c5e6b768a9b721c
vic_lc_2018,eastern-metropolitan-region,Eastern Metropolitan Region,"ATKINSON, Bruce",LIBERAL,749,418532,69756,https://itsitecoreblobvecprd01.blob.core.windows.net/public-files/historical-results/state2018/easternmetropolitanregion.html,0f7af29e0945a378e2ceec940f2d0ef0b5ab04787b18acaf6c5e6b768a9b721c
vic_lc_2018,eastern-metropolitan-region,Eastern Metropolitan Region,"CICCHIELLO, Emanuele",LIBERAL,303,418532,69756,https://itsitecoreblobvecprd01.blob.core.windows.net/public-files/historical-results/state2018/easternmetropolitanregion.html,0f7af29e0945a378e2ceec940f2d0ef0b5ab04787b18acaf6c5e6b768a9b721c
vic_lc_2018,eastern-metropolitan-region,Eastern Metropolitan Region,"ROY, Grace",LIBERAL,450,418532,69756,https://itsitecoreblobvecprd01.blob.core.windows.net/public-files/historical-results/state2018/easternmetropolitanregion.html,0f7af29e0945a378e2ceec940f2d0ef0b5ab04787b18acaf6c5e6b768a9b721c
vic_lc_2018,eastern-metropolitan-region,Eastern Metropolitan Region,"HEGDE, Shilpa",LIBERAL,266,418532,69756,https://itsitecoreblobvecprd01.blob.core.windows.net/public-files/historical-results/state2018/easternmetropolitanregion.html,0f7af29e0945a378e2ceec940f2d0ef0b5ab04787b18acaf6c5e6b768a9b721c
vic_lc_2018,eastern-metropolitan-region,Eastern Metropolitan Region,"LEANE, Shaun",AUSTRALIAN LABOR PARTY,151315,418532,69756,https://itsitecoreblobvecprd01.blob.core.windows.net/public-files/historical-results/state2018/easternmetropolitanregion.html,0f7af29e0945a378e2ceec940f2d0ef0b5ab04787b18acaf6c5e6b768a9b721c
vic_lc_2018,eastern-metropolitan-region,Eastern Metropolitan Region,"TERPSTRA, Sonja",AUSTRALIAN LABOR PARTY,1462,418532,69756,https://itsitecoreblobvecprd01.blob.core.windows.net/public-files/historical-results/state2018/easternmetropolitanregion.html,0f7af29e0945a378e2ceec940f2d0ef0b5ab04787b18acaf6c5e6b768a9b721c
vic_lc_2018,eastern-metropolitan-region,Eastern Metropolitan Region,"GADANI, Nildhara",AUSTRALIAN LABOR PARTY,827,418532,69756,https://itsitecoreblobvecprd01.blob.core.windows.net/public-files/historical-results/state2018/easternmetropolitanregion.html,0f7af29e0945a378e2ceec940f2d0ef0b5ab04787b18acaf6c5e6b768a9b721c
vic_lc_2018,eastern-metropolitan-region,Eastern Metropolitan Region,ABHIMANYU KUMAR,AUSTRALIAN LABOR PARTY,700,418532,69756,https://itsitecoreblobvecprd01.blob.core.windows.net/public-files/historical-results/state2018/easternmetropolitanregion.html,0f7af29e0945a378e2ceec940f2d0ef0b5ab04787b18acaf6c5e6b768a9b721c
vic_lc_2018,eastern-metropolitan-region,Eastern Metropolitan Region,"TERZIC, Barry",AUSTRALIAN LABOR PARTY,412,418532,69756,https://itsitecoreblobvecprd01.blob.core.windows.net/public-files/historical-results/state2018/easternmetropolitanregion.html,0f7af29e0945a378e2ceec940f2d0ef0b5ab04787b18acaf6c5e6b768a9b721c
vic_lc_2018,eastern-metropolitan-region,Eastern Metropolitan Region,"ORCHARD, Jeremy",LABOUR DLP,7012,418532,69756,https://itsitecoreblobvecprd01.blob.core.windows.net/public-files/historical-results/state2018/easternmetropolitanregion.html,0f7af29e0945a378e2ceec940f2d0ef0b5ab04787b18acaf6c5e6b768a9b721c
vic_lc_2018,eastern-metropolitan-region,Eastern Metropolitan Region,"CRONSHAW, Benjamin",LABOUR DLP,85,418532,69756,https://itsitecoreblobvecprd01.blob.core.windows.net/public-files/historical-results/state2018/easternmetropolitanregion.html,0f7af29e0945a378e2ceec940f2d0ef0b5ab04787b18acaf6c5e6b768a9b721c
vic_lc_2018,eastern-metropolitan-region,Eastern Metropolitan Region,"LAVIN, Rosemary",ANIMAL JUSTICE PARTY,9838,418532,69756,https://itsitecoreblobvecprd01.blob.core.windows.net/public-files/historical-results/state2018/easternmetropolitanregion.html,0f7af29e0945a378e2ceec940f2d0ef0b5ab04787b18acaf6c5e6b768a9b721c
vic_lc_2018,eastern-metropolitan-region,Eastern Metropolitan Region,"WEYMOUTH, Theresa",ANIMAL JUSTICE PARTY,193,418532,69756,https://itsitecoreblobvecprd01.blob.core.windows.net/public-files/historical-results/state2018/easternmetropolitanregion.html,0f7af29e0945a378e2ceec940f2d0ef0b5ab04787b18acaf6c5e6b768a9b721c
vic_lc_2018,eastern-metropolitan-region,Eastern Metropolitan Region,"DE RANGO, Linda",DERRYN HINCH'S JUSTICE PARTY,10477,418532,69756,https://itsitecoreblobvecprd01.blob.core.windows.net/public-files/historical-results/state2018/easternmetropolitanregion.html,0f7af29e0945a378e2ceec940f2d0ef0b5ab04787b18acaf6c5e6b768a9b721c
vic_lc_2018,eastern-metropolitan-region,Eastern Metropolitan Region,"LAVELL, Kathryn",DERRYN HINCH'S JUSTICE PARTY,106,418532,69756,https://itsitecoreblobvecprd01.blob.core.windows.net/public-files/historical-results/state2018/easternmetropolitanregion.html,0f7af29e0945a378e2ceec940f2d0ef0b5ab04787b18acaf6c5e6b768a9b721c
vic_lc_2018,eastern-metropolitan-region,Eastern Metropolitan Region,"RUYTER, Monique","SHOOTERS, FISHERS & FARMERS VIC",5099,418532,69756,https://itsitecoreblobvecprd01.blob.core.windows.net/public-files/historical-results/state2018/easternmetropolitanregion.html,0f7af29e0945a378e2ceec940f2d0ef0b5ab04787b18acaf6c5e6b768a9b721c
vic_lc_2018,eastern-metropolitan-region,Eastern Metropolitan Region,"POULTON, Grant","SHOOTERS, FISHERS & FARMERS VIC",146,418532,69756,https://itsitecoreblobvecprd01.blob.core.windows.net/public-files/historical-results/state2018/easternmetropolitanregion.html,0f7af29e0945a378e2ceec940f2d0ef0b5ab04787b18acaf6c5e6b768a9b721c
vic_lc_2018,eastern-metropolitan-region,Eastern Metropolitan Region,"RYAN, Dermot E.",VOLUNTARY EUTHANASIA PARTY (VICTORIA),3628,418532,69756,https://itsitecoreblobvecprd01.blob.core.windows.net/public-files/historical-results/state2018/easternmetropolitanregion.html,0f7af29e0945a378e2ceec940f2d0ef0b5ab04787b18acaf6c5e6b768a9b721c
vic_lc_2018,eastern-metropolitan-region,Eastern Metropolitan Region,"NIPE, Tara A.",VOLUNTARY EUTHANASIA PARTY (VICTORIA),94,418532,69756,https://itsitecoreblobvecprd01.blob.core.windows.net/public-files/historical-results/state2018/easternmetropolitanregion.html,0f7af29e0945a378e2ceec940f2d0ef0b5ab04787b18acaf6c5e6b768a9b721c
vic_lc_2018,eastern-metropolitan-region,Eastern Metropolitan Region,"SALOUMI, Lynnette",SUSTAINABLE AUSTRALIA,3210,418532,69756,https://itsitecoreblobvecprd01.blob.core.windows.net/public-files/historical-results/state2018/easternmetropolitanregion.html,0f7af29e0945a378e2ceec940f2d0ef0b5ab04787b18acaf6c5e6b768a9b721c
vic_lc_2018,eastern-metropolitan-region,Eastern Metropolitan Region,"WILKINS, Perrin",SUSTAINABLE AUSTRALIA,190,418532,69756,https://itsitecoreblobvecprd01.blob.core.windows.net/public-files/historical-results/state2018/easternmetropolitanregion.html,0f7af29e0945a378e2ceec940f2d0ef0b5ab04787b18acaf6c5e6b768a9b721c
vic_lc_2018,eastern-metropolitan-region,Eastern Metropolitan Region,"LARSON, Bryce",AUSSIE BATTLER PARTY,2177,418532,69756,https://itsitecoreblobvecprd01.blob.core.windows.net/public-files/historical-results/state2018/easternmetropolitanregion.html,0f7af29e0945a378e2ceec940f2d0ef0b5ab04787b18acaf6c5e6b768a9b721c
vic_lc_2018,eastern-metropolitan-region,Eastern Metropolitan Region,"STERRY, Clyde",AUSSIE BATTLER PARTY,54,418532,69756,https://itsitecoreblobvecprd01.blob.core.windows.net/public-files/historical-results/state2018/easternmetropolitanregion.html,0f7af29e0945a378e2ceec940f2d0ef0b5ab04787b18acaf6c5e6b768a9b721c
vic_lc_2018,eastern-metropolitan-region,Eastern Metropolitan Region,"Van LUENEN, Shelley",HUDSON 4 NV,170,418532,69756,https://itsitecoreblobvecprd01.blob.core.windows.net/public-files/historical-results/state2018/easternmetropolitanregion.html,0f7af29e0945a378e2ceec940f2d0ef0b5ab04787b18acaf6c5e6b768a9b721c
vic_lc_2018,eastern-metropolitan-region,Eastern Metropolitan Region,"BAILEY, Deidre",HUDSON 4 NV,6,418532,69756,https://itsitecoreblobvecprd01.blob.core.windows.net/public-files/historical-results/state2018/easternmetropolitanregion.html,0f7af29e0945a378e2ceec940f2d0ef0b5ab04787b18acaf6c5e6b768a9b721c
vic_lc_2018,eastern-metropolitan-region,Eastern Metropolitan Region,"LEITCH, Douglas",FIONA PATTEN'S REASON PARTY,4839,418532,69756,https://itsitecoreblobvecprd01.blob.core.windows.net/public-files/historical-results/state2018/easternmetropolitanregion.html,0f7af29e0945a378e2ceec940f2d0ef0b5ab04787b18acaf6c5e6b768a9b721c
vic_lc_2018,eastern-metropolitan-region,Eastern Metropolitan Region,"LYNCH, Glenn",FIONA PATTEN'S REASON PARTY,157,418532,69756,https://itsitecoreblobvecprd01.blob.core.windows.net/public-files/historical-results/state2018/easternmetropolitanregion.html,0f7af29e0945a378e2ceec940f2d0ef0b5ab04787b18acaf6c5e6b768a9b721c
vic_lc_2018,eastern-metropolitan-region,Eastern Metropolitan Region,"DUNN, Samantha",AUSTRALIAN GREENS,34957,418532,69756,https://itsitecoreblobvecprd01.blob.core.windows.net/public-files/historical-results/state2018/easternmetropolitanregion.html,0f7af29e0945a378e2ceec940f2d0ef0b5ab04787b18acaf6c5e6b768a9b721c
vic_lc_2018,eastern-metropolitan-region,Eastern Metropolitan Region,"HARRIS, Helen",AUSTRALIAN GREENS,1084,418532,69756,https://itsitecoreblobvecprd01.blob.core.windows.net/public-files/historical-results/state2018/easternmetropolitanregion.html,0f7af29e0945a378e2ceec940f2d0ef0b5ab04787b18acaf6c5e6b768a9b721c
vic_lc_2018,eastern-metropolitan-region,Eastern Metropolitan Region,"SHNOOKAL, Liezl",AUSTRALIAN GREENS,349,418532,69756,https://itsitecoreblobvecprd01.blob.core.windows.net/public-files/historical-results/state2018/easternmetropolitanregion.html,0f7af29e0945a378e2ceec940f2d0ef0b5ab04787b18acaf6c5e6b768a9b721c
vic_lc_2018,eastern-metropolitan-region,Eastern Metropolitan Region,"EDWARDS, Monique",AUSTRALIAN GREENS,612,418532,69756,https://itsitecoreblobvecprd01.blob.core.windows.net/public-files/historical-results/state2018/easternmetropolitanregion.html,0f7af29e0945a378e2ceec940f2d0ef0b5ab04787b18acaf6c5e6b768a9b721c
vic_lc_2018,eastern-metropolitan-region,Eastern Metropolitan Region,"TYMMS, Daniela",AUSTRALIAN GREENS,648,418532,69756,https://itsitecoreblobvecprd01.blob.core.windows.net/public-files/historical-results/state2018/easternmetropolitanregion.html,0f7af29e0945a378e2ceec940f2d0ef0b5ab04787b18acaf6c5e6b768a9b721c
vic_lc_2018,eastern-metropolitan-region,Eastern Metropolitan Region,"HICKS, Andrew",HEALTH AUSTRALIA PARTY,2285,418532,69756,https://itsitecoreblobvecprd01.blob.core.windows.net/public-files/historical-results/state2018/easternmetropolitanregion.html,0f7af29e0945a378e2ceec940f2d0ef0b5ab04787b18acaf6c5e6b768a9b721c
vic_lc_2018,eastern-metropolitan-region,Eastern Metropolitan Region,"BRODIE, Gabrielle",HEALTH AUSTRALIA PARTY,141,418532,69756,https://itsitecoreblobvecprd01.blob.core.windows.net/public-files/historical-results/state2018/easternmetropolitanregion.html,0f7af29e0945a378e2ceec940f2d0ef0b5ab04787b18acaf6c5e6b768a9b721c
vic_lc_2018,eastern-victoria-region,Eastern Victoria Region,"FOLLONI, Leah",ANIMAL JUSTICE PARTY,14814,467611,77936,https://itsitecoreblobvecprd01.blob.core.windows.net/public-files/historical-results/state2018/easternvictoriaregion.html,73035e23597d7881c94f1a6220fd709cad036e971e14d550706face55f44e681
vic_lc_2018,eastern-victoria-region,Eastern Victoria Region,"McADAM, Jennifer",ANIMAL JUSTICE PARTY,281,467611,77936,https://itsitecoreblobvecprd01.blob.core.windows.net/public-files/historical-results/state2018/easternvictoriaregion.html,73035e23597d7881c94f1a6220fd709cad036e971e14d550706face55f44e681
vic_lc_2018,eastern-victoria-region,Eastern Victoria Region,"SALMON, Trevor Leslie",TRANSPORT MATTERS,2579,467611,77936,https://itsitecoreblobvecprd01.blob.core.windows.net/public-files/historical-results/state2018/easternvictoriaregion.html,73035e23597d7881c94f1a6220fd709cad036e971e14d550706face55f44e681
vic_lc_2018,eastern-victoria-region,Eastern Victoria Region,"ROPERTO, Joshua",TRANSPORT MATTERS,43,467611,77936,https://itsitecoreblobvecprd01.blob.core.windows.net/public-files/historical-results/state2018/easternvictoriaregion.html,73035e23597d7881c94f1a6220fd709cad036e971e14d550706face55f44e681
vic_lc_2018,eastern-victoria-region,Eastern Victoria Region,"BUCKLEY, Ben",LIBERAL DEMOCRATS,18655,467611,77936,https://itsitecoreblobvecprd01.blob.core.windows.net/public-files/historical-results/state2018/easternvictoriaregion.html,73035e23597d7881c94f1a6220fd709cad036e971e14d550706face55f44e681
vic_lc_2018,eastern-victoria-region,Eastern Victoria Region,"McCATHIE, Rob",LIBERAL DEMOCRATS,201,467611,77936,https://itsitecoreblobvecprd01.blob.core.windows.net/public-files/historical-results/state2018/easternvictoriaregion.html,73035e23597d7881c94f1a6220fd709cad036e971e14d550706face55f44e681
vic_lc_2018,eastern-victoria-region,Eastern Victoria Region,"HAIN, Michelle Annette",VOLUNTARY EUTHANASIA PARTY (VICTORIA),6079,467611,77936,https://itsitecoreblobvecprd01.blob.core.windows.net/public-files/historical-results/state2018/easternvictoriaregion.html,73035e23597d7881c94f1a6220fd709cad036e971e14d550706face55f44e681
vic_lc_2018,eastern-victoria-region,Eastern Victoria Region,"BARNES, Martin",VOLUNTARY EUTHANASIA PARTY (VICTORIA),143,467611,77936,https://itsitecoreblobvecprd01.blob.core.windows.net/public-files/historical-results/state2018/easternvictoriaregion.html,73035e23597d7881c94f1a6220fd709cad036e971e14d550706face55f44e681
vic_lc_2018,eastern-victoria-region,Eastern Victoria Region,"PAIN, Geoff",HEALTH AUSTRALIA PARTY,3952,467611,77936,https://itsitecoreblobvecprd01.blob.core.windows.net/public-files/historical-results/state2018/easternvictoriaregion.html,73035e23597d7881c94f1a6220fd709cad036e971e14d550706face55f44e681
vic_lc_2018,eastern-victoria-region,Eastern Victoria Region,"HOLMES, Katherine",HEALTH AUSTRALIA PARTY,203,467611,77936,https://itsitecoreblobvecprd01.blob.core.windows.net/public-files/historical-results/state2018/easternvictoriaregion.html,73035e23597d7881c94f1a6220fd709cad036e971e14d550706face55f44e681
vic_lc_2018,eastern-victoria-region,Eastern Victoria Region,"BROWN, Mark",AUSTRALIAN LIBERTY ALLIANCE,2600,467611,77936,https://itsitecoreblobvecprd01.blob.core.windows.net/public-files/historical-results/state2018/easternvictoriaregion.html,73035e23597d7881c94f1a6220fd709cad036e971e14d550706face55f44e681
vic_lc_2018,eastern-victoria-region,Eastern Victoria Region,"JONES, Daniel",AUSTRALIAN LIBERTY ALLIANCE,52,467611,77936,https://itsitecoreblobvecprd01.blob.core.windows.net/public-files/historical-results/state2018/easternvictoriaregion.html,73035e23597d7881c94f1a6220fd709cad036e971e14d550706face55f44e681
vic_lc_2018,eastern-victoria-region,Eastern Victoria Region,"CUMMINGS, Tom",AUSTRALIAN GREENS,30000,467611,77936,https://itsitecoreblobvecprd01.blob.core.windows.net/public-files/historical-results/state2018/easternvictoriaregion.html,73035e23597d7881c94f1a6220fd709cad036e971e14d550706face55f44e681
vic_lc_2018,eastern-victoria-region,Eastern Victoria Region,"MACKENZIE, Lachlan",AUSTRALIAN GREENS,438,467611,77936,https://itsitecoreblobvecprd01.blob.core.windows.net/public-files/historical-results/state2018/easternvictoriaregion.html,73035e23597d7881c94f1a6220fd709cad036e971e14d550706face55f44e681
vic_lc_2018,eastern-victoria-region,Eastern Victoria Region,"ADAMS, Neale",AUSTRALIAN GREENS,743,467611,77936,https://itsitecoreblobvecprd01.blob.core.windows.net/public-files/historical-results/state2018/easternvictoriaregion.html,73035e23597d7881c94f1a6220fd709cad036e971e14d550706face55f44e681
vic_lc_2018,eastern-victoria-region,Eastern Victoria Region,"GENTLE, David",AUSTRALIAN GREENS,135,467611,77936,https://itsitecoreblobvecprd01.blob.core.windows.net/public-files/historical-results/state2018/easternvictoriaregion.html,73035e23597d7881c94f1a6220fd709cad036e971e14d550706face55f44e681
vic_lc_2018,eastern-victoria-region,Eastern Victoria Region,"STOKES, Donald",AUSTRALIAN GREENS,151,467611,77936,https://itsitecoreblobvecprd01.blob.core.windows.net/public-files/historical-results/state2018/easternvictoriaregion.html,73035e23597d7881c94f1a6220fd709cad036e971e14d550706face55f44e681
vic_lc_2018,eastern-victoria-region,Eastern Victoria Region,"BOURMAN, Jeff","SHOOTERS, FISHERS & FARMERS VIC",22896,467611,77936,https://itsitecoreblobvecprd01.blob.core.windows.net/public-files/historical-results/state2018/easternvictoriaregion.html,73035e23597d7881c94f1a6220fd709cad036e971e14d550706face55f44e681
vic_lc_2018,eastern-victoria-region,Eastern Victoria Region,"MUIR, Kerrie-Anne","SHOOTERS, FISHERS & FARMERS VIC",513,467611,77936,https://itsitecoreblobvecprd01.blob.core.windows.net/public-files/historical-results/state2018/easternvictoriaregion.html,73035e23597d7881c94f1a6220fd709cad036e971e14d550706face55f44e681
vic_lc_2018,eastern-victoria-region,Eastern Victoria Region,"CROOKS, Rhonda Elizabeth",DERRYN HINCH'S JUSTICE PARTY,20674,467611,77936,https://itsitecoreblobvecprd01.blob.core.windows.net/public-files/historical-results/state2018/easternvictoriaregion.html,73035e23597d7881c94f1a6220fd709cad036e971e14d550706face55f44e681
vic_lc_2018,eastern-victoria-region,Eastern Victoria Region,"SEABROOK, Philip Richard",DERRYN HINCH'S JUSTICE PARTY,251,467611,77936,https://itsitecoreblobvecprd01.blob.core.windows.net/public-files/historical-results/state2018/easternvictoriaregion.html,73035e23597d7881c94f1a6220fd709cad036e971e14d550706face55f44e681
vic_lc_2018,eastern-victoria-region,Eastern Victoria Region,"GARRETT, Jane Furneaux",AUSTRALIAN LABOR PARTY,153088,467611,77936,https://itsitecoreblobvecprd01.blob.core.windows.net/public-files/historical-results/state2018/easternvictoriaregion.html,73035e23597d7881c94f1a6220fd709cad036e971e14d550706face55f44e681
vic_lc_2018,eastern-victoria-region,Eastern Victoria Region,"SHING, Harriet",AUSTRALIAN LABOR PARTY,1697,467611,77936,https://itsitecoreblobvecprd01.blob.core.windows.net/public-files/historical-results/state2018/easternvictoriaregion.html,73035e23597d7881c94f1a6220fd709cad036e971e14d550706face55f44e681
vic_lc_2018,eastern-victoria-region,Eastern Victoria Region,"KELLY, Patrick",AUSTRALIAN LABOR PARTY,898,467611,77936,https://itsitecoreblobvecprd01.blob.core.windows.net/public-files/historical-results/state2018/easternvictoriaregion.html,73035e23597d7881c94f1a6220fd709cad036e971e14d550706face55f44e681
vic_lc_2018,eastern-victoria-region,Eastern Victoria Region,"CLARKE, Linda Jane",AUSTRALIAN LABOR PARTY,1064,467611,77936,https://itsitecoreblobvecprd01.blob.core.windows.net/public-files/historical-results/state2018/easternvictoriaregion.html,73035e23597d7881c94f1a6220fd709cad036e971e14d550706face55f44e681
vic_lc_2018,eastern-victoria-region,Eastern Victoria Region,"VAN DEN EYNDE, Onno",AUSTRALIAN LABOR PARTY,273,467611,77936,https://itsitecoreblobvecprd01.blob.core.windows.net/public-files/historical-results/state2018/easternvictoriaregion.html,73035e23597d7881c94f1a6220fd709cad036e971e14d550706face55f44e681
vic_lc_2018,eastern-victoria-region,Eastern Victoria Region,"WHITTAKER, Megan",HUDSON 4 NV,310,467611,77936,https://itsitecoreblobvecprd01.blob.core.windows.net/public-files/historical-results/state2018/easternvictoriaregion.html,73035e23597d7881c94f1a6220fd709cad036e971e14d550706face55f44e681
vic_lc_2018,eastern-victoria-region,Eastern Victoria Region,"HUDSON, Kristy",HUDSON 4 NV,10,467611,77936,https://itsitecoreblobvecprd01.blob.core.windows.net/public-files/historical-results/state2018/easternvictoriaregion.html,73035e23597d7881c94f1a6220fd709cad036e971e14d550706face55f44e681
vic_lc_2018,eastern-victoria-region,Eastern Victoria Region,"SMITH, Reade",SUSTAINABLE AUSTRALIA,3938,467611,77936,https://itsitecoreblobvecprd01.blob.core.windows.net/public-files/historical-results/state2018/easternvictoriaregion.html,73035e23597d7881c94f1a6220fd709cad036e971e14d550706face55f44e681
vic_lc_2018,eastern-victoria-region,Eastern Victoria Region,"HANNAFORD, Donna",SUSTAINABLE AUSTRALIA,154,467611,77936,https://itsitecoreblobvecprd01.blob.core.windows.net/public-files/historical-results/state2018/easternvictoriaregion.html,73035e23597d7881c94f1a6220fd709cad036e971e14d550706face55f44e681
vic_lc_2018,eastern-victoria-region,Eastern Victoria Region,"DANIELI, Rob",AUSTRALIAN COUNTRY PARTY,3116,467611,77936,https://itsitecoreblobvecprd01.blob.core.windows.net/public-files/historical-results/state2018/easternvictoriaregion.html,73035e23597d7881c94f1a6220fd709cad036e971e14d550706face55f44e681
vic_lc_2018,eastern-victoria-region,Eastern Victoria Region,"GEITENBEEK, Tony",AUSTRALIAN COUNTRY PARTY,66,467611,77936,https://itsitecoreblobvecprd01.blob.core.windows.net/public-files/historical-results/state2018/easternvictoriaregion.html,73035e23597d7881c94f1a6220fd709cad036e971e14d550706face55f44e681
vic_lc_2018,eastern-victoria-region,Eastern Victoria Region,"CRUSE, Lainie",VICTORIAN SOCIALISTS,971,467611,77936,https://itsitecoreblobvecprd01.blob.core.windows.net/public-files/historical-results/state2018/easternvictoriaregion.html,73035e23597d7881c94f1a6220fd709cad036e971e14d550706face55f44e681
vic_lc_2018,eastern-victoria-region,Eastern Victoria Region,"FORDEN, Russell",VICTORIAN SOCIALISTS,46,467611,77936,https://itsitecoreblobvecprd01.blob.core.windows.net/public-files/historical-results/state2018/easternvictoriaregion.html,73035e23597d7881c94f1a6220fd709cad036e971e14d550706face55f44e681
vic_lc_2018,eastern-victoria-region,Eastern Victoria Region,"HUGHES, Vern",AUSSIE BATTLER PARTY,5575,467611,77936,https://itsitecoreblobvecprd01.blob.core.windows.net/public-files/historical-results/state2018/easternvictoriaregion.html,73035e23597d7881c94f1a6220fd709cad036e971e14d550706face55f44e681
vic_lc_2018,eastern-victoria-region,Eastern Victoria Region,"MATTSON, Paula",AUSSIE BATTLER PARTY,110,467611,77936,https://itsitecoreblobvecprd01.blob.core.windows.net/public-files/historical-results/state2018/easternvictoriaregion.html,73035e23597d7881c94f1a6220fd709cad036e971e14d550706face55f44e681
vic_lc_2018,eastern-victoria-region,Eastern Victoria Region,"O'DONOHUE, Edward",LIBERAL,157232,467611,77936,https://itsitecoreblobvecprd01.blob.core.windows.net/public-files/historical-results/state2018/easternvictoriaregion.html,73035e23597d7881c94f1a6220fd709cad036e971e14d550706face55f44e681
vic_lc_2018,eastern-victoria-region,Eastern Victoria Region,"BATH, Melina",THE NATIONALS,806,467611,77936,https://itsitecoreblobvecprd01.blob.core.windows.net/public-files/historical-results/state2018/easternvictoriaregion.html,73035e23597d7881c94f1a6220fd709cad036e971e14d550706face55f44e681
vic_lc_2018,eastern-victoria-region,Eastern Victoria Region,"EDWARDS, Meg",LIBERAL,365,467611,77936,https://itsitecoreblobvecprd01.blob.core.windows.net/public-files/historical-results/state2018/easternvictoriaregion.html,73035e23597d7881c94f1a6220fd709cad036e971e14d550706face55f44e681
vic_lc_2018,eastern-victoria-region,Eastern Victoria Region,"CHIPPERFIELD, Karen",LIBERAL,535,467611,77936,https://itsitecoreblobvecprd01.blob.core.windows.net/public-files/historical-results/state2018/easternvictoriaregion.html,73035e23597d7881c94f1a6220fd709cad036e971e14d550706face55f44e681
vic_lc_2018,eastern-victoria-region,Eastern Victoria Region,"HOWE, Darren",THE NATIONALS,582,467611,77936,https://itsitecoreblobvecprd01.blob.core.windows.net/public-files/historical-results/state2018/easternvictoriaregion.html,73035e23597d7881c94f1a6220fd709cad036e971e14d550706face55f44e681
vic_lc_2018,eastern-victoria-region,Eastern Victoria Region,"O'HEA, Padraig",LABOUR DLP,6980,467611,77936,https://itsitecoreblobvecprd01.blob.core.windows.net/public-files/historical-results/state2018/easternvictoriaregion.html,73035e23597d7881c94f1a6220fd709cad036e971e14d550706face55f44e681
vic_lc_2018,eastern-victoria-region,Eastern Victoria Region,"NORMAN, Larry",LABOUR DLP,87,467611,77936,https://itsitecoreblobvecprd01.blob.core.windows.net/public-files/historical-results/state2018/easternvictoriaregion.html,73035e23597d7881c94f1a6220fd709cad036e971e14d550706face55f44e681
vic_lc_2018,eastern-victoria-region,Eastern Victoria Region,"CLOSE, Carmel",FIONA PATTEN'S REASON PARTY,3659,467611,77936,https://itsitecoreblobvecprd01.blob.core.windows.net/public-files/historical-results/state2018/easternvictoriaregion.html,73035e23597d7881c94f1a6220fd709cad036e971e14d550706face55f44e681
vic_lc_2018,eastern-victoria-region,Eastern Victoria Region,"BELL, Gregory",FIONA PATTEN'S REASON PARTY,147,467611,77936,https://itsitecoreblobvecprd01.blob.core.windows.net/public-files/historical-results/state2018/easternvictoriaregion.html,73035e23597d7881c94f1a6220fd709cad036e971e14d550706face55f44e681
vic_lc_2018,eastern-victoria-region,Eastern Victoria Region,"FOZARD, Michael Stewart",,499,467611,77936,https://itsitecoreblobvecprd01.blob.core.windows.net/public-files/historical-results/state2018/easternvictoriaregion.html,73035e23597d7881c94f1a6220fd709cad036e971e14d550706face55f44e681
vic_lc_2018,northern-metropolitan-region,Northern Metropolitan Region,"PURCELL, Nathan",VOTE 1 LOCAL JOBS,5265,450239,75040,https://itsitecoreblobvecprd01.blob.core.windows.net/public-files/historical-results/state2018/northernmetropolitanregion.html,0ad52789a33d75c5b05051ad40772b472b16b2b28d9888e8e15ff48a161fcf72
vic_lc_2018,northern-metropolitan-region,Northern Metropolitan Region,"PURCELL, Aaron",VOTE 1 LOCAL JOBS,73,450239,75040,https://itsitecoreblobvecprd01.blob.core.windows.net/public-files/historical-results/state2018/northernmetropolitanregion.html,0ad52789a33d75c5b05051ad40772b472b16b2b28d9888e8e15ff48a161fcf72
vic_lc_2018,northern-metropolitan-region,Northern Metropolitan Region,"MIKAC, Walter",AUSSIE BATTLER PARTY,4400,450239,75040,https://itsitecoreblobvecprd01.blob.core.windows.net/public-files/historical-results/state2018/northernmetropolitanregion.html,0ad52789a33d75c5b05051ad40772b472b16b2b28d9888e8e15ff48a161fcf72
vic_lc_2018,northern-metropolitan-region,Northern Metropolitan Region,"GRAHAM, David",AUSSIE BATTLER PARTY,69,450239,75040,https://itsitecoreblobvecprd01.blob.core.windows.net/public-files/historical-results/state2018/northernmetropolitanregion.html,0ad52789a33d75c5b05051ad40772b472b16b2b28d9888e8e15ff48a161fcf72
vic_lc_2018,northern-metropolitan-region,Northern Metropolitan Region,"McDONALD, Mark",SUSTAINABLE AUSTRALIA,3015,450239,75040,https://itsitecoreblobvecprd01.blob.core.windows.net/public-files/historical-results/state2018/northernmetropolitanregion.html,0ad52789a33d75c5b05051ad40772b472b16b2b28d9888e8e15ff48a161fcf72
vic_lc_2018,northern-metropolitan-region,Northern Metropolitan Region,"CLOW, William",SUSTAINABLE AUSTRALIA,87,450239,75040,https://itsitecoreblobvecprd01.blob.core.windows.net/public-files/historical-results/state2018/northernmetropolitanregion.html,0ad52789a33d75c5b05051ad40772b472b16b2b28d9888e8e15ff48a161fcf72
vic_lc_2018,northern-metropolitan-region,Northern Metropolitan Region,"STODDART, Cameron",AUSTRALIAN COUNTRY PARTY,1497,450239,75040,https://itsitecoreblobvecprd01.blob.core.windows.net/public-files/historical-results/state2018/northernmetropolitanregion.html,0ad52789a33d75c5b05051ad40772b472b16b2b28d9888e8e15ff48a161fcf72
vic_lc_2018,northern-metropolitan-region,Northern Metropolitan Region,"GRECO, Domenic",AUSTRALIAN COUNTRY PARTY,94,450239,75040,https://itsitecoreblobvecprd01.blob.core.windows.net/public-files/historical-results/state2018/northernmetropolitanregion.html,0ad52789a33d75c5b05051ad40772b472b16b2b28d9888e8e15ff48a161fcf72
vic_lc_2018,northern-metropolitan-region,Northern Metropolitan Region,"PATTEN, Fiona",FIONA PATTEN'S REASON PARTY,14875,450239,75040,https://itsitecoreblobvecprd01.blob.core.windows.net/public-files/historical-results/state2018/northernmetropolitanregion.html,0ad52789a33d75c5b05051ad40772b472b16b2b28d9888e8e15ff48a161fcf72
vic_lc_2018,northern-metropolitan-region,Northern Metropolitan Region,"MELTON, Helena",FIONA PATTEN'S REASON PARTY,100,450239,75040,https://itsitecoreblobvecprd01.blob.core.windows.net/public-files/historical-results/state2018/northernmetropolitanregion.html,0ad52789a33d75c5b05051ad40772b472b16b2b28d9888e8e15ff48a161fcf72
vic_lc_2018,northern-metropolitan-region,Northern Metropolitan Region,"HOPKINS, Ange",FIONA PATTEN'S REASON PARTY,65,450239,75040,https://itsitecoreblobvecprd01.blob.core.windows.net/public-files/historical-results/state2018/northernmetropolitanregion.html,0ad52789a33d75c5b05051ad40772b472b16b2b28d9888e8e15ff48a161fcf72
vic_lc_2018,northern-metropolitan-region,Northern Metropolitan Region,"PAYNE, Rachel",FIONA PATTEN'S REASON PARTY,58,450239,75040,https://itsitecoreblobvecprd01.blob.core.windows.net/public-files/historical-results/state2018/northernmetropolitanregion.html,0ad52789a33d75c5b05051ad40772b472b16b2b28d9888e8e15ff48a161fcf72
vic_lc_2018,northern-metropolitan-region,Northern Metropolitan Region,"MUSICO, Dominique",FIONA PATTEN'S REASON PARTY,58,450239,75040,https://itsitecoreblobvecprd01.blob.core.windows.net/public-files/historical-results/state2018/northernmetropolitanregion.html,0ad52789a33d75c5b05051ad40772b472b16b2b28d9888e8e15ff48a161fcf72
vic_lc_2018,northern-metropolitan-region,Northern Metropolitan Region,"McCARTHY, Sandra M.",VOLUNTARY EUTHANASIA PARTY (VICTORIA),3580,450239,75040,https://itsitecoreblobvecprd01.blob.core.windows.net/public-files/historical-results/state2018/northernmetropolitanregion.html,0ad52789a33d75c5b05051ad40772b472b16b2b28d9888e8e15ff48a161fcf72
vic_lc_2018,northern-metropolitan-region,Northern Metropolitan Region,"NOTT, Stefan",VOLUNTARY EUTHANASIA PARTY (VICTORIA),75,450239,75040,https://itsitecoreblobvecprd01.blob.core.windows.net/public-files/historical-results/state2018/northernmetropolitanregion.html,0ad52789a33d75c5b05051ad40772b472b16b2b28d9888e8e15ff48a161fcf72
vic_lc_2018,northern-metropolitan-region,Northern Metropolitan Region,"HITCHCOCK, Louise",LIBERAL DEMOCRATS,6067,450239,75040,https://itsitecoreblobvecprd01.blob.core.windows.net/public-files/historical-results/state2018/northernmetropolitanregion.html,0ad52789a33d75c5b05051ad40772b472b16b2b28d9888e8e15ff48a161fcf72
vic_lc_2018,northern-metropolitan-region,Northern Metropolitan Region,"WRIGHT, Richard",LIBERAL DEMOCRATS,114,450239,75040,https://itsitecoreblobvecprd01.blob.core.windows.net/public-files/historical-results/state2018/northernmetropolitanregion.html,0ad52789a33d75c5b05051ad40772b472b16b2b28d9888e8e15ff48a161fcf72
vic_lc_2018,northern-metropolitan-region,Northern Metropolitan Region,"CAMPBELL, Pippa",HEALTH AUSTRALIA PARTY,3673,450239,75040,https://itsitecoreblobvecprd01.blob.core.windows.net/public-files/historical-results/state2018/northernmetropolitanregion.html,0ad52789a33d75c5b05051ad40772b472b16b2b28d9888e8e15ff48a161fcf72
vic_lc_2018,northern-metropolitan-region,Northern Metropolitan Region,"OLDMEADOW, Emily",HEALTH AUSTRALIA PARTY,28,450239,75040,https://itsitecoreblobvecprd01.blob.core.windows.net/public-files/historical-results/state2018/northernmetropolitanregion.html,0ad52789a33d75c5b05051ad40772b472b16b2b28d9888e8e15ff48a161fcf72
vic_lc_2018,northern-metropolitan-region,Northern Metropolitan Region,"ONDARCHIE, Craig",LIBERAL,72855,450239,75040,https://itsitecoreblobvecprd01.blob.core.windows.net/public-files/historical-results/state2018/northernmetropolitanregion.html,0ad52789a33d75c5b05051ad40772b472b16b2b28d9888e8e15ff48a161fcf72
vic_lc_2018,northern-metropolitan-region,Northern Metropolitan Region,"MULHOLLAND, Evan",LIBERAL,385,450239,75040,https://itsitecoreblobvecprd01.blob.core.windows.net/public-files/historical-results/state2018/northernmetropolitanregion.html,0ad52789a33d75c5b05051ad40772b472b16b2b28d9888e8e15ff48a161fcf72
vic_lc_2018,northern-metropolitan-region,Northern Metropolitan Region,"RAI, Neelam",LIBERAL,264,450239,75040,https://itsitecoreblobvecprd01.blob.core.windows.net/public-files/historical-results/state2018/northernmetropolitanregion.html,0ad52789a33d75c5b05051ad40772b472b16b2b28d9888e8e15ff48a161fcf72
vic_lc_2018,northern-metropolitan-region,Northern Metropolitan Region,"DRAKE, Kate",LIBERAL,408,450239,75040,https://itsitecoreblobvecprd01.blob.core.windows.net/public-files/historical-results/state2018/northernmetropolitanregion.html,0ad52789a33d75c5b05051ad40772b472b16b2b28d9888e8e15ff48a161fcf72
vic_lc_2018,northern-metropolitan-region,Northern Metropolitan Region,"POLISTENA, Mark",LIBERAL,252,450239,75040,https://itsitecoreblobvecprd01.blob.core.windows.net/public-files/historical-results/state2018/northernmetropolitanregion.html,0ad52789a33d75c5b05051ad40772b472b16b2b28d9888e8e15ff48a161fcf72
vic_lc_2018,northern-metropolitan-region,Northern Metropolitan Region,"RATNAM, Samantha",AUSTRALIAN GREENS,73102,450239,75040,https://itsitecoreblobvecprd01.blob.core.windows.net/public-files/historical-results/state2018/northernmetropolitanregion.html,0ad52789a33d75c5b05051ad40772b472b16b2b28d9888e8e15ff48a161fcf72
vic_lc_2018,northern-metropolitan-region,Northern Metropolitan Region,"ZIGOURAS, Christina",AUSTRALIAN GREENS,564,450239,75040,https://itsitecoreblobvecprd01.blob.core.windows.net/public-files/historical-results/state2018/northernmetropolitanregion.html,0ad52789a33d75c5b05051ad40772b472b16b2b28d9888e8e15ff48a161fcf72
vic_lc_2018,northern-metropolitan-region,Northern Metropolitan Region,"CROSSLAND, Edward",AUSTRALIAN GREENS,505,450239,75040,https://itsitecoreblobvecprd01.blob.core.windows.net/public-files/historical-results/state2018/northernmetropolitanregion.html,0ad52789a33d75c5b05051ad40772b472b16b2b28d9888e8e15ff48a161fcf72
vic_lc_2018,northern-metropolitan-region,Northern Metropolitan Region,"RAFALOWICZ, Josef",AUSTRALIAN GREENS,203,450239,75040,https://itsitecoreblobvecprd01.blob.core.windows.net/public-files/historical-results/state2018/northernmetropolitanregion.html,0ad52789a33d75c5b05051ad40772b472b16b2b28d9888e8e15ff48a161fcf72
vic_lc_2018,northern-metropolitan-region,Northern Metropolitan Region,"GOME, Campbell",AUSTRALIAN GREENS,973,450239,75040,https://itsitecoreblobvecprd01.blob.core.windows.net/public-files/historical-results/state2018/northernmetropolitanregion.html,0ad52789a33d75c5b05051ad40772b472b16b2b28d9888e8e15ff48a161fcf72
vic_lc_2018,northern-metropolitan-region,Northern Metropolitan Region,"VISA, Moti Ram",TRANSPORT MATTERS,2415,450239,75040,https://itsitecoreblobvecprd01.blob.core.windows.net/public-files/historical-results/state2018/northernmetropolitanregion.html,0ad52789a33d75c5b05051ad40772b472b16b2b28d9888e8e15ff48a161fcf72
vic_lc_2018,northern-metropolitan-region,Northern Metropolitan Region,"MIAN, Afshan",TRANSPORT MATTERS,168,450239,75040,https://itsitecoreblobvecprd01.blob.core.windows.net/public-files/historical-results/state2018/northernmetropolitanregion.html,0ad52789a33d75c5b05051ad40772b472b16b2b28d9888e8e15ff48a161fcf72
vic_lc_2018,northern-metropolitan-region,Northern Metropolitan Region,"JOLLY, Stephen",VICTORIAN SOCIALISTS,18200,450239,75040,https://itsitecoreblobvecprd01.blob.core.windows.net/public-files/historical-results/state2018/northernmetropolitanregion.html,0ad52789a33d75c5b05051ad40772b472b16b2b28d9888e8e15ff48a161fcf72
vic_lc_2018,northern-metropolitan-region,Northern Metropolitan Region,"BOLTON, Sue",VICTORIAN SOCIALISTS,616,450239,75040,https://itsitecoreblobvecprd01.blob.core.windows.net/public-files/historical-results/state2018/northernmetropolitanregion.html,0ad52789a33d75c5b05051ad40772b472b16b2b28d9888e8e15ff48a161fcf72
vic_lc_2018,northern-metropolitan-region,Northern Metropolitan Region,"BOLGER, Colleen",VICTORIAN SOCIALISTS,111,450239,75040,https://itsitecoreblobvecprd01.blob.core.windows.net/public-files/historical-results/state2018/northernmetropolitanregion.html,0ad52789a33d75c5b05051ad40772b472b16b2b28d9888e8e15ff48a161fcf72
vic_lc_2018,northern-metropolitan-region,Northern Metropolitan Region,"McBRIDE, John",LABOUR DLP,18556,450239,75040,https://itsitecoreblobvecprd01.blob.core.windows.net/public-files/historical-results/state2018/northernmetropolitanregion.html,0ad52789a33d75c5b05051ad40772b472b16b2b28d9888e8e15ff48a161fcf72
vic_lc_2018,northern-metropolitan-region,Northern Metropolitan Region,"GWYNNE, Jackie",LABOUR DLP,222,450239,75040,https://itsitecoreblobvecprd01.blob.core.windows.net/public-files/historical-results/state2018/northernmetropolitanregion.html,0ad52789a33d75c5b05051ad40772b472b16b2b28d9888e8e15ff48a161fcf72
vic_lc_2018,northern-metropolitan-region,Northern Metropolitan Region,"GOMEZ, Russell",AUSTRALIAN LIBERTY ALLIANCE,1653,450239,75040,https://itsitecoreblobvecprd01.blob.core.windows.net/public-files/historical-results/state2018/northernmetropolitanregion.html,0ad52789a33d75c5b05051ad40772b472b16b2b28d9888e8e15ff48a161fcf72
vic_lc_2018,northern-metropolitan-region,Northern Metropolitan Region,"REISNER, John",AUSTRALIAN LIBERTY ALLIANCE,36,450239,75040,https://itsitecoreblobvecprd01.blob.core.windows.net/public-files/historical-results/state2018/northernmetropolitanregion.html,0ad52789a33d75c5b05051ad40772b472b16b2b28d9888e8e15ff48a161fcf72
vic_lc_2018,northern-metropolitan-region,Northern Metropolitan Region,"MIKAKOS, Jenny",AUSTRALIAN LABOR PARTY,187358,450239,75040,https://itsitecoreblobvecprd01.blob.core.windows.net/public-files/historical-results/state2018/northernmetropolitanregion.html,0ad52789a33d75c5b05051ad40772b472b16b2b28d9888e8e15ff48a161fcf72
vic_lc_2018,northern-metropolitan-region,Northern Metropolitan Region,"ELASMAR, Nazih",AUSTRALIAN LABOR PARTY,1192,450239,75040,https://itsitecoreblobvecprd01.blob.core.windows.net/public-files/historical-results/state2018/northernmetropolitanregion.html,0ad52789a33d75c5b05051ad40772b472b16b2b28d9888e8e15ff48a161fcf72
vic_lc_2018,northern-metropolitan-region,Northern Metropolitan Region,"YIGIT, Burhan",AUSTRALIAN LABOR PARTY,1392,450239,75040,https://itsitecoreblobvecprd01.blob.core.windows.net/public-files/historical-results/state2018/northernmetropolitanregion.html,0ad52789a33d75c5b05051ad40772b472b16b2b28d9888e8e15ff48a161fcf72
vic_lc_2018,northern-metropolitan-region,Northern Metropolitan Region,"VERMA, Ash",AUSTRALIAN LABOR PARTY,437,450239,75040,https://itsitecoreblobvecprd01.blob.core.windows.net/public-files/historical-results/state2018/northernmetropolitanregion.html,0ad52789a33d75c5b05051ad40772b472b16b2b28d9888e8e15ff48a161fcf72
vic_lc_2018,northern-metropolitan-region,Northern Metropolitan Region,"DOUGLAS, Karen",AUSTRALIAN LABOR PARTY,1358,450239,75040,https://itsitecoreblobvecprd01.blob.core.windows.net/public-files/historical-results/state2018/northernmetropolitanregion.html,0ad52789a33d75c5b05051ad40772b472b16b2b28d9888e8e15ff48a161fcf72
vic_lc_2018,northern-metropolitan-region,Northern Metropolitan Region,"DAGIANDIS, Carmela",DERRYN HINCH'S JUSTICE PARTY,9016,450239,75040,https://itsitecoreblobvecprd01.blob.core.windows.net/public-files/historical-results/state2018/northernmetropolitanregion.html,0ad52789a33d75c5b05051ad40772b472b16b2b28d9888e8e15ff48a161fcf72
vic_lc_2018,northern-metropolitan-region,Northern Metropolitan Region,"MERCIECA, Prudence",DERRYN HINCH'S JUSTICE PARTY,77,450239,75040,https://itsitecoreblobvecprd01.blob.core.windows.net/public-files/historical-results/state2018/northernmetropolitanregion.html,0ad52789a33d75c5b05051ad40772b472b16b2b28d9888e8e15ff48a161fcf72
vic_lc_2018,northern-metropolitan-region,Northern Metropolitan Region,"POON, Bruce",ANIMAL JUSTICE PARTY,8778,450239,75040,https://itsitecoreblobvecprd01.blob.core.windows.net/public-files/historical-results/state2018/northernmetropolitanregion.html,0ad52789a33d75c5b05051ad40772b472b16b2b28d9888e8e15ff48a161fcf72
vic_lc_2018,northern-metropolitan-region,Northern Metropolitan Region,"SMITH, Miranda",ANIMAL JUSTICE PARTY,232,450239,75040,https://itsitecoreblobvecprd01.blob.core.windows.net/public-files/historical-results/state2018/northernmetropolitanregion.html,0ad52789a33d75c5b05051ad40772b472b16b2b28d9888e8e15ff48a161fcf72
vic_lc_2018,northern-metropolitan-region,Northern Metropolitan Region,"DELFORCE, Chris",ANIMAL JUSTICE PARTY,121,450239,75040,https://itsitecoreblobvecprd01.blob.core.windows.net/public-files/historical-results/state2018/northernmetropolitanregion.html,0ad52789a33d75c5b05051ad40772b472b16b2b28d9888e8e15ff48a161fcf72
vic_lc_2018,northern-metropolitan-region,Northern Metropolitan Region,"CONSTANTINOU, Ethan","SHOOTERS, FISHERS & FARMERS VIC",5298,450239,75040,https://itsitecoreblobvecprd01.blob.core.windows.net/public-files/historical-results/state2018/northernmetropolitanregion.html,0ad52789a33d75c5b05051ad40772b472b16b2b28d9888e8e15ff48a161fcf72
vic_lc_2018,northern-metropolitan-region,Northern Metropolitan Region,"TZELEPIS, Chris","SHOOTERS, FISHERS & FARMERS VIC",79,450239,75040,https://itsitecoreblobvecprd01.blob.core.windows.net/public-files/historical-results/state2018/northernmetropolitanregion.html,0ad52789a33d75c5b05051ad40772b472b16b2b28d9888e8e15ff48a161fcf72
vic_lc_2018,northern-metropolitan-region,Northern Metropolitan Region,"WRIGHT, Madison",HUDSON 4 NV,204,450239,75040,https://itsitecoreblobvecprd01.blob.core.windows.net/public-files/historical-results/state2018/northernmetropolitanregion.html,0ad52789a33d75c5b05051ad40772b472b16b2b28d9888e8e15ff48a161fcf72
vic_lc_2018,northern-metropolitan-region,Northern Metropolitan Region,"MENEGHINI, Marylynn",HUDSON 4 NV,16,450239,75040,https://itsitecoreblobvecprd01.blob.core.windows.net/public-files/historical-results/state2018/northernmetropolitanregion.html,0ad52789a33d75c5b05051ad40772b472b16b2b28d9888e8e15ff48a161fcf72
vic_lc_2018,northern-victoria-region,Northern Victoria Region,"JONES, Miranda",VOLUNTARY EUTHANASIA PARTY (VICTORIA),9026,456706,76118,https://itsitecoreblobvecprd01.blob.core.windows.net/public-files/historical-results/state2018/northernvictoriaregion.html,d35a6d1b6da626a814f31455b9a9ad72e39eb791563a238bf94a52bf3d71e6d6
vic_lc_2018,northern-victoria-region,Northern Victoria Region,"HILL, Craig",VOLUNTARY EUTHANASIA PARTY (VICTORIA),143,456706,76118,https://itsitecoreblobvecprd01.blob.core.windows.net/public-files/historical-results/state2018/northernvictoriaregion.html,d35a6d1b6da626a814f31455b9a9ad72e39eb791563a238bf94a52bf3d71e6d6
vic_lc_2018,northern-victoria-region,Northern Victoria Region,"MAXWELL, Tania Maree",DERRYN HINCH'S JUSTICE PARTY,21993,456706,76118,https://itsitecoreblobvecprd01.blob.core.windows.net/public-files/historical-results/state2018/northernvictoriaregion.html,d35a6d1b6da626a814f31455b9a9ad72e39eb791563a238bf94a52bf3d71e6d6
vic_lc_2018,northern-victoria-region,Northern Victoria Region,"AYRES, Jodi Carolyn",DERRYN HINCH'S JUSTICE PARTY,167,456706,76118,https://itsitecoreblobvecprd01.blob.core.windows.net/public-files/historical-results/state2018/northernvictoriaregion.html,d35a6d1b6da626a814f31455b9a9ad72e39eb791563a238bf94a52bf3d71e6d6
vic_lc_2018,northern-victoria-region,Northern Victoria Region,"MCDONALD, Ewan",AUSTRALIAN LIBERTY ALLIANCE,3644,456706,76118,https://itsitecoreblobvecprd01.blob.core.windows.net/public-files/historical-results/state2018/northernvictoriaregion.html,d35a6d1b6da626a814f31455b9a9ad72e39eb791563a238bf94a52bf3d71e6d6
vic_lc_2018,northern-victoria-region,Northern Victoria Region,"WYLIE, James",AUSTRALIAN LIBERTY ALLIANCE,84,456706,76118,https://itsitecoreblobvecprd01.blob.core.windows.net/public-files/historical-results/state2018/northernvictoriaregion.html,d35a6d1b6da626a814f31455b9a9ad72e39eb791563a238bf94a52bf3d71e6d6
vic_lc_2018,northern-victoria-region,Northern Victoria Region,"GOLDEN, Isaac",HEALTH AUSTRALIA PARTY,4306,456706,76118,https://itsitecoreblobvecprd01.blob.core.windows.net/public-files/historical-results/state2018/northernvictoriaregion.html,d35a6d1b6da626a814f31455b9a9ad72e39eb791563a238bf94a52bf3d71e6d6
vic_lc_2018,northern-victoria-region,Northern Victoria Region,"SASH, Anne",HEALTH AUSTRALIA PARTY,119,456706,76118,https://itsitecoreblobvecprd01.blob.core.windows.net/public-files/historical-results/state2018/northernvictoriaregion.html,d35a6d1b6da626a814f31455b9a9ad72e39eb791563a238bf94a52bf3d71e6d6
vic_lc_2018,northern-victoria-region,Northern Victoria Region,"WEARNE, Madeleine",SUSTAINABLE AUSTRALIA,4038,456706,76118,https://itsitecoreblobvecprd01.blob.core.windows.net/public-files/historical-results/state2018/northernvictoriaregion.html,d35a6d1b6da626a814f31455b9a9ad72e39eb791563a238bf94a52bf3d71e6d6
vic_lc_2018,northern-victoria-region,Northern Victoria Region,"CHIVERS, Ian",SUSTAINABLE AUSTRALIA,91,456706,76118,https://itsitecoreblobvecprd01.blob.core.windows.net/public-files/historical-results/state2018/northernvictoriaregion.html,d35a6d1b6da626a814f31455b9a9ad72e39eb791563a238bf94a52bf3d71e6d6
vic_lc_2018,northern-victoria-region,Northern Victoria Region,"JARRETT, Glynn",ANIMAL JUSTICE PARTY,10282,456706,76118,https://itsitecoreblobvecprd01.blob.core.windows.net/public-files/historical-results/state2018/northernvictoriaregion.html,d35a6d1b6da626a814f31455b9a9ad72e39eb791563a238bf94a52bf3d71e6d6
vic_lc_2018,northern-victoria-region,Northern Victoria Region,"MASIH, Robin",ANIMAL JUSTICE PARTY,198,456706,76118,https://itsitecoreblobvecprd01.blob.core.windows.net/public-files/historical-results/state2018/northernvictoriaregion.html,d35a6d1b6da626a814f31455b9a9ad72e39eb791563a238bf94a52bf3d71e6d6
vic_lc_2018,northern-victoria-region,Northern Victoria Region,"ROWAN, Nicole",AUSTRALIAN GREENS,28296,456706,76118,https://itsitecoreblobvecprd01.blob.core.windows.net/public-files/historical-results/state2018/northernvictoriaregion.html,d35a6d1b6da626a814f31455b9a9ad72e39eb791563a238bf94a52bf3d71e6d6
vic_lc_2018,northern-victoria-region,Northern Victoria Region,"STEVENS-TODD, Damien",AUSTRALIAN GREENS,435,456706,76118,https://itsitecoreblobvecprd01.blob.core.windows.net/public-files/historical-results/state2018/northernvictoriaregion.html,d35a6d1b6da626a814f31455b9a9ad72e39eb791563a238bf94a52bf3d71e6d6
vic_lc_2018,northern-victoria-region,Northern Victoria Region,"MATCHETT, Elizabeth",AUSTRALIAN GREENS,545,456706,76118,https://itsitecoreblobvecprd01.blob.core.windows.net/public-files/historical-results/state2018/northernvictoriaregion.html,d35a6d1b6da626a814f31455b9a9ad72e39eb791563a238bf94a52bf3d71e6d6
vic_lc_2018,northern-victoria-region,Northern Victoria Region,"RIVENDELL, Julie",AUSTRALIAN GREENS,450,456706,76118,https://itsitecoreblobvecprd01.blob.core.windows.net/public-files/historical-results/state2018/northernvictoriaregion.html,d35a6d1b6da626a814f31455b9a9ad72e39eb791563a238bf94a52bf3d71e6d6
vic_lc_2018,northern-victoria-region,Northern Victoria Region,"THOMAS, Matthew",AUSTRALIAN GREENS,287,456706,76118,https://itsitecoreblobvecprd01.blob.core.windows.net/public-files/historical-results/state2018/northernvictoriaregion.html,d35a6d1b6da626a814f31455b9a9ad72e39eb791563a238bf94a52bf3d71e6d6
vic_lc_2018,northern-victoria-region,Northern Victoria Region,"YOUNG, Daniel","SHOOTERS, FISHERS & FARMERS VIC",35590,456706,76118,https://itsitecoreblobvecprd01.blob.core.windows.net/public-files/historical-results/state2018/northernvictoriaregion.html,d35a6d1b6da626a814f31455b9a9ad72e39eb791563a238bf94a52bf3d71e6d6
vic_lc_2018,northern-victoria-region,Northern Victoria Region,"PODGER, Ben","SHOOTERS, FISHERS & FARMERS VIC",273,456706,76118,https://itsitecoreblobvecprd01.blob.core.windows.net/public-files/historical-results/state2018/northernvictoriaregion.html,d35a6d1b6da626a814f31455b9a9ad72e39eb791563a238bf94a52bf3d71e6d6
vic_lc_2018,northern-victoria-region,Northern Victoria Region,"GEPP, Mark",AUSTRALIAN LABOR PARTY,141662,456706,76118,https://itsitecoreblobvecprd01.blob.core.windows.net/public-files/historical-results/state2018/northernvictoriaregion.html,d35a6d1b6da626a814f31455b9a9ad72e39eb791563a238bf94a52bf3d71e6d6
vic_lc_2018,northern-victoria-region,Northern Victoria Region,"SYMES, Jaclyn",AUSTRALIAN LABOR PARTY,1973,456706,76118,https://itsitecoreblobvecprd01.blob.core.windows.net/public-files/historical-results/state2018/northernvictoriaregion.html,d35a6d1b6da626a814f31455b9a9ad72e39eb791563a238bf94a52bf3d71e6d6
vic_lc_2018,northern-victoria-region,Northern Victoria Region,"SINGH, Sukhraj",AUSTRALIAN LABOR PARTY,524,456706,76118,https://itsitecoreblobvecprd01.blob.core.windows.net/public-files/historical-results/state2018/northernvictoriaregion.html,d35a6d1b6da626a814f31455b9a9ad72e39eb791563a238bf94a52bf3d71e6d6
vic_lc_2018,northern-victoria-region,Northern Victoria Region,"MORGIEWICZ, Jan Edward",AUSTRALIAN LABOR PARTY,353,456706,76118,https://itsitecoreblobvecprd01.blob.core.windows.net/public-files/historical-results/state2018/northernvictoriaregion.html,d35a6d1b6da626a814f31455b9a9ad72e39eb791563a238bf94a52bf3d71e6d6
vic_lc_2018,northern-victoria-region,Northern Victoria Region,"MATTHEWS, Glenn David",AUSTRALIAN LABOR PARTY,821,456706,76118,https://itsitecoreblobvecprd01.blob.core.windows.net/public-files/historical-results/state2018/northernvictoriaregion.html,d35a6d1b6da626a814f31455b9a9ad72e39eb791563a238bf94a52bf3d71e6d6
vic_lc_2018,northern-victoria-region,Northern Victoria Region,"QUILTY, Tim",LIBERAL DEMOCRATS,17187,456706,76118,https://itsitecoreblobvecprd01.blob.core.windows.net/public-files/historical-results/state2018/northernvictoriaregion.html,d35a6d1b6da626a814f31455b9a9ad72e39eb791563a238bf94a52bf3d71e6d6
vic_lc_2018,northern-victoria-region,Northern Victoria Region,"KING, Iain",LIBERAL DEMOCRATS,87,456706,76118,https://itsitecoreblobvecprd01.blob.core.windows.net/public-files/historical-results/state2018/northernvictoriaregion.html,d35a6d1b6da626a814f31455b9a9ad72e39eb791563a238bf94a52bf3d71e6d6
vic_lc_2018,northern-victoria-region,Northern Victoria Region,"LARKIN, Phil",AUSTRALIAN COUNTRY PARTY,7915,456706,76118,https://itsitecoreblobvecprd01.blob.core.windows.net/public-files/historical-results/state2018/northernvictoriaregion.html,d35a6d1b6da626a814f31455b9a9ad72e39eb791563a238bf94a52bf3d71e6d6
vic_lc_2018,northern-victoria-region,Northern Victoria Region,"COUSTON, David",AUSTRALIAN COUNTRY PARTY,44,456706,76118,https://itsitecoreblobvecprd01.blob.core.windows.net/public-files/historical-results/state2018/northernvictoriaregion.html,d35a6d1b6da626a814f31455b9a9ad72e39eb791563a238bf94a52bf3d71e6d6
vic_lc_2018,northern-victoria-region,Northern Victoria Region,"HUDSON, Josh",HUDSON 4 NV,4100,456706,76118,https://itsitecoreblobvecprd01.blob.core.windows.net/public-files/historical-results/state2018/northernvictoriaregion.html,d35a6d1b6da626a814f31455b9a9ad72e39eb791563a238bf94a52bf3d71e6d6
vic_lc_2018,northern-victoria-region,Northern Victoria Region,"O'SULLIVAN, Shane",HUDSON 4 NV,22,456706,76118,https://itsitecoreblobvecprd01.blob.core.windows.net/public-files/historical-results/state2018/northernvictoriaregion.html,d35a6d1b6da626a814f31455b9a9ad72e39eb791563a238bf94a52bf3d71e6d6
vic_lc_2018,northern-victoria-region,Northern Victoria Region,"MACDONALD, Moira",VICTORIAN SOCIALISTS,1240,456706,76118,https://itsitecoreblobvecprd01.blob.core.windows.net/public-files/historical-results/state2018/northernvictoriaregion.html,d35a6d1b6da626a814f31455b9a9ad72e39eb791563a238bf94a52bf3d71e6d6
vic_lc_2018,northern-victoria-region,Northern Victoria Region,"McKENNA, Michael",VICTORIAN SOCIALISTS,85,456706,76118,https://itsitecoreblobvecprd01.blob.core.windows.net/public-files/historical-results/state2018/northernvictoriaregion.html,d35a6d1b6da626a814f31455b9a9ad72e39eb791563a238bf94a52bf3d71e6d6
vic_lc_2018,northern-victoria-region,Northern Victoria Region,"LEAHY, Martin",FIONA PATTEN'S REASON PARTY,3029,456706,76118,https://itsitecoreblobvecprd01.blob.core.windows.net/public-files/historical-results/state2018/northernvictoriaregion.html,d35a6d1b6da626a814f31455b9a9ad72e39eb791563a238bf94a52bf3d71e6d6
vic_lc_2018,northern-victoria-region,Northern Victoria Region,"CHAPMAN, Callum",FIONA PATTEN'S REASON PARTY,145,456706,76118,https://itsitecoreblobvecprd01.blob.core.windows.net/public-files/historical-results/state2018/northernvictoriaregion.html,d35a6d1b6da626a814f31455b9a9ad72e39eb791563a238bf94a52bf3d71e6d6
vic_lc_2018,northern-victoria-region,Northern Victoria Region,"LOVELL, Wendy",LIBERAL,140522,456706,76118,https://itsitecoreblobvecprd01.blob.core.windows.net/public-files/historical-results/state2018/northernvictoriaregion.html,d35a6d1b6da626a814f31455b9a9ad72e39eb791563a238bf94a52bf3d71e6d6
vic_lc_2018,northern-victoria-region,Northern Victoria Region,"O'SULLIVAN, Luke",THE NATIONALS,889,456706,76118,https://itsitecoreblobvecprd01.blob.core.windows.net/public-files/historical-results/state2018/northernvictoriaregion.html,d35a6d1b6da626a814f31455b9a9ad72e39eb791563a238bf94a52bf3d71e6d6
vic_lc_2018,northern-victoria-region,Northern Victoria Region,"HEARN, Brad",LIBERAL,646,456706,76118,https://itsitecoreblobvecprd01.blob.core.windows.net/public-files/historical-results/state2018/northernvictoriaregion.html,d35a6d1b6da626a814f31455b9a9ad72e39eb791563a238bf94a52bf3d71e6d6
vic_lc_2018,northern-victoria-region,Northern Victoria Region,"WILLIAMSON, Emma",THE NATIONALS,273,456706,76118,https://itsitecoreblobvecprd01.blob.core.windows.net/public-files/historical-results/state2018/northernvictoriaregion.html,d35a6d1b6da626a814f31455b9a9ad72e39eb791563a238bf94a52bf3d71e6d6
vic_lc_2018,northern-victoria-region,Northern Victoria Region,"HEAD, Robyne",LIBERAL,206,456706,76118,https://itsitecoreblobvecprd01.blob.core.windows.net/public-files/historical-results/state2018/northernvictoriaregion.html,d35a6d1b6da626a814f31455b9a9ad72e39eb791563a238bf94a52bf3d71e6d6
vic_lc_2018,northern-victoria-region,Northern Victoria Region,"LACEY, Dennis",AUSSIE BATTLER PARTY,6415,456706,76118,https://itsitecoreblobvecprd01.blob.core.windows.net/public-files/historical-results/state2018/northernvictoriaregion.html,d35a6d1b6da626a814f31455b9a9ad72e39eb791563a238bf94a52bf3d71e6d6
vic_lc_2018,northern-victoria-region,Northern Victoria Region,"BRUHN, Erin",AUSSIE BATTLER PARTY,44,456706,76118,https://itsitecoreblobvecprd01.blob.core.windows.net/public-files/historical-results/state2018/northernvictoriaregion.html,d35a6d1b6da626a814f31455b9a9ad72e39eb791563a238bf94a52bf3d71e6d6
vic_lc_2018,northern-victoria-region,Northern Victoria Region,"COWIE, Scott James",TRANSPORT MATTERS,1871,456706,76118,https://itsitecoreblobvecprd01.blob.core.windows.net/public-files/historical-results/state2018/northernvictoriaregion.html,d35a6d1b6da626a814f31455b9a9ad72e39eb791563a238bf94a52bf3d71e6d6
vic_lc_2018,northern-victoria-region,Northern Victoria Region,"FITZ, Eleanore Leonie",TRANSPORT MATTERS,43,456706,76118,https://itsitecoreblobvecprd01.blob.core.windows.net/public-files/historical-results/state2018/northernvictoriaregion.html,d35a6d1b6da626a814f31455b9a9ad72e39eb791563a238bf94a52bf3d71e6d6
vic_lc_2018,northern-victoria-region,Northern Victoria Region,"McCORMACK, Chris",LABOUR DLP,6600,456706,76118,https://itsitecoreblobvecprd01.blob.core.windows.net/public-files/historical-results/state2018/northernvictoriaregion.html,d35a6d1b6da626a814f31455b9a9ad72e39eb791563a238bf94a52bf3d71e6d6
vic_lc_2018,northern-victoria-region,Northern Victoria Region,"VEHLEN, Jarred",LABOUR DLP,43,456706,76118,https://itsitecoreblobvecprd01.blob.core.windows.net/public-files/historical-results/state2018/northernvictoriaregion.html,d35a6d1b6da626a814f31455b9a9ad72e39eb791563a238bf94a52bf3d71e6d6
vic_lc_2018,south-eastern-metropolitan-region,South-Eastern Metropolitan Region,"JENNINGS, Gavin Wayne",AUSTRALIAN LABOR PARTY,214730,436977,72830,https://itsitecoreblobvecprd01.blob.core.windows.net/public-files/historical-results/state2018/south-easternmetropolitanregion.html,39a1e82c3af644a7d9b0bd1d735f7d050e7227dee04184ee04f05c3aa6839546
vic_lc_2018,south-eastern-metropolitan-region,South-Eastern Metropolitan Region,"SOMYUREK, Adem",AUSTRALIAN LABOR PARTY,1012,436977,72830,https://itsitecoreblobvecprd01.blob.core.windows.net/public-files/historical-results/state2018/south-easternmetropolitanregion.html,39a1e82c3af644a7d9b0bd1d735f7d050e7227dee04184ee04f05c3aa6839546
vic_lc_2018,south-eastern-metropolitan-region,South-Eastern Metropolitan Region,"KIEU, Tien Dung",AUSTRALIAN LABOR PARTY,829,436977,72830,https://itsitecoreblobvecprd01.blob.core.windows.net/public-files/historical-results/state2018/south-easternmetropolitanregion.html,39a1e82c3af644a7d9b0bd1d735f7d050e7227dee04184ee04f05c3aa6839546
vic_lc_2018,south-eastern-metropolitan-region,South-Eastern Metropolitan Region,"SAYAR, Nessie",AUSTRALIAN LABOR PARTY,363,436977,72830,https://itsitecoreblobvecprd01.blob.core.windows.net/public-files/historical-results/state2018/south-easternmetropolitanregion.html,39a1e82c3af644a7d9b0bd1d735f7d050e7227dee04184ee04f05c3aa6839546
vic_lc_2018,south-eastern-metropolitan-region,South-Eastern Metropolitan Region,"SPENCER, Ian",AUSTRALIAN LABOR PARTY,1198,436977,72830,https://itsitecoreblobvecprd01.blob.core.windows.net/public-files/historical-results/state2018/south-easternmetropolitanregion.html,39a1e82c3af644a7d9b0bd1d735f7d050e7227dee04184ee04f05c3aa6839546
vic_lc_2018,south-eastern-metropolitan-region,South-Eastern Metropolitan Region,"KHAN, Ali",TRANSPORT MATTERS,5070,436977,72830,https://itsitecoreblobvecprd01.blob.core.windows.net/public-files/historical-results/state2018/south-easternmetropolitanregion.html,39a1e82c3af644a7d9b0bd1d735f7d050e7227dee04184ee04f05c3aa6839546
vic_lc_2018,south-eastern-metropolitan-region,South-Eastern Metropolitan Region,"SHARMA, Chetan",TRANSPORT MATTERS,118,436977,72830,https://itsitecoreblobvecprd01.blob.core.windows.net/public-files/historical-results/state2018/south-easternmetropolitanregion.html,39a1e82c3af644a7d9b0bd1d735f7d050e7227dee04184ee04f05c3aa6839546
vic_lc_2018,south-eastern-metropolitan-region,South-Eastern Metropolitan Region,"FAZAL, Roona",TRANSPORT MATTERS,83,436977,72830,https://itsitecoreblobvecprd01.blob.core.windows.net/public-files/historical-results/state2018/south-easternmetropolitanregion.html,39a1e82c3af644a7d9b0bd1d735f7d050e7227dee04184ee04f05c3aa6839546
vic_lc_2018,south-eastern-metropolitan-region,South-Eastern Metropolitan Region,"SINGH, Inderpal",TRANSPORT MATTERS,204,436977,72830,https://itsitecoreblobvecprd01.blob.core.windows.net/public-files/historical-results/state2018/south-easternmetropolitanregion.html,39a1e82c3af644a7d9b0bd1d735f7d050e7227dee04184ee04f05c3aa6839546
vic_lc_2018,south-eastern-metropolitan-region,South-Eastern Metropolitan Region,"KAUR, Deepakbir",TRANSPORT MATTERS,56,436977,72830,https://itsitecoreblobvecprd01.blob.core.windows.net/public-files/historical-results/state2018/south-easternmetropolitanregion.html,39a1e82c3af644a7d9b0bd1d735f7d050e7227dee04184ee04f05c3aa6839546
vic_lc_2018,south-eastern-metropolitan-region,South-Eastern Metropolitan Region,"KING, Tamsin",HEALTH AUSTRALIA PARTY,3637,436977,72830,https://itsitecoreblobvecprd01.blob.core.windows.net/public-files/historical-results/state2018/south-easternmetropolitanregion.html,39a1e82c3af644a7d9b0bd1d735f7d050e7227dee04184ee04f05c3aa6839546
vic_lc_2018,south-eastern-metropolitan-region,South-Eastern Metropolitan Region,"MEADEN, Carly",HEALTH AUSTRALIA PARTY,86,436977,72830,https://itsitecoreblobvecprd01.blob.core.windows.net/public-files/historical-results/state2018/south-easternmetropolitanregion.html,39a1e82c3af644a7d9b0bd1d735f7d050e7227dee04184ee04f05c3aa6839546
vic_lc_2018,south-eastern-metropolitan-region,South-Eastern Metropolitan Region,"CHAWLA, Tarang",,1356,436977,72830,https://itsitecoreblobvecprd01.blob.core.windows.net/public-files/historical-results/state2018/south-easternmetropolitanregion.html,39a1e82c3af644a7d9b0bd1d735f7d050e7227dee04184ee04f05c3aa6839546
vic_lc_2018,south-eastern-metropolitan-region,South-Eastern Metropolitan Region,"LEE, Nicole",,73,436977,72830,https://itsitecoreblobvecprd01.blob.core.windows.net/public-files/historical-results/state2018/south-easternmetropolitanregion.html,39a1e82c3af644a7d9b0bd1d735f7d050e7227dee04184ee04f05c3aa6839546
vic_lc_2018,south-eastern-metropolitan-region,South-Eastern Metropolitan Region,"RICH-PHILLIPS, Gordon",LIBERAL,124909,436977,72830,https://itsitecoreblobvecprd01.blob.core.windows.net/public-files/historical-results/state2018/south-easternmetropolitanregion.html,39a1e82c3af644a7d9b0bd1d735f7d050e7227dee04184ee04f05c3aa6839546
vic_lc_2018,south-eastern-metropolitan-region,South-Eastern Metropolitan Region,"PEULICH, Inga",LIBERAL,514,436977,72830,https://itsitecoreblobvecprd01.blob.core.windows.net/public-files/historical-results/state2018/south-easternmetropolitanregion.html,39a1e82c3af644a7d9b0bd1d735f7d050e7227dee04184ee04f05c3aa6839546
vic_lc_2018,south-eastern-metropolitan-region,South-Eastern Metropolitan Region,"HUA, George",LIBERAL,311,436977,72830,https://itsitecoreblobvecprd01.blob.core.windows.net/public-files/historical-results/state2018/south-easternmetropolitanregion.html,39a1e82c3af644a7d9b0bd1d735f7d050e7227dee04184ee04f05c3aa6839546
vic_lc_2018,south-eastern-metropolitan-region,South-Eastern Metropolitan Region,"KAUR, Kuldeep",LIBERAL,376,436977,72830,https://itsitecoreblobvecprd01.blob.core.windows.net/public-files/historical-results/state2018/south-easternmetropolitanregion.html,39a1e82c3af644a7d9b0bd1d735f7d050e7227dee04184ee04f05c3aa6839546
vic_lc_2018,south-eastern-metropolitan-region,South-Eastern Metropolitan Region,"HICKS, Robert",LIBERAL,475,436977,72830,https://itsitecoreblobvecprd01.blob.core.windows.net/public-files/historical-results/state2018/south-easternmetropolitanregion.html,39a1e82c3af644a7d9b0bd1d735f7d050e7227dee04184ee04f05c3aa6839546
vic_lc_2018,south-eastern-metropolitan-region,South-Eastern Metropolitan Region,"LIMBRICK, David",LIBERAL DEMOCRATS,3653,436977,72830,https://itsitecoreblobvecprd01.blob.core.windows.net/public-files/historical-results/state2018/south-easternmetropolitanregion.html,39a1e82c3af644a7d9b0bd1d735f7d050e7227dee04184ee04f05c3aa6839546
vic_lc_2018,south-eastern-metropolitan-region,South-Eastern Metropolitan Region,"FORD, Matt",LIBERAL DEMOCRATS,25,436977,72830,https://itsitecoreblobvecprd01.blob.core.windows.net/public-files/historical-results/state2018/south-easternmetropolitanregion.html,39a1e82c3af644a7d9b0bd1d735f7d050e7227dee04184ee04f05c3aa6839546
vic_lc_2018,south-eastern-metropolitan-region,South-Eastern Metropolitan Region,"HALL, Kassandra J.",VOLUNTARY EUTHANASIA PARTY (VICTORIA),2966,436977,72830,https://itsitecoreblobvecprd01.blob.core.windows.net/public-files/historical-results/state2018/south-easternmetropolitanregion.html,39a1e82c3af644a7d9b0bd1d735f7d050e7227dee04184ee04f05c3aa6839546
vic_lc_2018,south-eastern-metropolitan-region,South-Eastern Metropolitan Region,"HILL, Mardi",VOLUNTARY EUTHANASIA PARTY (VICTORIA),47,436977,72830,https://itsitecoreblobvecprd01.blob.core.windows.net/public-files/historical-results/state2018/south-easternmetropolitanregion.html,39a1e82c3af644a7d9b0bd1d735f7d050e7227dee04184ee04f05c3aa6839546
vic_lc_2018,south-eastern-metropolitan-region,South-Eastern Metropolitan Region,"CHIPP, Laura",FIONA PATTEN'S REASON PARTY,3645,436977,72830,https://itsitecoreblobvecprd01.blob.core.windows.net/public-files/historical-results/state2018/south-easternmetropolitanregion.html,39a1e82c3af644a7d9b0bd1d735f7d050e7227dee04184ee04f05c3aa6839546
vic_lc_2018,south-eastern-metropolitan-region,South-Eastern Metropolitan Region,"KAGAN, Brett J.",FIONA PATTEN'S REASON PARTY,60,436977,72830,https://itsitecoreblobvecprd01.blob.core.windows.net/public-files/historical-results/state2018/south-easternmetropolitanregion.html,39a1e82c3af644a7d9b0bd1d735f7d050e7227dee04184ee04f05c3aa6839546
vic_lc_2018,south-eastern-metropolitan-region,South-Eastern Metropolitan Region,"SPRINGLE, Nina",AUSTRALIAN GREENS,23251,436977,72830,https://itsitecoreblobvecprd01.blob.core.windows.net/public-files/historical-results/state2018/south-easternmetropolitanregion.html,39a1e82c3af644a7d9b0bd1d735f7d050e7227dee04184ee04f05c3aa6839546
vic_lc_2018,south-eastern-metropolitan-region,South-Eastern Metropolitan Region,"KIRWAN, Matthew",AUSTRALIAN GREENS,220,436977,72830,https://itsitecoreblobvecprd01.blob.core.windows.net/public-files/historical-results/state2018/south-easternmetropolitanregion.html,39a1e82c3af644a7d9b0bd1d735f7d050e7227dee04184ee04f05c3aa6839546
vic_lc_2018,south-eastern-metropolitan-region,South-Eastern Metropolitan Region,"MITCHELL, Jacqueline",AUSTRALIAN GREENS,299,436977,72830,https://itsitecoreblobvecprd01.blob.core.windows.net/public-files/historical-results/state2018/south-easternmetropolitanregion.html,39a1e82c3af644a7d9b0bd1d735f7d050e7227dee04184ee04f05c3aa6839546
vic_lc_2018,south-eastern-metropolitan-region,South-Eastern Metropolitan Region,"VOS, Jake",AUSTRALIAN GREENS,80,436977,72830,https://itsitecoreblobvecprd01.blob.core.windows.net/public-files/historical-results/state2018/south-easternmetropolitanregion.html,39a1e82c3af644a7d9b0bd1d735f7d050e7227dee04184ee04f05c3aa6839546
vic_lc_2018,south-eastern-metropolitan-region,South-Eastern Metropolitan Region,"MINIFIE, Tasma",AUSTRALIAN GREENS,501,436977,72830,https://itsitecoreblobvecprd01.blob.core.windows.net/public-files/historical-results/state2018/south-easternmetropolitanregion.html,39a1e82c3af644a7d9b0bd1d735f7d050e7227dee04184ee04f05c3aa6839546
vic_lc_2018,south-eastern-metropolitan-region,South-Eastern Metropolitan Region,"SINCLAIR, Janette",HUDSON 4 NV,393,436977,72830,https://itsitecoreblobvecprd01.blob.core.windows.net/public-files/historical-results/state2018/south-easternmetropolitanregion.html,39a1e82c3af644a7d9b0bd1d735f7d050e7227dee04184ee04f05c3aa6839546
vic_lc_2018,south-eastern-metropolitan-region,South-Eastern Metropolitan Region,"MADILL, Holly",HUDSON 4 NV,10,436977,72830,https://itsitecoreblobvecprd01.blob.core.windows.net/public-files/historical-results/state2018/south-easternmetropolitanregion.html,39a1e82c3af644a7d9b0bd1d735f7d050e7227dee04184ee04f05c3aa6839546
vic_lc_2018,south-eastern-metropolitan-region,South-Eastern Metropolitan Region,"HEPNER, Andrew",AUSTRALIAN COUNTRY PARTY,1173,436977,72830,https://itsitecoreblobvecprd01.blob.core.windows.net/public-files/historical-results/state2018/south-easternmetropolitanregion.html,39a1e82c3af644a7d9b0bd1d735f7d050e7227dee04184ee04f05c3aa6839546
vic_lc_2018,south-eastern-metropolitan-region,South-Eastern Metropolitan Region,"DANIELI, Marilyn",AUSTRALIAN COUNTRY PARTY,29,436977,72830,https://itsitecoreblobvecprd01.blob.core.windows.net/public-files/historical-results/state2018/south-easternmetropolitanregion.html,39a1e82c3af644a7d9b0bd1d735f7d050e7227dee04184ee04f05c3aa6839546
vic_lc_2018,south-eastern-metropolitan-region,South-Eastern Metropolitan Region,"MYLVAGANAM, Aran",VICTORIAN SOCIALISTS,1172,436977,72830,https://itsitecoreblobvecprd01.blob.core.windows.net/public-files/historical-results/state2018/south-easternmetropolitanregion.html,39a1e82c3af644a7d9b0bd1d735f7d050e7227dee04184ee04f05c3aa6839546
vic_lc_2018,south-eastern-metropolitan-region,South-Eastern Metropolitan Region,"REID, Ben",VICTORIAN SOCIALISTS,59,436977,72830,https://itsitecoreblobvecprd01.blob.core.windows.net/public-files/historical-results/state2018/south-easternmetropolitanregion.html,39a1e82c3af644a7d9b0bd1d735f7d050e7227dee04184ee04f05c3aa6839546
vic_lc_2018,south-eastern-metropolitan-region,South-Eastern Metropolitan Region,"BANHIDY, Chris","SHOOTERS, FISHERS & FARMERS VIC",6268,436977,72830,https://itsitecoreblobvecprd01.blob.core.windows.net/public-files/historical-results/state2018/south-easternmetropolitanregion.html,39a1e82c3af644a7d9b0bd1d735f7d050e7227dee04184ee04f05c3aa6839546
vic_lc_2018,south-eastern-metropolitan-region,South-Eastern Metropolitan Region,"LEONE, Vincent","SHOOTERS, FISHERS & FARMERS VIC",65,436977,72830,https://itsitecoreblobvecprd01.blob.core.windows.net/public-files/historical-results/state2018/south-easternmetropolitanregion.html,39a1e82c3af644a7d9b0bd1d735f7d050e7227dee04184ee04f05c3aa6839546
vic_lc_2018,south-eastern-metropolitan-region,South-Eastern Metropolitan Region,"ARMSTRONG, David",AUSSIE BATTLER PARTY,2788,436977,72830,https://itsitecoreblobvecprd01.blob.core.windows.net/public-files/historical-results/state2018/south-easternmetropolitanregion.html,39a1e82c3af644a7d9b0bd1d735f7d050e7227dee04184ee04f05c3aa6839546
vic_lc_2018,south-eastern-metropolitan-region,South-Eastern Metropolitan Region,"CHAMBERLAIN, Michael",AUSSIE BATTLER PARTY,30,436977,72830,https://itsitecoreblobvecprd01.blob.core.windows.net/public-files/historical-results/state2018/south-easternmetropolitanregion.html,39a1e82c3af644a7d9b0bd1d735f7d050e7227dee04184ee04f05c3aa6839546
vic_lc_2018,south-eastern-metropolitan-region,South-Eastern Metropolitan Region,"STEVENS, Peter",LABOUR DLP,6327,436977,72830,https://itsitecoreblobvecprd01.blob.core.windows.net/public-files/historical-results/state2018/south-easternmetropolitanregion.html,39a1e82c3af644a7d9b0bd1d735f7d050e7227dee04184ee04f05c3aa6839546
vic_lc_2018,south-eastern-metropolitan-region,South-Eastern Metropolitan Region,"PALMA, Michael Joseph",LABOUR DLP,57,436977,72830,https://itsitecoreblobvecprd01.blob.core.windows.net/public-files/historical-results/state2018/south-easternmetropolitanregion.html,39a1e82c3af644a7d9b0bd1d735f7d050e7227dee04184ee04f05c3aa6839546
vic_lc_2018,south-eastern-metropolitan-region,South-Eastern Metropolitan Region,"JOHNSTON, Elizabeth",ANIMAL JUSTICE PARTY,9573,436977,72830,https://itsitecoreblobvecprd01.blob.core.windows.net/public-files/historical-results/state2018/south-easternmetropolitanregion.html,39a1e82c3af644a7d9b0bd1d735f7d050e7227dee04184ee04f05c3aa6839546
vic_lc_2018,south-eastern-metropolitan-region,South-Eastern Metropolitan Region,"CRAIG, Derrin",ANIMAL JUSTICE PARTY,145,436977,72830,https://itsitecoreblobvecprd01.blob.core.windows.net/public-files/historical-results/state2018/south-easternmetropolitanregion.html,39a1e82c3af644a7d9b0bd1d735f7d050e7227dee04184ee04f05c3aa6839546
vic_lc_2018,south-eastern-metropolitan-region,South-Eastern Metropolitan Region,"MADDISON, David Sydney",AUSTRALIAN LIBERTY ALLIANCE,2291,436977,72830,https://itsitecoreblobvecprd01.blob.core.windows.net/public-files/historical-results/state2018/south-easternmetropolitanregion.html,39a1e82c3af644a7d9b0bd1d735f7d050e7227dee04184ee04f05c3aa6839546
vic_lc_2018,south-eastern-metropolitan-region,South-Eastern Metropolitan Region,"SCHUMANN, Ralf",AUSTRALIAN LIBERTY ALLIANCE,28,436977,72830,https://itsitecoreblobvecprd01.blob.core.windows.net/public-files/historical-results/state2018/south-easternmetropolitanregion.html,39a1e82c3af644a7d9b0bd1d735f7d050e7227dee04184ee04f05c3aa6839546
vic_lc_2018,south-eastern-metropolitan-region,South-Eastern Metropolitan Region,"DAVY, Peter",DERRYN HINCH'S JUSTICE PARTY,13090,436977,72830,https://itsitecoreblobvecprd01.blob.core.windows.net/public-files/historical-results/state2018/south-easternmetropolitanregion.html,39a1e82c3af644a7d9b0bd1d735f7d050e7227dee04184ee04f05c3aa6839546
vic_lc_2018,south-eastern-metropolitan-region,South-Eastern Metropolitan Region,"GUY, Kerri",DERRYN HINCH'S JUSTICE PARTY,168,436977,72830,https://itsitecoreblobvecprd01.blob.core.windows.net/public-files/historical-results/state2018/south-easternmetropolitanregion.html,39a1e82c3af644a7d9b0bd1d735f7d050e7227dee04184ee04f05c3aa6839546
vic_lc_2018,south-eastern-metropolitan-region,South-Eastern Metropolitan Region,"CRESSWELL, Anthony",SUSTAINABLE AUSTRALIA,2957,436977,72830,https://itsitecoreblobvecprd01.blob.core.windows.net/public-files/historical-results/state2018/south-easternmetropolitanregion.html,39a1e82c3af644a7d9b0bd1d735f7d050e7227dee04184ee04f05c3aa6839546
vic_lc_2018,south-eastern-metropolitan-region,South-Eastern Metropolitan Region,"BUDGEON, Daryl",SUSTAINABLE AUSTRALIA,69,436977,72830,https://itsitecoreblobvecprd01.blob.core.windows.net/public-files/historical-results/state2018/south-easternmetropolitanregion.html,39a1e82c3af644a7d9b0bd1d735f7d050e7227dee04184ee04f05c3aa6839546
vic_lc_2018,south-eastern-metropolitan-region,South-Eastern Metropolitan Region,"HINE, Stewart",,62,436977,72830,https://itsitecoreblobvecprd01.blob.core.windows.net/public-files/historical-results/state2018/south-easternmetropolitanregion.html,39a1e82c3af644a7d9b0bd1d735f7d050e7227dee04184ee04f05c3aa6839546
vic_lc_2018,south-eastern-metropolitan-region,South-Eastern Metropolitan Region,"MACK, Peter",,27,436977,72830,https://itsitecoreblobvecprd01.blob.core.windows.net/public-files/historical-results/state2018/south-easternmetropolitanregion.html,39a1e82c3af644a7d9b0bd1d735f7d050e7227dee04184ee04f05c3aa6839546
vic_lc_2018,south-eastern-metropolitan-region,South-Eastern Metropolitan Region,"SINGH, Bobby",,49,436977,72830,https://itsitecoreblobvecprd01.blob.core.windows.net/public-files/historical-results/state2018/south-easternmetropolitanregion.html,39a1e82c3af644a7d9b0bd1d735f7d050e7227dee04184ee04f05c3aa6839546
vic_lc_2018,southern-metropolitan-region,Southern Metropolitan Region,"DAVIS, David",LIBERAL,161767,429657,71610,https://itsitecoreblobvecprd01.blob.core.windows.net/public-files/historical-results/state2018/southernmetropolitanregion.html,cbcc7bda1d82800eabe353a2cff6a18280482e196bd98792f0777c9602af21db
vic_lc_2018,southern-metropolitan-region,Southern Metropolitan Region,"CROZIER, Georgie",LIBERAL,1016,429657,71610,https://itsitecoreblobvecprd01.blob.core.windows.net/public-files/historical-results/state2018/southernmetropolitanregion.html,cbcc7bda1d82800eabe353a2cff6a18280482e196bd98792f0777c9602af21db
vic_lc_2018,southern-metropolitan-region,Southern Metropolitan Region,"FITZHERBERT, Margaret",LIBERAL,955,429657,71610,https://itsitecoreblobvecprd01.blob.core.windows.net/public-files/historical-results/state2018/southernmetropolitanregion.html,cbcc7bda1d82800eabe353a2cff6a18280482e196bd98792f0777c9602af21db
vic_lc_2018,southern-metropolitan-region,Southern Metropolitan Region,"MacRIDES, Gavan",LIBERAL,389,429657,71610,https://itsitecoreblobvecprd01.blob.core.windows.net/public-files/historical-results/state2018/southernmetropolitanregion.html,cbcc7bda1d82800eabe353a2cff6a18280482e196bd98792f0777c9602af21db
vic_lc_2018,southern-metropolitan-region,Southern Metropolitan Region,"YANG, Miaosheng",LIBERAL,433,429657,71610,https://itsitecoreblobvecprd01.blob.core.windows.net/public-files/historical-results/state2018/southernmetropolitanregion.html,cbcc7bda1d82800eabe353a2cff6a18280482e196bd98792f0777c9602af21db
vic_lc_2018,southern-metropolitan-region,Southern Metropolitan Region,"LEWIS, Catheryn",VICTORIAN SOCIALISTS,1935,429657,71610,https://itsitecoreblobvecprd01.blob.core.windows.net/public-files/historical-results/state2018/southernmetropolitanregion.html,cbcc7bda1d82800eabe353a2cff6a18280482e196bd98792f0777c9602af21db
vic_lc_2018,southern-metropolitan-region,Southern Metropolitan Region,"MITCHELL, Ivan",VICTORIAN SOCIALISTS,116,429657,71610,https://itsitecoreblobvecprd01.blob.core.windows.net/public-files/historical-results/state2018/southernmetropolitanregion.html,cbcc7bda1d82800eabe353a2cff6a18280482e196bd98792f0777c9602af21db
vic_lc_2018,southern-metropolitan-region,Southern Metropolitan Region,"YEMINI, Avi",AUSTRALIAN LIBERTY ALLIANCE,2062,429657,71610,https://itsitecoreblobvecprd01.blob.core.windows.net/public-files/historical-results/state2018/southernmetropolitanregion.html,cbcc7bda1d82800eabe353a2cff6a18280482e196bd98792f0777c9602af21db
vic_lc_2018,southern-metropolitan-region,Southern Metropolitan Region,"JONES, Kaylah",AUSTRALIAN LIBERTY ALLIANCE,13,429657,71610,https://itsitecoreblobvecprd01.blob.core.windows.net/public-files/historical-results/state2018/southernmetropolitanregion.html,cbcc7bda1d82800eabe353a2cff6a18280482e196bd98792f0777c9602af21db
vic_lc_2018,southern-metropolitan-region,Southern Metropolitan Region,"MOORE, Ben",HEALTH AUSTRALIA PARTY,1920,429657,71610,https://itsitecoreblobvecprd01.blob.core.windows.net/public-files/historical-results/state2018/southernmetropolitanregion.html,cbcc7bda1d82800eabe353a2cff6a18280482e196bd98792f0777c9602af21db
vic_lc_2018,southern-metropolitan-region,Southern Metropolitan Region,"CERECER, Cindy",HEALTH AUSTRALIA PARTY,95,429657,71610,https://itsitecoreblobvecprd01.blob.core.windows.net/public-files/historical-results/state2018/southernmetropolitanregion.html,cbcc7bda1d82800eabe353a2cff6a18280482e196bd98792f0777c9602af21db
vic_lc_2018,southern-metropolitan-region,Southern Metropolitan Region,"HILLARD, Mark",AUSSIE BATTLER PARTY,1662,429657,71610,https://itsitecoreblobvecprd01.blob.core.windows.net/public-files/historical-results/state2018/southernmetropolitanregion.html,cbcc7bda1d82800eabe353a2cff6a18280482e196bd98792f0777c9602af21db
vic_lc_2018,southern-metropolitan-region,Southern Metropolitan Region,"WAIN, Stacey",AUSSIE BATTLER PARTY,29,429657,71610,https://itsitecoreblobvecprd01.blob.core.windows.net/public-files/historical-results/state2018/southernmetropolitanregion.html,cbcc7bda1d82800eabe353a2cff6a18280482e196bd98792f0777c9602af21db
vic_lc_2018,southern-metropolitan-region,Southern Metropolitan Region,"PENNICUIK, Sue",AUSTRALIAN GREENS,55207,429657,71610,https://itsitecoreblobvecprd01.blob.core.windows.net/public-files/historical-results/state2018/southernmetropolitanregion.html,cbcc7bda1d82800eabe353a2cff6a18280482e196bd98792f0777c9602af21db
vic_lc_2018,southern-metropolitan-region,Southern Metropolitan Region,"JAMES, Earl",AUSTRALIAN GREENS,643,429657,71610,https://itsitecoreblobvecprd01.blob.core.windows.net/public-files/historical-results/state2018/southernmetropolitanregion.html,cbcc7bda1d82800eabe353a2cff6a18280482e196bd98792f0777c9602af21db
vic_lc_2018,southern-metropolitan-region,Southern Metropolitan Region,"READ, Rose",AUSTRALIAN GREENS,874,429657,71610,https://itsitecoreblobvecprd01.blob.core.windows.net/public-files/historical-results/state2018/southernmetropolitanregion.html,cbcc7bda1d82800eabe353a2cff6a18280482e196bd98792f0777c9602af21db
vic_lc_2018,southern-metropolitan-region,Southern Metropolitan Region,"FORSTER, Duncan",AUSTRALIAN GREENS,172,429657,71610,https://itsitecoreblobvecprd01.blob.core.windows.net/public-files/historical-results/state2018/southernmetropolitanregion.html,cbcc7bda1d82800eabe353a2cff6a18280482e196bd98792f0777c9602af21db
vic_lc_2018,southern-metropolitan-region,Southern Metropolitan Region,"BENNETT, James",AUSTRALIAN GREENS,935,429657,71610,https://itsitecoreblobvecprd01.blob.core.windows.net/public-files/historical-results/state2018/southernmetropolitanregion.html,cbcc7bda1d82800eabe353a2cff6a18280482e196bd98792f0777c9602af21db
vic_lc_2018,southern-metropolitan-region,Southern Metropolitan Region,"MORRIS, Jane E.",VOLUNTARY EUTHANASIA PARTY (VICTORIA),4275,429657,71610,https://itsitecoreblobvecprd01.blob.core.windows.net/public-files/historical-results/state2018/southernmetropolitanregion.html,cbcc7bda1d82800eabe353a2cff6a18280482e196bd98792f0777c9602af21db
vic_lc_2018,southern-metropolitan-region,Southern Metropolitan Region,"RYAN, Imelda T.",VOLUNTARY EUTHANASIA PARTY (VICTORIA),76,429657,71610,https://itsitecoreblobvecprd01.blob.core.windows.net/public-files/historical-results/state2018/southernmetropolitanregion.html,cbcc7bda1d82800eabe353a2cff6a18280482e196bd98792f0777c9602af21db
vic_lc_2018,southern-metropolitan-region,Southern Metropolitan Region,"BOURMAN, Nicole","SHOOTERS, FISHERS & FARMERS VIC",2670,429657,71610,https://itsitecoreblobvecprd01.blob.core.windows.net/public-files/historical-results/state2018/southernmetropolitanregion.html,cbcc7bda1d82800eabe353a2cff6a18280482e196bd98792f0777c9602af21db
vic_lc_2018,southern-metropolitan-region,Southern Metropolitan Region,"LINDFORS-BESWICK, Ryan","SHOOTERS, FISHERS & FARMERS VIC",56,429657,71610,https://itsitecoreblobvecprd01.blob.core.windows.net/public-files/historical-results/state2018/southernmetropolitanregion.html,cbcc7bda1d82800eabe353a2cff6a18280482e196bd98792f0777c9602af21db
vic_lc_2018,southern-metropolitan-region,Southern Metropolitan Region,"PERRIAM, Matthew",HUDSON 4 NV,329,429657,71610,https://itsitecoreblobvecprd01.blob.core.windows.net/public-files/historical-results/state2018/southernmetropolitanregion.html,cbcc7bda1d82800eabe353a2cff6a18280482e196bd98792f0777c9602af21db
vic_lc_2018,southern-metropolitan-region,Southern Metropolitan Region,"PERRIAM, Grace",HUDSON 4 NV,6,429657,71610,https://itsitecoreblobvecprd01.blob.core.windows.net/public-files/historical-results/state2018/southernmetropolitanregion.html,cbcc7bda1d82800eabe353a2cff6a18280482e196bd98792f0777c9602af21db
vic_lc_2018,southern-metropolitan-region,Southern Metropolitan Region,"DALIDAKIS, Philip",AUSTRALIAN LABOR PARTY,143443,429657,71610,https://itsitecoreblobvecprd01.blob.core.windows.net/public-files/historical-results/state2018/southernmetropolitanregion.html,cbcc7bda1d82800eabe353a2cff6a18280482e196bd98792f0777c9602af21db
vic_lc_2018,southern-metropolitan-region,Southern Metropolitan Region,"TAYLOR, Nina",AUSTRALIAN LABOR PARTY,2290,429657,71610,https://itsitecoreblobvecprd01.blob.core.windows.net/public-files/historical-results/state2018/southernmetropolitanregion.html,cbcc7bda1d82800eabe353a2cff6a18280482e196bd98792f0777c9602af21db
vic_lc_2018,southern-metropolitan-region,Southern Metropolitan Region,"ARMSTRONG, Judith",AUSTRALIAN LABOR PARTY,1652,429657,71610,https://itsitecoreblobvecprd01.blob.core.windows.net/public-files/historical-results/state2018/southernmetropolitanregion.html,cbcc7bda1d82800eabe353a2cff6a18280482e196bd98792f0777c9602af21db
vic_lc_2018,southern-metropolitan-region,Southern Metropolitan Region,"KENDALL, Graeme",AUSTRALIAN LABOR PARTY,605,429657,71610,https://itsitecoreblobvecprd01.blob.core.windows.net/public-files/historical-results/state2018/southernmetropolitanregion.html,cbcc7bda1d82800eabe353a2cff6a18280482e196bd98792f0777c9602af21db
vic_lc_2018,southern-metropolitan-region,Southern Metropolitan Region,"BELLOTE, Danny",AUSTRALIAN LABOR PARTY,551,429657,71610,https://itsitecoreblobvecprd01.blob.core.windows.net/public-files/historical-results/state2018/southernmetropolitanregion.html,cbcc7bda1d82800eabe353a2cff6a18280482e196bd98792f0777c9602af21db
vic_lc_2018,southern-metropolitan-region,Southern Metropolitan Region,"VAN DER HORST, Joel",LABOUR DLP,5589,429657,71610,https://itsitecoreblobvecprd01.blob.core.windows.net/public-files/historical-results/state2018/southernmetropolitanregion.html,cbcc7bda1d82800eabe353a2cff6a18280482e196bd98792f0777c9602af21db
vic_lc_2018,southern-metropolitan-region,Southern Metropolitan Region,"De SUMMA, Lucia",LABOUR DLP,87,429657,71610,https://itsitecoreblobvecprd01.blob.core.windows.net/public-files/historical-results/state2018/southernmetropolitanregion.html,cbcc7bda1d82800eabe353a2cff6a18280482e196bd98792f0777c9602af21db
vic_lc_2018,southern-metropolitan-region,Southern Metropolitan Region,"HAYES, Clifford",SUSTAINABLE AUSTRALIA,5404,429657,71610,https://itsitecoreblobvecprd01.blob.core.windows.net/public-files/historical-results/state2018/southernmetropolitanregion.html,cbcc7bda1d82800eabe353a2cff6a18280482e196bd98792f0777c9602af21db
vic_lc_2018,southern-metropolitan-region,Southern Metropolitan Region,"HOUGHTON, Cathryn",SUSTAINABLE AUSTRALIA,254,429657,71610,https://itsitecoreblobvecprd01.blob.core.windows.net/public-files/historical-results/state2018/southernmetropolitanregion.html,cbcc7bda1d82800eabe353a2cff6a18280482e196bd98792f0777c9602af21db
vic_lc_2018,southern-metropolitan-region,Southern Metropolitan Region,"MELLON-ROBERTSON, Jill",FIONA PATTEN'S REASON PARTY,8334,429657,71610,https://itsitecoreblobvecprd01.blob.core.windows.net/public-files/historical-results/state2018/southernmetropolitanregion.html,cbcc7bda1d82800eabe353a2cff6a18280482e196bd98792f0777c9602af21db
vic_lc_2018,southern-metropolitan-region,Southern Metropolitan Region,"MUNDAY, Edmund",FIONA PATTEN'S REASON PARTY,301,429657,71610,https://itsitecoreblobvecprd01.blob.core.windows.net/public-files/historical-results/state2018/southernmetropolitanregion.html,cbcc7bda1d82800eabe353a2cff6a18280482e196bd98792f0777c9602af21db
vic_lc_2018,southern-metropolitan-region,Southern Metropolitan Region,"NICHOLLS, Nikki",DERRYN HINCH'S JUSTICE PARTY,6075,429657,71610,https://itsitecoreblobvecprd01.blob.core.windows.net/public-files/historical-results/state2018/southernmetropolitanregion.html,cbcc7bda1d82800eabe353a2cff6a18280482e196bd98792f0777c9602af21db
vic_lc_2018,southern-metropolitan-region,Southern Metropolitan Region,"DOIDGE, Julie",DERRYN HINCH'S JUSTICE PARTY,107,429657,71610,https://itsitecoreblobvecprd01.blob.core.windows.net/public-files/historical-results/state2018/southernmetropolitanregion.html,cbcc7bda1d82800eabe353a2cff6a18280482e196bd98792f0777c9602af21db
vic_lc_2018,southern-metropolitan-region,Southern Metropolitan Region,"SCHULTZ, Ben",ANIMAL JUSTICE PARTY,8976,429657,71610,https://itsitecoreblobvecprd01.blob.core.windows.net/public-files/historical-results/state2018/southernmetropolitanregion.html,cbcc7bda1d82800eabe353a2cff6a18280482e196bd98792f0777c9602af21db
vic_lc_2018,southern-metropolitan-region,Southern Metropolitan Region,"McROSTIE, Fiona",ANIMAL JUSTICE PARTY,345,429657,71610,https://itsitecoreblobvecprd01.blob.core.windows.net/public-files/historical-results/state2018/southernmetropolitanregion.html,cbcc7bda1d82800eabe353a2cff6a18280482e196bd98792f0777c9602af21db
vic_lc_2018,southern-metropolitan-region,Southern Metropolitan Region,"KENNEDY, Robert",LIBERAL DEMOCRATS,5884,429657,71610,https://itsitecoreblobvecprd01.blob.core.windows.net/public-files/historical-results/state2018/southernmetropolitanregion.html,cbcc7bda1d82800eabe353a2cff6a18280482e196bd98792f0777c9602af21db
vic_lc_2018,southern-metropolitan-region,Southern Metropolitan Region,"O'SULLIVAN, Kirsty",LIBERAL DEMOCRATS,64,429657,71610,https://itsitecoreblobvecprd01.blob.core.windows.net/public-files/historical-results/state2018/southernmetropolitanregion.html,cbcc7bda1d82800eabe353a2cff6a18280482e196bd98792f0777c9602af21db
vic_lc_2018,southern-metropolitan-region,Southern Metropolitan Region,"GUEST, Kim",TRANSPORT MATTERS,1319,429657,71610,https://itsitecoreblobvecprd01.blob.core.windows.net/public-files/historical-results/state2018/southernmetropolitanregion.html,cbcc7bda1d82800eabe353a2cff6a18280482e196bd98792f0777c9602af21db
vic_lc_2018,southern-metropolitan-region,Southern Metropolitan Region,"MUHAMMAD, Saeed",TRANSPORT MATTERS,34,429657,71610,https://itsitecoreblobvecprd01.blob.core.windows.net/public-files/historical-results/state2018/southernmetropolitanregion.html,cbcc7bda1d82800eabe353a2cff6a18280482e196bd98792f0777c9602af21db
vic_lc_2018,southern-metropolitan-region,Southern Metropolitan Region,"CLOW, Nicola",AUSTRALIAN COUNTRY PARTY,685,429657,71610,https://itsitecoreblobvecprd01.blob.core.windows.net/public-files/historical-results/state2018/southernmetropolitanregion.html,cbcc7bda1d82800eabe353a2cff6a18280482e196bd98792f0777c9602af21db
vic_lc_2018,southern-metropolitan-region,Southern Metropolitan Region,"ARMSTRONG, Michele Mary",AUSTRALIAN COUNTRY PARTY,23,429657,71610,https://itsitecoreblobvecprd01.blob.core.windows.net/public-files/historical-results/state2018/southernmetropolitanregion.html,cbcc7bda1d82800eabe353a2cff6a18280482e196bd98792f0777c9602af21db
vic_lc_2018,western-metropolitan-region,Western Metropolitan Region,"CUMMING, Catherine Rebecca",DERRYN HINCH'S JUSTICE PARTY,31354,463258,77210,https://itsitecoreblobvecprd01.blob.core.windows.net/public-files/historical-results/state2018/westernmetropolitanregion.html,bf955809c4d42354a5325af426abd2bbdfab613a8a235483a27fb1a8fe9b11f9
vic_lc_2018,western-metropolitan-region,Western Metropolitan Region,"CUMMING, Daniel Henry",DERRYN HINCH'S JUSTICE PARTY,228,463258,77210,https://itsitecoreblobvecprd01.blob.core.windows.net/public-files/historical-results/state2018/westernmetropolitanregion.html,bf955809c4d42354a5325af426abd2bbdfab613a8a235483a27fb1a8fe9b11f9
vic_lc_2018,western-metropolitan-region,Western Metropolitan Region,"BEECH, Terri",ANIMAL JUSTICE PARTY,11728,463258,77210,https://itsitecoreblobvecprd01.blob.core.windows.net/public-files/historical-results/state2018/westernmetropolitanregion.html,bf955809c4d42354a5325af426abd2bbdfab613a8a235483a27fb1a8fe9b11f9
vic_lc_2018,western-metropolitan-region,Western Metropolitan Region,"LEUNG, Karina",ANIMAL JUSTICE PARTY,279,463258,77210,https://itsitecoreblobvecprd01.blob.core.windows.net/public-files/historical-results/state2018/westernmetropolitanregion.html,bf955809c4d42354a5325af426abd2bbdfab613a8a235483a27fb1a8fe9b11f9
vic_lc_2018,western-metropolitan-region,Western Metropolitan Region,"WEBB, Hayley",HUDSON 4 NV,548,463258,77210,https://itsitecoreblobvecprd01.blob.core.windows.net/public-files/historical-results/state2018/westernmetropolitanregion.html,bf955809c4d42354a5325af426abd2bbdfab613a8a235483a27fb1a8fe9b11f9
vic_lc_2018,western-metropolitan-region,Western Metropolitan Region,"ECKEL, Casey",HUDSON 4 NV,19,463258,77210,https://itsitecoreblobvecprd01.blob.core.windows.net/public-files/historical-results/state2018/westernmetropolitanregion.html,bf955809c4d42354a5325af426abd2bbdfab613a8a235483a27fb1a8fe9b11f9
vic_lc_2018,western-metropolitan-region,Western Metropolitan Region,"COHEN, Francine",AUSTRALIAN LIBERTY ALLIANCE,3231,463258,77210,https://itsitecoreblobvecprd01.blob.core.windows.net/public-files/historical-results/state2018/westernmetropolitanregion.html,bf955809c4d42354a5325af426abd2bbdfab613a8a235483a27fb1a8fe9b11f9
vic_lc_2018,western-metropolitan-region,Western Metropolitan Region,"FRANKLIN, Terri",AUSTRALIAN LIBERTY ALLIANCE,56,463258,77210,https://itsitecoreblobvecprd01.blob.core.windows.net/public-files/historical-results/state2018/westernmetropolitanregion.html,bf955809c4d42354a5325af426abd2bbdfab613a8a235483a27fb1a8fe9b11f9
vic_lc_2018,western-metropolitan-region,Western Metropolitan Region,"JORQUERA, Jorge",VICTORIAN SOCIALISTS,2624,463258,77210,https://itsitecoreblobvecprd01.blob.core.windows.net/public-files/historical-results/state2018/westernmetropolitanregion.html,bf955809c4d42354a5325af426abd2bbdfab613a8a235483a27fb1a8fe9b11f9
vic_lc_2018,western-metropolitan-region,Western Metropolitan Region,"CHARLES, Andrew",VICTORIAN SOCIALISTS,135,463258,77210,https://itsitecoreblobvecprd01.blob.core.windows.net/public-files/historical-results/state2018/westernmetropolitanregion.html,bf955809c4d42354a5325af426abd2bbdfab613a8a235483a27fb1a8fe9b11f9
vic_lc_2018,western-metropolitan-region,Western Metropolitan Region,"O'NEILL, Stuart",AUSSIE BATTLER PARTY,4340,463258,77210,https://itsitecoreblobvecprd01.blob.core.windows.net/public-files/historical-results/state2018/westernmetropolitanregion.html,bf955809c4d42354a5325af426abd2bbdfab613a8a235483a27fb1a8fe9b11f9
vic_lc_2018,western-metropolitan-region,Western Metropolitan Region,"KEARNS, Ian James",AUSSIE BATTLER PARTY,57,463258,77210,https://itsitecoreblobvecprd01.blob.core.windows.net/public-files/historical-results/state2018/westernmetropolitanregion.html,bf955809c4d42354a5325af426abd2bbdfab613a8a235483a27fb1a8fe9b11f9
vic_lc_2018,western-metropolitan-region,Western Metropolitan Region,"FINN, Bernie",LIBERAL,96858,463258,77210,https://itsitecoreblobvecprd01.blob.core.windows.net/public-files/historical-results/state2018/westernmetropolitanregion.html,bf955809c4d42354a5325af426abd2bbdfab613a8a235483a27fb1a8fe9b11f9
vic_lc_2018,western-metropolitan-region,Western Metropolitan Region,"GOURISETTY, Dinesh",LIBERAL,457,463258,77210,https://itsitecoreblobvecprd01.blob.core.windows.net/public-files/historical-results/state2018/westernmetropolitanregion.html,bf955809c4d42354a5325af426abd2bbdfab613a8a235483a27fb1a8fe9b11f9
vic_lc_2018,western-metropolitan-region,Western Metropolitan Region,"DEEMING, Moira",LIBERAL,356,463258,77210,https://itsitecoreblobvecprd01.blob.core.windows.net/public-files/historical-results/state2018/westernmetropolitanregion.html,bf955809c4d42354a5325af426abd2bbdfab613a8a235483a27fb1a8fe9b11f9
vic_lc_2018,western-metropolitan-region,Western Metropolitan Region,"WOOD, David",LIBERAL,522,463258,77210,https://itsitecoreblobvecprd01.blob.core.windows.net/public-files/historical-results/state2018/westernmetropolitanregion.html,bf955809c4d42354a5325af426abd2bbdfab613a8a235483a27fb1a8fe9b11f9
vic_lc_2018,western-metropolitan-region,Western Metropolitan Region,"Di NOIA, Nathan",LIBERAL,250,463258,77210,https://itsitecoreblobvecprd01.blob.core.windows.net/public-files/historical-results/state2018/westernmetropolitanregion.html,bf955809c4d42354a5325af426abd2bbdfab613a8a235483a27fb1a8fe9b11f9
vic_lc_2018,western-metropolitan-region,Western Metropolitan Region,"CARUSO, Benito",AUSTRALIAN COUNTRY PARTY,2092,463258,77210,https://itsitecoreblobvecprd01.blob.core.windows.net/public-files/historical-results/state2018/westernmetropolitanregion.html,bf955809c4d42354a5325af426abd2bbdfab613a8a235483a27fb1a8fe9b11f9
vic_lc_2018,western-metropolitan-region,Western Metropolitan Region,"LEEN, Tony",AUSTRALIAN COUNTRY PARTY,63,463258,77210,https://itsitecoreblobvecprd01.blob.core.windows.net/public-files/historical-results/state2018/westernmetropolitanregion.html,bf955809c4d42354a5325af426abd2bbdfab613a8a235483a27fb1a8fe9b11f9
vic_lc_2018,western-metropolitan-region,Western Metropolitan Region,"KARLOVSKY, Adam",LIBERAL DEMOCRATS,7821,463258,77210,https://itsitecoreblobvecprd01.blob.core.windows.net/public-files/historical-results/state2018/westernmetropolitanregion.html,bf955809c4d42354a5325af426abd2bbdfab613a8a235483a27fb1a8fe9b11f9
vic_lc_2018,western-metropolitan-region,Western Metropolitan Region,"THOMPSON, Mark",LIBERAL DEMOCRATS,58,463258,77210,https://itsitecoreblobvecprd01.blob.core.windows.net/public-files/historical-results/state2018/westernmetropolitanregion.html,bf955809c4d42354a5325af426abd2bbdfab613a8a235483a27fb1a8fe9b11f9
vic_lc_2018,western-metropolitan-region,Western Metropolitan Region,"REEVES, Christopher",LIBERAL DEMOCRATS,45,463258,77210,https://itsitecoreblobvecprd01.blob.core.windows.net/public-files/historical-results/state2018/westernmetropolitanregion.html,bf955809c4d42354a5325af426abd2bbdfab613a8a235483a27fb1a8fe9b11f9
vic_lc_2018,western-metropolitan-region,Western Metropolitan Region,"BOTHA, Chris",FIONA PATTEN'S REASON PARTY,4959,463258,77210,https://itsitecoreblobvecprd01.blob.core.windows.net/public-files/historical-results/state2018/westernmetropolitanregion.html,bf955809c4d42354a5325af426abd2bbdfab613a8a235483a27fb1a8fe9b11f9
vic_lc_2018,western-metropolitan-region,Western Metropolitan Region,"TWIDALE, Jamie",FIONA PATTEN'S REASON PARTY,365,463258,77210,https://itsitecoreblobvecprd01.blob.core.windows.net/public-files/historical-results/state2018/westernmetropolitanregion.html,bf955809c4d42354a5325af426abd2bbdfab613a8a235483a27fb1a8fe9b11f9
vic_lc_2018,western-metropolitan-region,Western Metropolitan Region,"DOENSEN, Allan",SUSTAINABLE AUSTRALIA,3366,463258,77210,https://itsitecoreblobvecprd01.blob.core.windows.net/public-files/historical-results/state2018/westernmetropolitanregion.html,bf955809c4d42354a5325af426abd2bbdfab613a8a235483a27fb1a8fe9b11f9
vic_lc_2018,western-metropolitan-region,Western Metropolitan Region,"BELCHER, Richard",SUSTAINABLE AUSTRALIA,141,463258,77210,https://itsitecoreblobvecprd01.blob.core.windows.net/public-files/historical-results/state2018/westernmetropolitanregion.html,bf955809c4d42354a5325af426abd2bbdfab613a8a235483a27fb1a8fe9b11f9
vic_lc_2018,western-metropolitan-region,Western Metropolitan Region,"RIGG, Wayne","SHOOTERS, FISHERS & FARMERS VIC",8768,463258,77210,https://itsitecoreblobvecprd01.blob.core.windows.net/public-files/historical-results/state2018/westernmetropolitanregion.html,bf955809c4d42354a5325af426abd2bbdfab613a8a235483a27fb1a8fe9b11f9
vic_lc_2018,western-metropolitan-region,Western Metropolitan Region,"ASHBY, Geoff","SHOOTERS, FISHERS & FARMERS VIC",136,463258,77210,https://itsitecoreblobvecprd01.blob.core.windows.net/public-files/historical-results/state2018/westernmetropolitanregion.html,bf955809c4d42354a5325af426abd2bbdfab613a8a235483a27fb1a8fe9b11f9
vic_lc_2018,western-metropolitan-region,Western Metropolitan Region,"JENKINSON, Briony",HEALTH AUSTRALIA PARTY,4276,463258,77210,https://itsitecoreblobvecprd01.blob.core.windows.net/public-files/historical-results/state2018/westernmetropolitanregion.html,bf955809c4d42354a5325af426abd2bbdfab613a8a235483a27fb1a8fe9b11f9
vic_lc_2018,western-metropolitan-region,Western Metropolitan Region,"GLENN, Deanne",HEALTH AUSTRALIA PARTY,74,463258,77210,https://itsitecoreblobvecprd01.blob.core.windows.net/public-files/historical-results/state2018/westernmetropolitanregion.html,bf955809c4d42354a5325af426abd2bbdfab613a8a235483a27fb1a8fe9b11f9
vic_lc_2018,western-metropolitan-region,Western Metropolitan Region,"BECKWITH, Joan B.",VOLUNTARY EUTHANASIA PARTY (VICTORIA),3686,463258,77210,https://itsitecoreblobvecprd01.blob.core.windows.net/public-files/historical-results/state2018/westernmetropolitanregion.html,bf955809c4d42354a5325af426abd2bbdfab613a8a235483a27fb1a8fe9b11f9
vic_lc_2018,western-metropolitan-region,Western Metropolitan Region,"SIMS, Nia R.",VOLUNTARY EUTHANASIA PARTY (VICTORIA),71,463258,77210,https://itsitecoreblobvecprd01.blob.core.windows.net/public-files/historical-results/state2018/westernmetropolitanregion.html,bf955809c4d42354a5325af426abd2bbdfab613a8a235483a27fb1a8fe9b11f9
vic_lc_2018,western-metropolitan-region,Western Metropolitan Region,"LOWINGER, Daniel",TRANSPORT MATTERS,2979,463258,77210,https://itsitecoreblobvecprd01.blob.core.windows.net/public-files/historical-results/state2018/westernmetropolitanregion.html,bf955809c4d42354a5325af426abd2bbdfab613a8a235483a27fb1a8fe9b11f9
vic_lc_2018,western-metropolitan-region,Western Metropolitan Region,"ABDELNOUR, Ramy",TRANSPORT MATTERS,75,463258,77210,https://itsitecoreblobvecprd01.blob.core.windows.net/public-files/historical-results/state2018/westernmetropolitanregion.html,bf955809c4d42354a5325af426abd2bbdfab613a8a235483a27fb1a8fe9b11f9
vic_lc_2018,western-metropolitan-region,Western Metropolitan Region,"VILLAGONZALO, Walter",LABOUR DLP,16125,463258,77210,https://itsitecoreblobvecprd01.blob.core.windows.net/public-files/historical-results/state2018/westernmetropolitanregion.html,bf955809c4d42354a5325af426abd2bbdfab613a8a235483a27fb1a8fe9b11f9
vic_lc_2018,western-metropolitan-region,Western Metropolitan Region,"ROYAL, Mark Thomas",LABOUR DLP,201,463258,77210,https://itsitecoreblobvecprd01.blob.core.windows.net/public-files/historical-results/state2018/westernmetropolitanregion.html,bf955809c4d42354a5325af426abd2bbdfab613a8a235483a27fb1a8fe9b11f9
vic_lc_2018,western-metropolitan-region,Western Metropolitan Region,"TRUONG, Huong",AUSTRALIAN GREENS,38079,463258,77210,https://itsitecoreblobvecprd01.blob.core.windows.net/public-files/historical-results/state2018/westernmetropolitanregion.html,bf955809c4d42354a5325af426abd2bbdfab613a8a235483a27fb1a8fe9b11f9
vic_lc_2018,western-metropolitan-region,Western Metropolitan Region,"CASH, Emely",AUSTRALIAN GREENS,411,463258,77210,https://itsitecoreblobvecprd01.blob.core.windows.net/public-files/historical-results/state2018/westernmetropolitanregion.html,bf955809c4d42354a5325af426abd2bbdfab613a8a235483a27fb1a8fe9b11f9
vic_lc_2018,western-metropolitan-region,Western Metropolitan Region,"THOMAS, Bernadette",AUSTRALIAN GREENS,726,463258,77210,https://itsitecoreblobvecprd01.blob.core.windows.net/public-files/historical-results/state2018/westernmetropolitanregion.html,bf955809c4d42354a5325af426abd2bbdfab613a8a235483a27fb1a8fe9b11f9
vic_lc_2018,western-metropolitan-region,Western Metropolitan Region,"PEREYRA, Elena",AUSTRALIAN GREENS,595,463258,77210,https://itsitecoreblobvecprd01.blob.core.windows.net/public-files/historical-results/state2018/westernmetropolitanregion.html,bf955809c4d42354a5325af426abd2bbdfab613a8a235483a27fb1a8fe9b11f9
vic_lc_2018,western-metropolitan-region,Western Metropolitan Region,"CHESSELLS-BEEBY, Annie",AUSTRALIAN GREENS,532,463258,77210,https://itsitecoreblobvecprd01.blob.core.windows.net/public-files/historical-results/state2018/westernmetropolitanregion.html,bf955809c4d42354a5325af426abd2bbdfab613a8a235483a27fb1a8fe9b11f9
vic_lc_2018,western-metropolitan-region,Western Metropolitan Region,"MELHEM, Cesar",AUSTRALIAN LABOR PARTY,209635,463258,77210,https://itsitecoreblobvecprd01.blob.core.windows.net/public-files/historical-results/state2018/westernmetropolitanregion.html,bf955809c4d42354a5325af426abd2bbdfab613a8a235483a27fb1a8fe9b11f9
vic_lc_2018,western-metropolitan-region,Western Metropolitan Region,"STITT, Ingrid",AUSTRALIAN LABOR PARTY,1444,463258,77210,https://itsitecoreblobvecprd01.blob.core.windows.net/public-files/historical-results/state2018/westernmetropolitanregion.html,bf955809c4d42354a5325af426abd2bbdfab613a8a235483a27fb1a8fe9b11f9
vic_lc_2018,western-metropolitan-region,Western Metropolitan Region,"VAGHELA, Kaushaliya Virjibhai",AUSTRALIAN LABOR PARTY,430,463258,77210,https://itsitecoreblobvecprd01.blob.core.windows.net/public-files/historical-results/state2018/westernmetropolitanregion.html,bf955809c4d42354a5325af426abd2bbdfab613a8a235483a27fb1a8fe9b11f9
vic_lc_2018,western-metropolitan-region,Western Metropolitan Region,"PSAILA, Kirsten",AUSTRALIAN LABOR PARTY,847,463258,77210,https://itsitecoreblobvecprd01.blob.core.windows.net/public-files/historical-results/state2018/westernmetropolitanregion.html,bf955809c4d42354a5325af426abd2bbdfab613a8a235483a27fb1a8fe9b11f9
vic_lc_2018,western-metropolitan-region,Western Metropolitan Region,"PERSSE, Louise",AUSTRALIAN LABOR PARTY,1852,463258,77210,https://itsitecoreblobvecprd01.blob.core.windows.net/public-files/historical-results/state2018/westernmetropolitanregion.html,bf955809c4d42354a5325af426abd2bbdfab613a8a235483a27fb1a8fe9b11f9
vic_lc_2018,western-metropolitan-region,Western Metropolitan Region,"MAJDLIK, Kathy",,165,463258,77210,https://itsitecoreblobvecprd01.blob.core.windows.net/public-files/historical-results/state2018/westernmetropolitanregion.html,bf955809c4d42354a5325af426abd2bbdfab613a8a235483a27fb1a8fe9b11f9
vic_lc_2018,western-metropolitan-region,Western Metropolitan Region,"GRIMA, Diana",,199,463258,77210,https://itsitecoreblobvecprd01.blob.core.windows.net/public-files/historical-results/state2018/westernmetropolitanregion.html,bf955809c4d42354a5325af426abd2bbdfab613a8a235483a27fb1a8fe9b11f9
vic_lc_2018,western-victoria-region,Western Victoria Region,"NUGENT, Katrina",VOLUNTARY EUTHANASIA PARTY (VICTORIA),8624,460498,76750,https://itsitecoreblobvecprd01.blob.core.windows.net/public-files/historical-results/state2018/westernvictoriaregion.html,4d0d30d63be5961ac3386feae628044b67176aec2b41044fbf4128a84e6a2cbc
vic_lc_2018,western-victoria-region,Western Victoria Region,"BERENYI, John",VOLUNTARY EUTHANASIA PARTY (VICTORIA),98,460498,76750,https://itsitecoreblobvecprd01.blob.core.windows.net/public-files/historical-results/state2018/westernvictoriaregion.html,4d0d30d63be5961ac3386feae628044b67176aec2b41044fbf4128a84e6a2cbc
vic_lc_2018,western-victoria-region,Western Victoria Region,"McARTHUR, Beverley",LIBERAL,135001,460498,76750,https://itsitecoreblobvecprd01.blob.core.windows.net/public-files/historical-results/state2018/westernvictoriaregion.html,4d0d30d63be5961ac3386feae628044b67176aec2b41044fbf4128a84e6a2cbc
vic_lc_2018,western-victoria-region,Western Victoria Region,"MORRIS, Joshua",LIBERAL,1101,460498,76750,https://itsitecoreblobvecprd01.blob.core.windows.net/public-files/historical-results/state2018/westernvictoriaregion.html,4d0d30d63be5961ac3386feae628044b67176aec2b41044fbf4128a84e6a2cbc
vic_lc_2018,western-victoria-region,Western Victoria Region,"ARMSTRONG, Jo",THE NATIONALS,732,460498,76750,https://itsitecoreblobvecprd01.blob.core.windows.net/public-files/historical-results/state2018/westernvictoriaregion.html,4d0d30d63be5961ac3386feae628044b67176aec2b41044fbf4128a84e6a2cbc
vic_lc_2018,western-victoria-region,Western Victoria Region,"LOWE, Jennifer",LIBERAL,561,460498,76750,https://itsitecoreblobvecprd01.blob.core.windows.net/public-files/historical-results/state2018/westernvictoriaregion.html,4d0d30d63be5961ac3386feae628044b67176aec2b41044fbf4128a84e6a2cbc
vic_lc_2018,western-victoria-region,Western Victoria Region,"BLACK, Andrew",THE NATIONALS,360,460498,76750,https://itsitecoreblobvecprd01.blob.core.windows.net/public-files/historical-results/state2018/westernvictoriaregion.html,4d0d30d63be5961ac3386feae628044b67176aec2b41044fbf4128a84e6a2cbc
vic_lc_2018,western-victoria-region,Western Victoria Region,"BELL, Michael",FIONA PATTEN'S REASON PARTY,4060,460498,76750,https://itsitecoreblobvecprd01.blob.core.windows.net/public-files/historical-results/state2018/westernvictoriaregion.html,4d0d30d63be5961ac3386feae628044b67176aec2b41044fbf4128a84e6a2cbc
vic_lc_2018,western-victoria-region,Western Victoria Region,"HASTIE, Liam James",FIONA PATTEN'S REASON PARTY,157,460498,76750,https://itsitecoreblobvecprd01.blob.core.windows.net/public-files/historical-results/state2018/westernvictoriaregion.html,4d0d30d63be5961ac3386feae628044b67176aec2b41044fbf4128a84e6a2cbc
vic_lc_2018,western-victoria-region,Western Victoria Region,"COLLINS, Geoff","SHOOTERS, FISHERS & FARMERS VIC",20109,460498,76750,https://itsitecoreblobvecprd01.blob.core.windows.net/public-files/historical-results/state2018/westernvictoriaregion.html,4d0d30d63be5961ac3386feae628044b67176aec2b41044fbf4128a84e6a2cbc
vic_lc_2018,western-victoria-region,Western Victoria Region,"STANDEN, Graeme","SHOOTERS, FISHERS & FARMERS VIC",314,460498,76750,https://itsitecoreblobvecprd01.blob.core.windows.net/public-files/historical-results/state2018/westernvictoriaregion.html,4d0d30d63be5961ac3386feae628044b67176aec2b41044fbf4128a84e6a2cbc
vic_lc_2018,western-victoria-region,Western Victoria Region,"CROKER, Nicholas Ian",TRANSPORT MATTERS,2376,460498,76750,https://itsitecoreblobvecprd01.blob.core.windows.net/public-files/historical-results/state2018/westernvictoriaregion.html,4d0d30d63be5961ac3386feae628044b67176aec2b41044fbf4128a84e6a2cbc
vic_lc_2018,western-victoria-region,Western Victoria Region,"RACO, Francesco Antonio",TRANSPORT MATTERS,28,460498,76750,https://itsitecoreblobvecprd01.blob.core.windows.net/public-files/historical-results/state2018/westernvictoriaregion.html,4d0d30d63be5961ac3386feae628044b67176aec2b41044fbf4128a84e6a2cbc
vic_lc_2018,western-victoria-region,Western Victoria Region,"GRIMLEY, Stuart James",DERRYN HINCH'S JUSTICE PARTY,20277,460498,76750,https://itsitecoreblobvecprd01.blob.core.windows.net/public-files/historical-results/state2018/westernvictoriaregion.html,4d0d30d63be5961ac3386feae628044b67176aec2b41044fbf4128a84e6a2cbc
vic_lc_2018,western-victoria-region,Western Victoria Region,"TEDESCO, Michelle",DERRYN HINCH'S JUSTICE PARTY,206,460498,76750,https://itsitecoreblobvecprd01.blob.core.windows.net/public-files/historical-results/state2018/westernvictoriaregion.html,4d0d30d63be5961ac3386feae628044b67176aec2b41044fbf4128a84e6a2cbc
vic_lc_2018,western-victoria-region,Western Victoria Region,"MEDDICK, Andy",ANIMAL JUSTICE PARTY,12476,460498,76750,https://itsitecoreblobvecprd01.blob.core.windows.net/public-files/historical-results/state2018/westernvictoriaregion.html,4d0d30d63be5961ac3386feae628044b67176aec2b41044fbf4128a84e6a2cbc
vic_lc_2018,western-victoria-region,Western Victoria Region,"GAMBLE, Jen",ANIMAL JUSTICE PARTY,261,460498,76750,https://itsitecoreblobvecprd01.blob.core.windows.net/public-files/historical-results/state2018/westernvictoriaregion.html,4d0d30d63be5961ac3386feae628044b67176aec2b41044fbf4128a84e6a2cbc
vic_lc_2018,western-victoria-region,Western Victoria Region,"CHRISTIE, Lachlan",LIBERAL DEMOCRATS,12012,460498,76750,https://itsitecoreblobvecprd01.blob.core.windows.net/public-files/historical-results/state2018/westernvictoriaregion.html,4d0d30d63be5961ac3386feae628044b67176aec2b41044fbf4128a84e6a2cbc
vic_lc_2018,western-victoria-region,Western Victoria Region,"ROBSON, Paul",LIBERAL DEMOCRATS,103,460498,76750,https://itsitecoreblobvecprd01.blob.core.windows.net/public-files/historical-results/state2018/westernvictoriaregion.html,4d0d30d63be5961ac3386feae628044b67176aec2b41044fbf4128a84e6a2cbc
vic_lc_2018,western-victoria-region,Western Victoria Region,"GOODEN, Tim",VICTORIAN SOCIALISTS,3296,460498,76750,https://itsitecoreblobvecprd01.blob.core.windows.net/public-files/historical-results/state2018/westernvictoriaregion.html,4d0d30d63be5961ac3386feae628044b67176aec2b41044fbf4128a84e6a2cbc
vic_lc_2018,western-victoria-region,Western Victoria Region,"ISKRA, Nada",VICTORIAN SOCIALISTS,110,460498,76750,https://itsitecoreblobvecprd01.blob.core.windows.net/public-files/historical-results/state2018/westernvictoriaregion.html,4d0d30d63be5961ac3386feae628044b67176aec2b41044fbf4128a84e6a2cbc
vic_lc_2018,western-victoria-region,Western Victoria Region,"DAVIES, Lloyd",AUSTRALIAN GREENS,32398,460498,76750,https://itsitecoreblobvecprd01.blob.core.windows.net/public-files/historical-results/state2018/westernvictoriaregion.html,4d0d30d63be5961ac3386feae628044b67176aec2b41044fbf4128a84e6a2cbc
vic_lc_2018,western-victoria-region,Western Victoria Region,"CAMERON, Judy",AUSTRALIAN GREENS,653,460498,76750,https://itsitecoreblobvecprd01.blob.core.windows.net/public-files/historical-results/state2018/westernvictoriaregion.html,4d0d30d63be5961ac3386feae628044b67176aec2b41044fbf4128a84e6a2cbc
vic_lc_2018,western-victoria-region,Western Victoria Region,"MEWETT, Peter",AUSTRALIAN GREENS,409,460498,76750,https://itsitecoreblobvecprd01.blob.core.windows.net/public-files/historical-results/state2018/westernvictoriaregion.html,4d0d30d63be5961ac3386feae628044b67176aec2b41044fbf4128a84e6a2cbc
vic_lc_2018,western-victoria-region,Western Victoria Region,"JEFFERSON, David",AUSTRALIAN GREENS,665,460498,76750,https://itsitecoreblobvecprd01.blob.core.windows.net/public-files/historical-results/state2018/westernvictoriaregion.html,4d0d30d63be5961ac3386feae628044b67176aec2b41044fbf4128a84e6a2cbc
vic_lc_2018,western-victoria-region,Western Victoria Region,"BALDACCHINO, Judith",AUSTRALIAN GREENS,352,460498,76750,https://itsitecoreblobvecprd01.blob.core.windows.net/public-files/historical-results/state2018/westernvictoriaregion.html,4d0d30d63be5961ac3386feae628044b67176aec2b41044fbf4128a84e6a2cbc
vic_lc_2018,western-victoria-region,Western Victoria Region,"LJAVROSKA, Sonja",HEALTH AUSTRALIA PARTY,3271,460498,76750,https://itsitecoreblobvecprd01.blob.core.windows.net/public-files/historical-results/state2018/westernvictoriaregion.html,4d0d30d63be5961ac3386feae628044b67176aec2b41044fbf4128a84e6a2cbc
vic_lc_2018,western-victoria-region,Western Victoria Region,"THOREN, Kayleen",HEALTH AUSTRALIA PARTY,66,460498,76750,https://itsitecoreblobvecprd01.blob.core.windows.net/public-files/historical-results/state2018/westernvictoriaregion.html,4d0d30d63be5961ac3386feae628044b67176aec2b41044fbf4128a84e6a2cbc
vic_lc_2018,western-victoria-region,Western Victoria Region,"PULFORD, Jaala",AUSTRALIAN LABOR PARTY,173174,460498,76750,https://itsitecoreblobvecprd01.blob.core.windows.net/public-files/historical-results/state2018/westernvictoriaregion.html,4d0d30d63be5961ac3386feae628044b67176aec2b41044fbf4128a84e6a2cbc
vic_lc_2018,western-victoria-region,Western Victoria Region,"TIERNEY, Gayle",AUSTRALIAN LABOR PARTY,1307,460498,76750,https://itsitecoreblobvecprd01.blob.core.windows.net/public-files/historical-results/state2018/westernvictoriaregion.html,4d0d30d63be5961ac3386feae628044b67176aec2b41044fbf4128a84e6a2cbc
vic_lc_2018,western-victoria-region,Western Victoria Region,"WIGHT, Dylan James",AUSTRALIAN LABOR PARTY,725,460498,76750,https://itsitecoreblobvecprd01.blob.core.windows.net/public-files/historical-results/state2018/westernvictoriaregion.html,4d0d30d63be5961ac3386feae628044b67176aec2b41044fbf4128a84e6a2cbc
vic_lc_2018,western-victoria-region,Western Victoria Region,"O'DAL, Lorraine",AUSTRALIAN LABOR PARTY,256,460498,76750,https://itsitecoreblobvecprd01.blob.core.windows.net/public-files/historical-results/state2018/westernvictoriaregion.html,4d0d30d63be5961ac3386feae628044b67176aec2b41044fbf4128a84e6a2cbc
vic_lc_2018,western-victoria-region,Western Victoria Region,"GARTLAND, Bernard",AUSTRALIAN LABOR PARTY,326,460498,76750,https://itsitecoreblobvecprd01.blob.core.windows.net/public-files/historical-results/state2018/westernvictoriaregion.html,4d0d30d63be5961ac3386feae628044b67176aec2b41044fbf4128a84e6a2cbc
vic_lc_2018,western-victoria-region,Western Victoria Region,"PRELORENZO, Anthony",AUSSIE BATTLER PARTY,5364,460498,76750,https://itsitecoreblobvecprd01.blob.core.windows.net/public-files/historical-results/state2018/westernvictoriaregion.html,4d0d30d63be5961ac3386feae628044b67176aec2b41044fbf4128a84e6a2cbc
vic_lc_2018,western-victoria-region,Western Victoria Region,"MITCHELL, Mark",AUSSIE BATTLER PARTY,58,460498,76750,https://itsitecoreblobvecprd01.blob.core.windows.net/public-files/historical-results/state2018/westernvictoriaregion.html,4d0d30d63be5961ac3386feae628044b67176aec2b41044fbf4128a84e6a2cbc
vic_lc_2018,western-victoria-region,Western Victoria Region,"BEAUMONT, Frances",LABOUR DLP,7120,460498,76750,https://itsitecoreblobvecprd01.blob.core.windows.net/public-files/historical-results/state2018/westernvictoriaregion.html,4d0d30d63be5961ac3386feae628044b67176aec2b41044fbf4128a84e6a2cbc
vic_lc_2018,western-victoria-region,Western Victoria Region,"SCHULTINK, Christian",LABOUR DLP,130,460498,76750,https://itsitecoreblobvecprd01.blob.core.windows.net/public-files/historical-results/state2018/westernvictoriaregion.html,4d0d30d63be5961ac3386feae628044b67176aec2b41044fbf4128a84e6a2cbc
vic_lc_2018,western-victoria-region,Western Victoria Region,"NICHOLLS, Kenneth",AUSTRALIAN LIBERTY ALLIANCE,2355,460498,76750,https://itsitecoreblobvecprd01.blob.core.windows.net/public-files/historical-results/state2018/westernvictoriaregion.html,4d0d30d63be5961ac3386feae628044b67176aec2b41044fbf4128a84e6a2cbc
vic_lc_2018,western-victoria-region,Western Victoria Region,"MACDONALD, Daniel",AUSTRALIAN LIBERTY ALLIANCE,30,460498,76750,https://itsitecoreblobvecprd01.blob.core.windows.net/public-files/historical-results/state2018/westernvictoriaregion.html,4d0d30d63be5961ac3386feae628044b67176aec2b41044fbf4128a84e6a2cbc
vic_lc_2018,western-victoria-region,Western Victoria Region,"PASCOE, Robert",SUSTAINABLE AUSTRALIA,2847,460498,76750,https://itsitecoreblobvecprd01.blob.core.windows.net/public-files/historical-results/state2018/westernvictoriaregion.html,4d0d30d63be5961ac3386feae628044b67176aec2b41044fbf4128a84e6a2cbc
vic_lc_2018,western-victoria-region,Western Victoria Region,"LYNCH, Christopher",SUSTAINABLE AUSTRALIA,70,460498,76750,https://itsitecoreblobvecprd01.blob.core.windows.net/public-files/historical-results/state2018/westernvictoriaregion.html,4d0d30d63be5961ac3386feae628044b67176aec2b41044fbf4128a84e6a2cbc
vic_lc_2018,western-victoria-region,Western Victoria Region,"HUDSON, Sally",HUDSON 4 NV,208,460498,76750,https://itsitecoreblobvecprd01.blob.core.windows.net/public-files/historical-results/state2018/westernvictoriaregion.html,4d0d30d63be5961ac3386feae628044b67176aec2b41044fbf4128a84e6a2cbc
vic_lc_2018,western-victoria-region,Western Victoria Region,"WRIGHT, Mark",HUDSON 4 NV,12,460498,76750,https://itsitecoreblobvecprd01.blob.core.windows.net/public-files/historical-results/state2018/westernvictoriaregion.html,4d0d30d63be5961ac3386feae628044b67176aec2b41044fbf4128a84e6a2cbc
vic_lc_2018,western-victoria-region,Western Victoria Region,"DI BIASE, Costa",AUSTRALIAN COUNTRY PARTY,6237,460498,76750,https://itsitecoreblobvecprd01.blob.core.windows.net/public-files/historical-results/state2018/westernvictoriaregion.html,4d0d30d63be5961ac3386feae628044b67176aec2b41044fbf4128a84e6a2cbc
vic_lc_2018,western-victoria-region,Western Victoria Region,"BUCHHOLZ, John",AUSTRALIAN COUNTRY PARTY,77,460498,76750,https://itsitecoreblobvecprd01.blob.core.windows.net/public-files/historical-results/state2018/westernvictoriaregion.html,4d0d30d63be5961ac3386feae628044b67176aec2b41044fbf4128a84e6a2cbc
vic_lc_2018,western-victoria-region,Western Victoria Region,"PONGRACIC, Karl Jozef",,126,460498,76750,https://itsitecoreblobvecprd01.blob.core.windows.net/public-files/historical-results/state2018/westernvictoriaregion.html,4d0d30d63be5961ac3386feae628044b67176aec2b41044fbf4128a84e6a2cbc
