election_id,region_id,region_name,candidate_name,party_name,first_preference_votes,formal_votes,quota,source_url,source_sha256
vic_lc_2014,eastern-metropolitan-region,Eastern Metropolitan Region,"SCANLON, David J.",VOLUNTARY EUTHANASIA PARTY (VICTORIA),4481,423854,70643,https://itsitecoreblobvecprd01.blob.core.windows.net/public-files/historical-results/state2014/easternmetropolitanregion.html,94ef7c668d6806874b27aa9ad2ea8936d374860dc603f17b00ed59b9b48e3f73
vic_lc_2014,eastern-metropolitan-region,Eastern Metropolitan Region,"BONWICK, Monte",VOLUNTARY EUTHANASIA PARTY (VICTORIA),98,423854,70643,https://itsitecoreblobvecprd01.blob.core.windows.net/public-files/historical-results/state2014/easternmetropolitanregion.html,94ef7c668d6806874b27aa9ad2ea8936d374860dc603f17b00ed59b9b48e3f73
vic_lc_2014,eastern-metropolitan-region,Eastern Metropolitan Region,"WOOLDRIDGE, Mary",LIBERAL,192112,423854,70643,https://itsitecoreblobvecprd01.blob.core.windows.net/public-files/historical-results/state2014/easternmetropolitanregion.html,94ef7c668d6806874b27aa9ad2ea8936d374860dc603f17b00ed59b9b48e3f73
vic_lc_2014,eastern-metropolitan-region,Eastern Metropolitan Region,"ATKINSON, Bruce",LIBERAL,498,423854,70643,https://itsitecoreblobvecprd01.blob.core.windows.net/public-files/historical-results/state2014/easternmetropolitanregion.html,94ef7c668d6806874b27aa9ad2ea8936d374860dc603f17b00ed59b9b48e3f73
vic_lc_2014,eastern-metropolitan-region,Eastern Metropolitan Region,"DALLA-RIVA, Richard",LIBERAL,641,423854,70643,https://itsitecoreblobvecprd01.blob.core.windows.net/public-files/historical-results/state2014/easternmetropolitanregion.html,94ef7c668d6806874b27aa9ad2ea8936d374860dc603f17b00ed59b9b48e3f73
vic_lc_2014,eastern-metropolitan-region,Eastern Metropolitan Region,"ROY, Grace",LIBERAL,294,423854,70643,https://itsitecoreblobvecprd01.blob.core.windows.net/public-files/historical-results/state2014/easternmetropolitanregion.html,94ef7c668d6806874b27aa9ad2ea8936d374860dc603f17b00ed59b9b48e3f73
vic_lc_2014,eastern-metropolitan-region,Eastern Metropolitan Region,"HEGDE, Shilpa",LIBERAL,240,423854,70643,https://itsitecoreblobvecprd01.blob.core.windows.net/public-files/historical-results/state2014/easternmetropolitanregion.html,94ef7c668d6806874b27aa9ad2ea8936d374860dc603f17b00ed59b9b48e3f73
vic_lc_2014,eastern-metropolitan-region,Eastern Metropolitan Region,"WILDE, Milton",PALMER UNITED PARTY,5500,423854,70643,https://itsitecoreblobvecprd01.blob.core.windows.net/public-files/historical-results/state2014/easternmetropolitanregion.html,94ef7c668d6806874b27aa9ad2ea8936d374860dc603f17b00ed59b9b48e3f73
vic_lc_2014,eastern-metropolitan-region,Eastern Metropolitan Region,"BRENNER, Brooke",PALMER UNITED PARTY,65,423854,70643,https://itsitecoreblobvecprd01.blob.core.windows.net/public-files/historical-results/state2014/easternmetropolitanregion.html,94ef7c668d6806874b27aa9ad2ea8936d374860dc603f17b00ed59b9b48e3f73
vic_lc_2014,eastern-metropolitan-region,Eastern Metropolitan Region,"SALT, Abe",LIBERAL DEMOCRATS,5564,423854,70643,https://itsitecoreblobvecprd01.blob.core.windows.net/public-files/historical-results/state2014/easternmetropolitanregion.html,94ef7c668d6806874b27aa9ad2ea8936d374860dc603f17b00ed59b9b48e3f73
vic_lc_2014,eastern-metropolitan-region,Eastern Metropolitan Region,"MOORE, Joel",LIBERAL DEMOCRATS,102,423854,70643,https://itsitecoreblobvecprd01.blob.core.windows.net/public-files/historical-results/state2014/easternmetropolitanregion.html,94ef7c668d6806874b27aa9ad2ea8936d374860dc603f17b00ed59b9b48e3f73
vic_lc_2014,eastern-metropolitan-region,Eastern Metropolitan Region,"MYSZKA, Martin",FAMILY FIRST,5532,423854,70643,https://itsitecoreblobvecprd01.blob.core.windows.net/public-files/historical-results/state2014/easternmetropolitanregion.html,94ef7c668d6806874b27aa9ad2ea8936d374860dc603f17b00ed59b9b48e3f73
vic_lc_2014,eastern-metropolitan-region,Eastern Metropolitan Region,"CONLON, Andrew",FAMILY FIRST,213,423854,70643,https://itsitecoreblobvecprd01.blob.core.windows.net/public-files/historical-results/state2014/easternmetropolitanregion.html,94ef7c668d6806874b27aa9ad2ea8936d374860dc603f17b00ed59b9b48e3f73
vic_lc_2014,eastern-metropolitan-region,Eastern Metropolitan Region,"BARBER, Stephen",SEX PARTY,8577,423854,70643,https://itsitecoreblobvecprd01.blob.core.windows.net/public-files/historical-results/state2014/easternmetropolitanregion.html,94ef7c668d6806874b27aa9ad2ea8936d374860dc603f17b00ed59b9b48e3f73
vic_lc_2014,eastern-metropolitan-region,Eastern Metropolitan Region,"BARBER, Nelson",SEX PARTY,123,423854,70643,https://itsitecoreblobvecprd01.blob.core.windows.net/public-files/historical-results/state2014/easternmetropolitanregion.html,94ef7c668d6806874b27aa9ad2ea8936d374860dc603f17b00ed59b9b48e3f73
vic_lc_2014,eastern-metropolitan-region,Eastern Metropolitan Region,"SHEA, Pat",DEMOCRATIC LABOUR PARTY (DLP),9632,423854,70643,https://itsitecoreblobvecprd01.blob.core.windows.net/public-files/historical-results/state2014/easternmetropolitanregion.html,94ef7c668d6806874b27aa9ad2ea8936d374860dc603f17b00ed59b9b48e3f73
vic_lc_2014,eastern-metropolitan-region,Eastern Metropolitan Region,"JAKUBIK, Paul",DEMOCRATIC LABOUR PARTY (DLP),94,423854,70643,https://itsitecoreblobvecprd01.blob.core.windows.net/public-files/historical-results/state2014/easternmetropolitanregion.html,94ef7c668d6806874b27aa9ad2ea8936d374860dc603f17b00ed59b9b48e3f73
vic_lc_2014,eastern-metropolitan-region,Eastern Metropolitan Region,"FITZSIMONS, Barry",RISE UP AUSTRALIA PARTY,1399,423854,70643,https://itsitecoreblobvecprd01.blob.core.windows.net/public-files/historical-results/state2014/easternmetropolitanregion.html,94ef7c668d6806874b27aa9ad2ea8936d374860dc603f17b00ed59b9b48e3f73
vic_lc_2014,eastern-metropolitan-region,Eastern Metropolitan Region,"BARBIERI, Paul",RISE UP AUSTRALIA PARTY,24,423854,70643,https://itsitecoreblobvecprd01.blob.core.windows.net/public-files/historical-results/state2014/easternmetropolitanregion.html,94ef7c668d6806874b27aa9ad2ea8936d374860dc603f17b00ed59b9b48e3f73
vic_lc_2014,eastern-metropolitan-region,Eastern Metropolitan Region,"BARCLAY, Michael",AUSTRALIAN COUNTRY ALLIANCE,1754,423854,70643,https://itsitecoreblobvecprd01.blob.core.windows.net/public-files/historical-results/state2014/easternmetropolitanregion.html,94ef7c668d6806874b27aa9ad2ea8936d374860dc603f17b00ed59b9b48e3f73
vic_lc_2014,eastern-metropolitan-region,Eastern Metropolitan Region,"KLOPROGGE, Trevor",AUSTRALIAN COUNTRY ALLIANCE,35,423854,70643,https://itsitecoreblobvecprd01.blob.core.windows.net/public-files/historical-results/state2014/easternmetropolitanregion.html,94ef7c668d6806874b27aa9ad2ea8936d374860dc603f17b00ed59b9b48e3f73
vic_lc_2014,eastern-metropolitan-region,Eastern Metropolitan Region,"DUNN, Samantha",AUSTRALIAN GREENS,41696,423854,70643,https://itsitecoreblobvecprd01.blob.core.windows.net/public-files/historical-results/state2014/easternmetropolitanregion.html,94ef7c668d6806874b27aa9ad2ea8936d374860dc603f17b00ed59b9b48e3f73
vic_lc_2014,eastern-metropolitan-region,Eastern Metropolitan Region,"HARRIS, Helen",AUSTRALIAN GREENS,1035,423854,70643,https://itsitecoreblobvecprd01.blob.core.windows.net/public-files/historical-results/state2014/easternmetropolitanregion.html,94ef7c668d6806874b27aa9ad2ea8936d374860dc603f17b00ed59b9b48e3f73
vic_lc_2014,eastern-metropolitan-region,Eastern Metropolitan Region,"AULSEBROOK, Anthony",AUSTRALIAN GREENS,450,423854,70643,https://itsitecoreblobvecprd01.blob.core.windows.net/public-files/historical-results/state2014/easternmetropolitanregion.html,94ef7c668d6806874b27aa9ad2ea8936d374860dc603f17b00ed59b9b48e3f73
vic_lc_2014,eastern-metropolitan-region,Eastern Metropolitan Region,"LAOS, Linda",AUSTRALIAN GREENS,766,423854,70643,https://itsitecoreblobvecprd01.blob.core.windows.net/public-files/historical-results/state2014/easternmetropolitanregion.html,94ef7c668d6806874b27aa9ad2ea8936d374860dc603f17b00ed59b9b48e3f73
vic_lc_2014,eastern-metropolitan-region,Eastern Metropolitan Region,"KEARNEY, Christopher",AUSTRALIAN GREENS,443,423854,70643,https://itsitecoreblobvecprd01.blob.core.windows.net/public-files/historical-results/state2014/easternmetropolitanregion.html,94ef7c668d6806874b27aa9ad2ea8936d374860dc603f17b00ed59b9b48e3f73
vic_lc_2014,eastern-metropolitan-region,Eastern Metropolitan Region,"LEANE, Shaun",AUSTRALIAN LABOR PARTY,120175,423854,70643,https://itsitecoreblobvecprd01.blob.core.windows.net/public-files/historical-results/state2014/easternmetropolitanregion.html,94ef7c668d6806874b27aa9ad2ea8936d374860dc603f17b00ed59b9b48e3f73
vic_lc_2014,eastern-metropolitan-region,Eastern Metropolitan Region,"TEE, Brian",AUSTRALIAN LABOR PARTY,512,423854,70643,https://itsitecoreblobvecprd01.blob.core.windows.net/public-files/historical-results/state2014/easternmetropolitanregion.html,94ef7c668d6806874b27aa9ad2ea8936d374860dc603f17b00ed59b9b48e3f73
vic_lc_2014,eastern-metropolitan-region,Eastern Metropolitan Region,"PAUL, Dimity",AUSTRALIAN LABOR PARTY,332,423854,70643,https://itsitecoreblobvecprd01.blob.core.windows.net/public-files/historical-results/state2014/easternmetropolitanregion.html,94ef7c668d6806874b27aa9ad2ea8936d374860dc603f17b00ed59b9b48e3f73
vic_lc_2014,eastern-metropolitan-region,Eastern Metropolitan Region,"JOHNSON, Lauren",AUSTRALIAN LABOR PARTY,519,423854,70643,https://itsitecoreblobvecprd01.blob.core.windows.net/public-files/historical-results/state2014/easternmetropolitanregion.html,94ef7c668d6806874b27aa9ad2ea8936d374860dc603f17b00ed59b9b48e3f73
vic_lc_2014,eastern-metropolitan-region,Eastern Metropolitan Region,"JANSON, Vickie",AUSTRALIAN CHRISTIANS,6698,423854,70643,https://itsitecoreblobvecprd01.blob.core.windows.net/public-files/historical-results/state2014/easternmetropolitanregion.html,94ef7c668d6806874b27aa9ad2ea8936d374860dc603f17b00ed59b9b48e3f73
vic_lc_2014,eastern-metropolitan-region,Eastern Metropolitan Region,"REANEY, Jeff",AUSTRALIAN CHRISTIANS,124,423854,70643,https://itsitecoreblobvecprd01.blob.core.windows.net/public-files/historical-results/state2014/easternmetropolitanregion.html,94ef7c668d6806874b27aa9ad2ea8936d374860dc603f17b00ed59b9b48e3f73
vic_lc_2014,eastern-metropolitan-region,Eastern Metropolitan Region,"EDGECOMBE, Brenton",ANIMAL JUSTICE PARTY,7075,423854,70643,https://itsitecoreblobvecprd01.blob.core.windows.net/public-files/historical-results/state2014/easternmetropolitanregion.html,94ef7c668d6806874b27aa9ad2ea8936d374860dc603f17b00ed59b9b48e3f73
vic_lc_2014,eastern-metropolitan-region,Eastern Metropolitan Region,"LAVIN, Rosemary",ANIMAL JUSTICE PARTY,169,423854,70643,https://itsitecoreblobvecprd01.blob.core.windows.net/public-files/historical-results/state2014/easternmetropolitanregion.html,94ef7c668d6806874b27aa9ad2ea8936d374860dc603f17b00ed59b9b48e3f73
vic_lc_2014,eastern-metropolitan-region,Eastern Metropolitan Region,"GIANNIKOS, Kostandinos",SHOOTERS AND FISHERS PARTY VICTORIA,3437,423854,70643,https://itsitecoreblobvecprd01.blob.core.windows.net/public-files/historical-results/state2014/easternmetropolitanregion.html,94ef7c668d6806874b27aa9ad2ea8936d374860dc603f17b00ed59b9b48e3f73
vic_lc_2014,eastern-metropolitan-region,Eastern Metropolitan Region,"ANDERSON, Sean",SHOOTERS AND FISHERS PARTY VICTORIA,82,423854,70643,https://itsitecoreblobvecprd01.blob.core.windows.net/public-files/historical-results/state2014/easternmetropolitanregion.html,94ef7c668d6806874b27aa9ad2ea8936d374860dc603f17b00ed59b9b48e3f73
vic_lc_2014,eastern-metropolitan-region,Eastern Metropolitan Region,"COPPOLA, Lou",PEOPLE POWER VICTORIA/NO SMART METERS,1277,423854,70643,https://itsitecoreblobvecprd01.blob.core.windows.net/public-files/historical-results/state2014/easternmetropolitanregion.html,94ef7c668d6806874b27aa9ad2ea8936d374860dc603f17b00ed59b9b48e3f73
vic_lc_2014,eastern-metropolitan-region,Eastern Metropolitan Region,"BUTH, Alexander",PEOPLE POWER VICTORIA/NO SMART METERS,23,423854,70643,https://itsitecoreblobvecprd01.blob.core.windows.net/public-files/historical-results/state2014/easternmetropolitanregion.html,94ef7c668d6806874b27aa9ad2ea8936d374860dc603f17b00ed59b9b48e3f73
vic_lc_2014,eastern-metropolitan-region,Eastern Metropolitan Region,"CAMERON, Neil",AUSTRALIAN CYCLISTS PARTY,1994,423854,70643,https://itsitecoreblobvecprd01.blob.core.windows.net/public-files/historical-results/state2014/easternmetropolitanregion.html,94ef7c668d6806874b27aa9ad2ea8936d374860dc603f17b00ed59b9b48e3f73
vic_lc_2014,eastern-metropolitan-region,Eastern Metropolitan Region,"BEBE, Shane",AUSTRALIAN CYCLISTS PARTY,69,423854,70643,https://itsitecoreblobvecprd01.blob.core.windows.net/public-files/historical-results/state2014/easternmetropolitanregion.html,94ef7c668d6806874b27aa9ad2ea8936d374860dc603f17b00ed59b9b48e3f73
vic_lc_2014,eastern-victoria-region,Eastern Victoria Region,"PAUL, Meg",VOLUNTARY EUTHANASIA PARTY (VICTORIA),5195,436788,72799,https://itsitecoreblobvecprd01.blob.core.windows.net/public-files/historical-results/state2014/easternvictoriaregion.html,b346ba1831b46d2114437616aef18a7ae4bfe4d0542db4a5e71ed9e5d2173ac4
vic_lc_2014,eastern-victoria-region,Eastern Victoria Region,"MILLER, Bruce",VOLUNTARY EUTHANASIA PARTY (VICTORIA),93,436788,72799,https://itsitecoreblobvecprd01.blob.core.windows.net/public-files/historical-results/state2014/easternvictoriaregion.html,b346ba1831b46d2114437616aef18a7ae4bfe4d0542db4a5e71ed9e5d2173ac4
vic_lc_2014,eastern-victoria-region,Eastern Victoria Region,"McDONALD, Jim",LIBERAL DEMOCRATS,20424,436788,72799,https://itsitecoreblobvecprd01.blob.core.windows.net/public-files/historical-results/state2014/easternvictoriaregion.html,b346ba1831b46d2114437616aef18a7ae4bfe4d0542db4a5e71ed9e5d2173ac4
vic_lc_2014,eastern-victoria-region,Eastern Victoria Region,"BUCKLEY, Ben",LIBERAL DEMOCRATS,288,436788,72799,https://itsitecoreblobvecprd01.blob.core.windows.net/public-files/historical-results/state2014/easternvictoriaregion.html,b346ba1831b46d2114437616aef18a7ae4bfe4d0542db4a5e71ed9e5d2173ac4
vic_lc_2014,eastern-victoria-region,Eastern Victoria Region,"HOPKINS, Ange",SEX PARTY,10729,436788,72799,https://itsitecoreblobvecprd01.blob.core.windows.net/public-files/historical-results/state2014/easternvictoriaregion.html,b346ba1831b46d2114437616aef18a7ae4bfe4d0542db4a5e71ed9e5d2173ac4
vic_lc_2014,eastern-victoria-region,Eastern Victoria Region,"HILL, Ken",SEX PARTY,154,436788,72799,https://itsitecoreblobvecprd01.blob.core.windows.net/public-files/historical-results/state2014/easternvictoriaregion.html,b346ba1831b46d2114437616aef18a7ae4bfe4d0542db4a5e71ed9e5d2173ac4
vic_lc_2014,eastern-victoria-region,Eastern Victoria Region,"MILLSOM, Andrea",AUSTRALIAN GREENS,35203,436788,72799,https://itsitecoreblobvecprd01.blob.core.windows.net/public-files/historical-results/state2014/easternvictoriaregion.html,b346ba1831b46d2114437616aef18a7ae4bfe4d0542db4a5e71ed9e5d2173ac4
vic_lc_2014,eastern-victoria-region,Eastern Victoria Region,"DELACRETAZ, Louis",AUSTRALIAN GREENS,637,436788,72799,https://itsitecoreblobvecprd01.blob.core.windows.net/public-files/historical-results/state2014/easternvictoriaregion.html,b346ba1831b46d2114437616aef18a7ae4bfe4d0542db4a5e71ed9e5d2173ac4
vic_lc_2014,eastern-victoria-region,Eastern Victoria Region,"ROGERS, Belinda",AUSTRALIAN GREENS,429,436788,72799,https://itsitecoreblobvecprd01.blob.core.windows.net/public-files/historical-results/state2014/easternvictoriaregion.html,b346ba1831b46d2114437616aef18a7ae4bfe4d0542db4a5e71ed9e5d2173ac4
vic_lc_2014,eastern-victoria-region,Eastern Victoria Region,"HOGARTH, Willisa",AUSTRALIAN GREENS,217,436788,72799,https://itsitecoreblobvecprd01.blob.core.windows.net/public-files/historical-results/state2014/easternvictoriaregion.html,b346ba1831b46d2114437616aef18a7ae4bfe4d0542db4a5e71ed9e5d2173ac4
vic_lc_2014,eastern-victoria-region,Eastern Victoria Region,"BROWN, Malcolm",AUSTRALIAN GREENS,567,436788,72799,https://itsitecoreblobvecprd01.blob.core.windows.net/public-files/historical-results/state2014/easternvictoriaregion.html,b346ba1831b46d2114437616aef18a7ae4bfe4d0542db4a5e71ed9e5d2173ac4
vic_lc_2014,eastern-victoria-region,Eastern Victoria Region,"BOURMAN, Jeffrey",SHOOTERS AND FISHERS PARTY VICTORIA,10481,436788,72799,https://itsitecoreblobvecprd01.blob.core.windows.net/public-files/historical-results/state2014/easternvictoriaregion.html,b346ba1831b46d2114437616aef18a7ae4bfe4d0542db4a5e71ed9e5d2173ac4
vic_lc_2014,eastern-victoria-region,Eastern Victoria Region,"FENT, David",SHOOTERS AND FISHERS PARTY VICTORIA,179,436788,72799,https://itsitecoreblobvecprd01.blob.core.windows.net/public-files/historical-results/state2014/easternvictoriaregion.html,b346ba1831b46d2114437616aef18a7ae4bfe4d0542db4a5e71ed9e5d2173ac4
vic_lc_2014,eastern-victoria-region,Eastern Victoria Region,"TAYLOR, Sarah",PALMER UNITED PARTY,10058,436788,72799,https://itsitecoreblobvecprd01.blob.core.windows.net/public-files/historical-results/state2014/easternvictoriaregion.html,b346ba1831b46d2114437616aef18a7ae4bfe4d0542db4a5e71ed9e5d2173ac4
vic_lc_2014,eastern-victoria-region,Eastern Victoria Region,"UNKLES, James",PALMER UNITED PARTY,85,436788,72799,https://itsitecoreblobvecprd01.blob.core.windows.net/public-files/historical-results/state2014/easternvictoriaregion.html,b346ba1831b46d2114437616aef18a7ae4bfe4d0542db4a5e71ed9e5d2173ac4
vic_lc_2014,eastern-victoria-region,Eastern Victoria Region,"GAYLOR, Daniel",PALMER UNITED PARTY,25,436788,72799,https://itsitecoreblobvecprd01.blob.core.windows.net/public-files/historical-results/state2014/easternvictoriaregion.html,b346ba1831b46d2114437616aef18a7ae4bfe4d0542db4a5e71ed9e5d2173ac4
vic_lc_2014,eastern-victoria-region,Eastern Victoria Region,"GENTLE, Yvonne",RISE UP AUSTRALIA PARTY,2472,436788,72799,https://itsitecoreblobvecprd01.blob.core.windows.net/public-files/historical-results/state2014/easternvictoriaregion.html,b346ba1831b46d2114437616aef18a7ae4bfe4d0542db4a5e71ed9e5d2173ac4
vic_lc_2014,eastern-victoria-region,Eastern Victoria Region,"GENTLE, Jim",RISE UP AUSTRALIA PARTY,83,436788,72799,https://itsitecoreblobvecprd01.blob.core.windows.net/public-files/historical-results/state2014/easternvictoriaregion.html,b346ba1831b46d2114437616aef18a7ae4bfe4d0542db4a5e71ed9e5d2173ac4
vic_lc_2014,eastern-victoria-region,Eastern Victoria Region,"O'DONOHUE, Edward",LIBERAL,180013,436788,72799,https://itsitecoreblobvecprd01.blob.core.windows.net/public-files/historical-results/state2014/easternvictoriaregion.html,b346ba1831b46d2114437616aef18a7ae4bfe4d0542db4a5e71ed9e5d2173ac4
vic_lc_2014,eastern-victoria-region,Eastern Victoria Region,"O'BRIEN, Danny",THE NATIONALS,455,436788,72799,https://itsitecoreblobvecprd01.blob.core.windows.net/public-files/historical-results/state2014/easternvictoriaregion.html,b346ba1831b46d2114437616aef18a7ae4bfe4d0542db4a5e71ed9e5d2173ac4
vic_lc_2014,eastern-victoria-region,Eastern Victoria Region,"RONALDS, Andrew",LIBERAL,519,436788,72799,https://itsitecoreblobvecprd01.blob.core.windows.net/public-files/historical-results/state2014/easternvictoriaregion.html,b346ba1831b46d2114437616aef18a7ae4bfe4d0542db4a5e71ed9e5d2173ac4
vic_lc_2014,eastern-victoria-region,Eastern Victoria Region,"JONES, Laetitia",LIBERAL,251,436788,72799,https://itsitecoreblobvecprd01.blob.core.windows.net/public-files/historical-results/state2014/easternvictoriaregion.html,b346ba1831b46d2114437616aef18a7ae4bfe4d0542db4a5e71ed9e5d2173ac4
vic_lc_2014,eastern-victoria-region,Eastern Victoria Region,"WIGHT, Brenton",THE NATIONALS,340,436788,72799,https://itsitecoreblobvecprd01.blob.core.windows.net/public-files/historical-results/state2014/easternvictoriaregion.html,b346ba1831b46d2114437616aef18a7ae4bfe4d0542db4a5e71ed9e5d2173ac4
vic_lc_2014,eastern-victoria-region,Eastern Victoria Region,"SHING, Harriet",AUSTRALIAN LABOR PARTY,124762,436788,72799,https://itsitecoreblobvecprd01.blob.core.windows.net/public-files/historical-results/state2014/easternvictoriaregion.html,b346ba1831b46d2114437616aef18a7ae4bfe4d0542db4a5e71ed9e5d2173ac4
vic_lc_2014,eastern-victoria-region,Eastern Victoria Region,"MULINO, Daniel",AUSTRALIAN LABOR PARTY,672,436788,72799,https://itsitecoreblobvecprd01.blob.core.windows.net/public-files/historical-results/state2014/easternvictoriaregion.html,b346ba1831b46d2114437616aef18a7ae4bfe4d0542db4a5e71ed9e5d2173ac4
vic_lc_2014,eastern-victoria-region,Eastern Victoria Region,"MAXFIELD, Ian",AUSTRALIAN LABOR PARTY,423,436788,72799,https://itsitecoreblobvecprd01.blob.core.windows.net/public-files/historical-results/state2014/easternvictoriaregion.html,b346ba1831b46d2114437616aef18a7ae4bfe4d0542db4a5e71ed9e5d2173ac4
vic_lc_2014,eastern-victoria-region,Eastern Victoria Region,"ANDERSON, John",AUSTRALIAN LABOR PARTY,306,436788,72799,https://itsitecoreblobvecprd01.blob.core.windows.net/public-files/historical-results/state2014/easternvictoriaregion.html,b346ba1831b46d2114437616aef18a7ae4bfe4d0542db4a5e71ed9e5d2173ac4
vic_lc_2014,eastern-victoria-region,Eastern Victoria Region,"GRASSO, Sorina",AUSTRALIAN LABOR PARTY,504,436788,72799,https://itsitecoreblobvecprd01.blob.core.windows.net/public-files/historical-results/state2014/easternvictoriaregion.html,b346ba1831b46d2114437616aef18a7ae4bfe4d0542db4a5e71ed9e5d2173ac4
vic_lc_2014,eastern-victoria-region,Eastern Victoria Region,"BELSAR, Ash",AUSTRALIAN CHRISTIANS,4351,436788,72799,https://itsitecoreblobvecprd01.blob.core.windows.net/public-files/historical-results/state2014/easternvictoriaregion.html,b346ba1831b46d2114437616aef18a7ae4bfe4d0542db4a5e71ed9e5d2173ac4
vic_lc_2014,eastern-victoria-region,Eastern Victoria Region,"HILL, Vivian",AUSTRALIAN CHRISTIANS,119,436788,72799,https://itsitecoreblobvecprd01.blob.core.windows.net/public-files/historical-results/state2014/easternvictoriaregion.html,b346ba1831b46d2114437616aef18a7ae4bfe4d0542db4a5e71ed9e5d2173ac4
vic_lc_2014,eastern-victoria-region,Eastern Victoria Region,"MORRIS, Trudie",FAMILY FIRST,7255,436788,72799,https://itsitecoreblobvecprd01.blob.core.windows.net/public-files/historical-results/state2014/easternvictoriaregion.html,b346ba1831b46d2114437616aef18a7ae4bfe4d0542db4a5e71ed9e5d2173ac4
vic_lc_2014,eastern-victoria-region,Eastern Victoria Region,"DI LORENZO, Joanne",FAMILY FIRST,117,436788,72799,https://itsitecoreblobvecprd01.blob.core.windows.net/public-files/historical-results/state2014/easternvictoriaregion.html,b346ba1831b46d2114437616aef18a7ae4bfe4d0542db4a5e71ed9e5d2173ac4
vic_lc_2014,eastern-victoria-region,Eastern Victoria Region,"BACON, Kristin",ANIMAL JUSTICE PARTY,8176,436788,72799,https://itsitecoreblobvecprd01.blob.core.windows.net/public-files/historical-results/state2014/easternvictoriaregion.html,b346ba1831b46d2114437616aef18a7ae4bfe4d0542db4a5e71ed9e5d2173ac4
vic_lc_2014,eastern-victoria-region,Eastern Victoria Region,"FOLLONI, Leah",ANIMAL JUSTICE PARTY,114,436788,72799,https://itsitecoreblobvecprd01.blob.core.windows.net/public-files/historical-results/state2014/easternvictoriaregion.html,b346ba1831b46d2114437616aef18a7ae4bfe4d0542db4a5e71ed9e5d2173ac4
vic_lc_2014,eastern-victoria-region,Eastern Victoria Region,"JENKINS, Gary",DEMOCRATIC LABOUR PARTY (DLP),3023,436788,72799,https://itsitecoreblobvecprd01.blob.core.windows.net/public-files/historical-results/state2014/easternvictoriaregion.html,b346ba1831b46d2114437616aef18a7ae4bfe4d0542db4a5e71ed9e5d2173ac4
vic_lc_2014,eastern-victoria-region,Eastern Victoria Region,"KIS-RIGO, Andrew",DEMOCRATIC LABOUR PARTY (DLP),57,436788,72799,https://itsitecoreblobvecprd01.blob.core.windows.net/public-files/historical-results/state2014/easternvictoriaregion.html,b346ba1831b46d2114437616aef18a7ae4bfe4d0542db4a5e71ed9e5d2173ac4
vic_lc_2014,eastern-victoria-region,Eastern Victoria Region,"YOUNG, Linton",PEOPLE POWER VICTORIA/NO SMART METERS,1792,436788,72799,https://itsitecoreblobvecprd01.blob.core.windows.net/public-files/historical-results/state2014/easternvictoriaregion.html,b346ba1831b46d2114437616aef18a7ae4bfe4d0542db4a5e71ed9e5d2173ac4
vic_lc_2014,eastern-victoria-region,Eastern Victoria Region,"KIRSCH, Maureen",PEOPLE POWER VICTORIA/NO SMART METERS,33,436788,72799,https://itsitecoreblobvecprd01.blob.core.windows.net/public-files/historical-results/state2014/easternvictoriaregion.html,b346ba1831b46d2114437616aef18a7ae4bfe4d0542db4a5e71ed9e5d2173ac4
vic_lc_2014,eastern-victoria-region,Eastern Victoria Region,"BURKE, Nick",AUSTRALIAN CYCLISTS PARTY,1488,436788,72799,https://itsitecoreblobvecprd01.blob.core.windows.net/public-files/historical-results/state2014/easternvictoriaregion.html,b346ba1831b46d2114437616aef18a7ae4bfe4d0542db4a5e71ed9e5d2173ac4
vic_lc_2014,eastern-victoria-region,Eastern Victoria Region,"BALLARD, Geoff",AUSTRALIAN CYCLISTS PARTY,30,436788,72799,https://itsitecoreblobvecprd01.blob.core.windows.net/public-files/historical-results/state2014/easternvictoriaregion.html,b346ba1831b46d2114437616aef18a7ae4bfe4d0542db4a5e71ed9e5d2173ac4
vic_lc_2014,eastern-victoria-region,Eastern Victoria Region,"JONES, Andrew",AUSTRALIAN COUNTRY ALLIANCE,4179,436788,72799,https://itsitecoreblobvecprd01.blob.core.windows.net/public-files/historical-results/state2014/easternvictoriaregion.html,b346ba1831b46d2114437616aef18a7ae4bfe4d0542db4a5e71ed9e5d2173ac4
vic_lc_2014,eastern-victoria-region,Eastern Victoria Region,"JOHNSTONE, Bradley",AUSTRALIAN COUNTRY ALLIANCE,114,436788,72799,https://itsitecoreblobvecprd01.blob.core.windows.net/public-files/historical-results/state2014/easternvictoriaregion.html,b346ba1831b46d2114437616aef18a7ae4bfe4d0542db4a5e71ed9e5d2173ac4
vic_lc_2014,eastern-victoria-region,Eastern Victoria Region,"CROOKS, Rhonda Elizabeth",,154,436788,72799,https://itsitecoreblobvecprd01.blob.core.windows.net/public-files/historical-results/state2014/easternvictoriaregion.html,b346ba1831b46d2114437616aef18a7ae4bfe4d0542db4a5e71ed9e5d2173ac4
vic_lc_2014,eastern-victoria-region,Eastern Victoria Region,"SINDT, Christine",,146,436788,72799,https://itsitecoreblobvecprd01.blob.core.windows.net/public-files/historical-results/state2014/easternvictoriaregion.html,b346ba1831b46d2114437616aef18a7ae4bfe4d0542db4a5e71ed9e5d2173ac4
vic_lc_2014,eastern-victoria-region,Eastern Victoria Region,"DAVID, Jean-Michel",,49,436788,72799,https://itsitecoreblobvecprd01.blob.core.windows.net/public-files/historical-results/state2014/easternvictoriaregion.html,b346ba1831b46d2114437616aef18a7ae4bfe4d0542db4a5e71ed9e5d2173ac4
vic_lc_2014,eastern-victoria-region,Eastern Victoria Region,"BARTRAM, Jeff",,27,436788,72799,https://itsitecoreblobvecprd01.blob.core.windows.net/public-files/historical-results/state2014/easternvictoriaregion.html,b346ba1831b46d2114437616aef18a7ae4bfe4d0542db4a5e71ed9e5d2173ac4
vic_lc_2014,northern-metropolitan-region,Northern Metropolitan Region,"SCHROEDER, Kris",THE BASICS ROCK 'N' ROLL PARTY,6137,411998,68667,https://itsitecoreblobvecprd01.blob.core.windows.net/public-files/historical-results/state2014/northernmetropolitanregion.html,9b07cc6085d646b55e50b786cd81da1df54803f4c41456ffc6972bb60cf0ed80
vic_lc_2014,northern-metropolitan-region,Northern Metropolitan Region,"HEATH, Tim",THE BASICS ROCK 'N' ROLL PARTY,203,411998,68667,https://itsitecoreblobvecprd01.blob.core.windows.net/public-files/historical-results/state2014/northernmetropolitanregion.html,9b07cc6085d646b55e50b786cd81da1df54803f4c41456ffc6972bb60cf0ed80
vic_lc_2014,northern-metropolitan-region,Northern Metropolitan Region,"TZELEPIS, Christos",SHOOTERS AND FISHERS PARTY VICTORIA,4357,411998,68667,https://itsitecoreblobvecprd01.blob.core.windows.net/public-files/historical-results/state2014/northernmetropolitanregion.html,9b07cc6085d646b55e50b786cd81da1df54803f4c41456ffc6972bb60cf0ed80
vic_lc_2014,northern-metropolitan-region,Northern Metropolitan Region,"ROGAN, Justin",SHOOTERS AND FISHERS PARTY VICTORIA,119,411998,68667,https://itsitecoreblobvecprd01.blob.core.windows.net/public-files/historical-results/state2014/northernmetropolitanregion.html,9b07cc6085d646b55e50b786cd81da1df54803f4c41456ffc6972bb60cf0ed80
vic_lc_2014,northern-metropolitan-region,Northern Metropolitan Region,"ONDARCHIE, Craig",LIBERAL,88980,411998,68667,https://itsitecoreblobvecprd01.blob.core.windows.net/public-files/historical-results/state2014/northernmetropolitanregion.html,9b07cc6085d646b55e50b786cd81da1df54803f4c41456ffc6972bb60cf0ed80
vic_lc_2014,northern-metropolitan-region,Northern Metropolitan Region,"LIU, Gladys",LIBERAL,434,411998,68667,https://itsitecoreblobvecprd01.blob.core.windows.net/public-files/historical-results/state2014/northernmetropolitanregion.html,9b07cc6085d646b55e50b786cd81da1df54803f4c41456ffc6972bb60cf0ed80
vic_lc_2014,northern-metropolitan-region,Northern Metropolitan Region,"ROSHA, Amandeep",LIBERAL,249,411998,68667,https://itsitecoreblobvecprd01.blob.core.windows.net/public-files/historical-results/state2014/northernmetropolitanregion.html,9b07cc6085d646b55e50b786cd81da1df54803f4c41456ffc6972bb60cf0ed80
vic_lc_2014,northern-metropolitan-region,Northern Metropolitan Region,"MULHOLLAND, David",LIBERAL,209,411998,68667,https://itsitecoreblobvecprd01.blob.core.windows.net/public-files/historical-results/state2014/northernmetropolitanregion.html,9b07cc6085d646b55e50b786cd81da1df54803f4c41456ffc6972bb60cf0ed80
vic_lc_2014,northern-metropolitan-region,Northern Metropolitan Region,"TURNER, Susan",LIBERAL,199,411998,68667,https://itsitecoreblobvecprd01.blob.core.windows.net/public-files/historical-results/state2014/northernmetropolitanregion.html,9b07cc6085d646b55e50b786cd81da1df54803f4c41456ffc6972bb60cf0ed80
vic_lc_2014,northern-metropolitan-region,Northern Metropolitan Region,"DOW, Nik",AUSTRALIAN CYCLISTS PARTY,3225,411998,68667,https://itsitecoreblobvecprd01.blob.core.windows.net/public-files/historical-results/state2014/northernmetropolitanregion.html,9b07cc6085d646b55e50b786cd81da1df54803f4c41456ffc6972bb60cf0ed80
vic_lc_2014,northern-metropolitan-region,Northern Metropolitan Region,"CICUTO, Geoff",AUSTRALIAN CYCLISTS PARTY,159,411998,68667,https://itsitecoreblobvecprd01.blob.core.windows.net/public-files/historical-results/state2014/northernmetropolitanregion.html,9b07cc6085d646b55e50b786cd81da1df54803f4c41456ffc6972bb60cf0ed80
vic_lc_2014,northern-metropolitan-region,Northern Metropolitan Region,"BENGTSSON, Maria",AUSTRALIAN CHRISTIANS,5522,411998,68667,https://itsitecoreblobvecprd01.blob.core.windows.net/public-files/historical-results/state2014/northernmetropolitanregion.html,9b07cc6085d646b55e50b786cd81da1df54803f4c41456ffc6972bb60cf0ed80
vic_lc_2014,northern-metropolitan-region,Northern Metropolitan Region,"CARTER, John",AUSTRALIAN CHRISTIANS,148,411998,68667,https://itsitecoreblobvecprd01.blob.core.windows.net/public-files/historical-results/state2014/northernmetropolitanregion.html,9b07cc6085d646b55e50b786cd81da1df54803f4c41456ffc6972bb60cf0ed80
vic_lc_2014,northern-metropolitan-region,Northern Metropolitan Region,"MASTRANTUONO, Michael",RISE UP AUSTRALIA PARTY,1303,411998,68667,https://itsitecoreblobvecprd01.blob.core.windows.net/public-files/historical-results/state2014/northernmetropolitanregion.html,9b07cc6085d646b55e50b786cd81da1df54803f4c41456ffc6972bb60cf0ed80
vic_lc_2014,northern-metropolitan-region,Northern Metropolitan Region,"HAY, Simon Paul",RISE UP AUSTRALIA PARTY,46,411998,68667,https://itsitecoreblobvecprd01.blob.core.windows.net/public-files/historical-results/state2014/northernmetropolitanregion.html,9b07cc6085d646b55e50b786cd81da1df54803f4c41456ffc6972bb60cf0ed80
vic_lc_2014,northern-metropolitan-region,Northern Metropolitan Region,"POON, Bruce",ANIMAL JUSTICE PARTY,6000,411998,68667,https://itsitecoreblobvecprd01.blob.core.windows.net/public-files/historical-results/state2014/northernmetropolitanregion.html,9b07cc6085d646b55e50b786cd81da1df54803f4c41456ffc6972bb60cf0ed80
vic_lc_2014,northern-metropolitan-region,Northern Metropolitan Region,"McLAVERTY, Maria",ANIMAL JUSTICE PARTY,205,411998,68667,https://itsitecoreblobvecprd01.blob.core.windows.net/public-files/historical-results/state2014/northernmetropolitanregion.html,9b07cc6085d646b55e50b786cd81da1df54803f4c41456ffc6972bb60cf0ed80
vic_lc_2014,northern-metropolitan-region,Northern Metropolitan Region,"FENN, Brendan",FAMILY FIRST,7787,411998,68667,https://itsitecoreblobvecprd01.blob.core.windows.net/public-files/historical-results/state2014/northernmetropolitanregion.html,9b07cc6085d646b55e50b786cd81da1df54803f4c41456ffc6972bb60cf0ed80
vic_lc_2014,northern-metropolitan-region,Northern Metropolitan Region,"CLARK, Sarah",FAMILY FIRST,181,411998,68667,https://itsitecoreblobvecprd01.blob.core.windows.net/public-files/historical-results/state2014/northernmetropolitanregion.html,9b07cc6085d646b55e50b786cd81da1df54803f4c41456ffc6972bb60cf0ed80
vic_lc_2014,northern-metropolitan-region,Northern Metropolitan Region,"MURPHY, Michael",DEMOCRATIC LABOUR PARTY (DLP),11768,411998,68667,https://itsitecoreblobvecprd01.blob.core.windows.net/public-files/historical-results/state2014/northernmetropolitanregion.html,9b07cc6085d646b55e50b786cd81da1df54803f4c41456ffc6972bb60cf0ed80
vic_lc_2014,northern-metropolitan-region,Northern Metropolitan Region,"GALVIN, Mark",DEMOCRATIC LABOUR PARTY (DLP),358,411998,68667,https://itsitecoreblobvecprd01.blob.core.windows.net/public-files/historical-results/state2014/northernmetropolitanregion.html,9b07cc6085d646b55e50b786cd81da1df54803f4c41456ffc6972bb60cf0ed80
vic_lc_2014,northern-metropolitan-region,Northern Metropolitan Region,"PURCELL, Nathan James",VOTE 1 LOCAL JOBS,1430,411998,68667,https://itsitecoreblobvecprd01.blob.core.windows.net/public-files/historical-results/state2014/northernmetropolitanregion.html,9b07cc6085d646b55e50b786cd81da1df54803f4c41456ffc6972bb60cf0ed80
vic_lc_2014,northern-metropolitan-region,Northern Metropolitan Region,"PURCELL, Aaron",VOTE 1 LOCAL JOBS,57,411998,68667,https://itsitecoreblobvecprd01.blob.core.windows.net/public-files/historical-results/state2014/northernmetropolitanregion.html,9b07cc6085d646b55e50b786cd81da1df54803f4c41456ffc6972bb60cf0ed80
vic_lc_2014,northern-metropolitan-region,Northern Metropolitan Region,"GRECO, Domenic",AUSTRALIAN COUNTRY ALLIANCE,633,411998,68667,https://itsitecoreblobvecprd01.blob.core.windows.net/public-files/historical-results/state2014/northernmetropolitanregion.html,9b07cc6085d646b55e50b786cd81da1df54803f4c41456ffc6972bb60cf0ed80
vic_lc_2014,northern-metropolitan-region,Northern Metropolitan Region,"SPANOS, Evan",AUSTRALIAN COUNTRY ALLIANCE,18,411998,68667,https://itsitecoreblobvecprd01.blob.core.windows.net/public-files/historical-results/state2014/northernmetropolitanregion.html,9b07cc6085d646b55e50b786cd81da1df54803f4c41456ffc6972bb60cf0ed80
vic_lc_2014,northern-metropolitan-region,Northern Metropolitan Region,"LIMBRICK, David",LIBERAL DEMOCRATS,6045,411998,68667,https://itsitecoreblobvecprd01.blob.core.windows.net/public-files/historical-results/state2014/northernmetropolitanregion.html,9b07cc6085d646b55e50b786cd81da1df54803f4c41456ffc6972bb60cf0ed80
vic_lc_2014,northern-metropolitan-region,Northern Metropolitan Region,"MURPHY, Erin",LIBERAL DEMOCRATS,38,411998,68667,https://itsitecoreblobvecprd01.blob.core.windows.net/public-files/historical-results/state2014/northernmetropolitanregion.html,9b07cc6085d646b55e50b786cd81da1df54803f4c41456ffc6972bb60cf0ed80
vic_lc_2014,northern-metropolitan-region,Northern Metropolitan Region,"BARBER, Greg",AUSTRALIAN GREENS,71808,411998,68667,https://itsitecoreblobvecprd01.blob.core.windows.net/public-files/historical-results/state2014/northernmetropolitanregion.html,9b07cc6085d646b55e50b786cd81da1df54803f4c41456ffc6972bb60cf0ed80
vic_lc_2014,northern-metropolitan-region,Northern Metropolitan Region,"BHATHAL, Alex",AUSTRALIAN GREENS,1792,411998,68667,https://itsitecoreblobvecprd01.blob.core.windows.net/public-files/historical-results/state2014/northernmetropolitanregion.html,9b07cc6085d646b55e50b786cd81da1df54803f4c41456ffc6972bb60cf0ed80
vic_lc_2014,northern-metropolitan-region,Northern Metropolitan Region,"PARKES, Alison",AUSTRALIAN GREENS,1752,411998,68667,https://itsitecoreblobvecprd01.blob.core.windows.net/public-files/historical-results/state2014/northernmetropolitanregion.html,9b07cc6085d646b55e50b786cd81da1df54803f4c41456ffc6972bb60cf0ed80
vic_lc_2014,northern-metropolitan-region,Northern Metropolitan Region,"WILLIAMS, Anthony",AUSTRALIAN GREENS,668,411998,68667,https://itsitecoreblobvecprd01.blob.core.windows.net/public-files/historical-results/state2014/northernmetropolitanregion.html,9b07cc6085d646b55e50b786cd81da1df54803f4c41456ffc6972bb60cf0ed80
vic_lc_2014,northern-metropolitan-region,Northern Metropolitan Region,"SEKHON, Gurm",AUSTRALIAN GREENS,456,411998,68667,https://itsitecoreblobvecprd01.blob.core.windows.net/public-files/historical-results/state2014/northernmetropolitanregion.html,9b07cc6085d646b55e50b786cd81da1df54803f4c41456ffc6972bb60cf0ed80
vic_lc_2014,northern-metropolitan-region,Northern Metropolitan Region,"ALLAN, Peter",,1898,411998,68667,https://itsitecoreblobvecprd01.blob.core.windows.net/public-files/historical-results/state2014/northernmetropolitanregion.html,9b07cc6085d646b55e50b786cd81da1df54803f4c41456ffc6972bb60cf0ed80
vic_lc_2014,northern-metropolitan-region,Northern Metropolitan Region,"THOMSON, Nicola",,61,411998,68667,https://itsitecoreblobvecprd01.blob.core.windows.net/public-files/historical-results/state2014/northernmetropolitanregion.html,9b07cc6085d646b55e50b786cd81da1df54803f4c41456ffc6972bb60cf0ed80
vic_lc_2014,northern-metropolitan-region,Northern Metropolitan Region,"BATCH, Nicole",,29,411998,68667,https://itsitecoreblobvecprd01.blob.core.windows.net/public-files/historical-results/state2014/northernmetropolitanregion.html,9b07cc6085d646b55e50b786cd81da1df54803f4c41456ffc6972bb60cf0ed80
vic_lc_2014,northern-metropolitan-region,Northern Metropolitan Region,"RIGONI, Maria",PALMER UNITED PARTY,4865,411998,68667,https://itsitecoreblobvecprd01.blob.core.windows.net/public-files/historical-results/state2014/northernmetropolitanregion.html,9b07cc6085d646b55e50b786cd81da1df54803f4c41456ffc6972bb60cf0ed80
vic_lc_2014,northern-metropolitan-region,Northern Metropolitan Region,"LAING, Mario",PALMER UNITED PARTY,34,411998,68667,https://itsitecoreblobvecprd01.blob.core.windows.net/public-files/historical-results/state2014/northernmetropolitanregion.html,9b07cc6085d646b55e50b786cd81da1df54803f4c41456ffc6972bb60cf0ed80
vic_lc_2014,northern-metropolitan-region,Northern Metropolitan Region,"FLORIO, Marc",PEOPLE POWER VICTORIA/NO SMART METERS,1109,411998,68667,https://itsitecoreblobvecprd01.blob.core.windows.net/public-files/historical-results/state2014/northernmetropolitanregion.html,9b07cc6085d646b55e50b786cd81da1df54803f4c41456ffc6972bb60cf0ed80
vic_lc_2014,northern-metropolitan-region,Northern Metropolitan Region,"TATE, Sheriden",PEOPLE POWER VICTORIA/NO SMART METERS,21,411998,68667,https://itsitecoreblobvecprd01.blob.core.windows.net/public-files/historical-results/state2014/northernmetropolitanregion.html,9b07cc6085d646b55e50b786cd81da1df54803f4c41456ffc6972bb60cf0ed80
vic_lc_2014,northern-metropolitan-region,Northern Metropolitan Region,"PATEN, Anne",PEOPLE POWER VICTORIA/NO SMART METERS,27,411998,68667,https://itsitecoreblobvecprd01.blob.core.windows.net/public-files/historical-results/state2014/northernmetropolitanregion.html,9b07cc6085d646b55e50b786cd81da1df54803f4c41456ffc6972bb60cf0ed80
vic_lc_2014,northern-metropolitan-region,Northern Metropolitan Region,"CLEARY, Phil",VOICE FOR THE WEST,1937,411998,68667,https://itsitecoreblobvecprd01.blob.core.windows.net/public-files/historical-results/state2014/northernmetropolitanregion.html,9b07cc6085d646b55e50b786cd81da1df54803f4c41456ffc6972bb60cf0ed80
vic_lc_2014,northern-metropolitan-region,Northern Metropolitan Region,"PHILLIPS, Emma",VOICE FOR THE WEST,32,411998,68667,https://itsitecoreblobvecprd01.blob.core.windows.net/public-files/historical-results/state2014/northernmetropolitanregion.html,9b07cc6085d646b55e50b786cd81da1df54803f4c41456ffc6972bb60cf0ed80
vic_lc_2014,northern-metropolitan-region,Northern Metropolitan Region,"FRANKLIN, Bertha",VOLUNTARY EUTHANASIA PARTY (VICTORIA),1204,411998,68667,https://itsitecoreblobvecprd01.blob.core.windows.net/public-files/historical-results/state2014/northernmetropolitanregion.html,9b07cc6085d646b55e50b786cd81da1df54803f4c41456ffc6972bb60cf0ed80
vic_lc_2014,northern-metropolitan-region,Northern Metropolitan Region,"FRANKLIN, Jay",VOLUNTARY EUTHANASIA PARTY (VICTORIA),22,411998,68667,https://itsitecoreblobvecprd01.blob.core.windows.net/public-files/historical-results/state2014/northernmetropolitanregion.html,9b07cc6085d646b55e50b786cd81da1df54803f4c41456ffc6972bb60cf0ed80
vic_lc_2014,northern-metropolitan-region,Northern Metropolitan Region,"PATTEN, Fiona",SEX PARTY,11733,411998,68667,https://itsitecoreblobvecprd01.blob.core.windows.net/public-files/historical-results/state2014/northernmetropolitanregion.html,9b07cc6085d646b55e50b786cd81da1df54803f4c41456ffc6972bb60cf0ed80
vic_lc_2014,northern-metropolitan-region,Northern Metropolitan Region,"MURRAY, Joël",SEX PARTY,107,411998,68667,https://itsitecoreblobvecprd01.blob.core.windows.net/public-files/historical-results/state2014/northernmetropolitanregion.html,9b07cc6085d646b55e50b786cd81da1df54803f4c41456ffc6972bb60cf0ed80
vic_lc_2014,northern-metropolitan-region,Northern Metropolitan Region,"MIKAKOS, Jenny",AUSTRALIAN LABOR PARTY,165122,411998,68667,https://itsitecoreblobvecprd01.blob.core.windows.net/public-files/historical-results/state2014/northernmetropolitanregion.html,9b07cc6085d646b55e50b786cd81da1df54803f4c41456ffc6972bb60cf0ed80
vic_lc_2014,northern-metropolitan-region,Northern Metropolitan Region,"ELASMAR, Nazih",AUSTRALIAN LABOR PARTY,562,411998,68667,https://itsitecoreblobvecprd01.blob.core.windows.net/public-files/historical-results/state2014/northernmetropolitanregion.html,9b07cc6085d646b55e50b786cd81da1df54803f4c41456ffc6972bb60cf0ed80
vic_lc_2014,northern-metropolitan-region,Northern Metropolitan Region,"YIGIT, Burhan",AUSTRALIAN LABOR PARTY,365,411998,68667,https://itsitecoreblobvecprd01.blob.core.windows.net/public-files/historical-results/state2014/northernmetropolitanregion.html,9b07cc6085d646b55e50b786cd81da1df54803f4c41456ffc6972bb60cf0ed80
vic_lc_2014,northern-metropolitan-region,Northern Metropolitan Region,"APPLEBY, Martin Vincent",AUSTRALIAN LABOR PARTY,363,411998,68667,https://itsitecoreblobvecprd01.blob.core.windows.net/public-files/historical-results/state2014/northernmetropolitanregion.html,9b07cc6085d646b55e50b786cd81da1df54803f4c41456ffc6972bb60cf0ed80
vic_lc_2014,northern-metropolitan-region,Northern Metropolitan Region,"HARRISON, Tiffany",,177,411998,68667,https://itsitecoreblobvecprd01.blob.core.windows.net/public-files/historical-results/state2014/northernmetropolitanregion.html,9b07cc6085d646b55e50b786cd81da1df54803f4c41456ffc6972bb60cf0ed80
vic_lc_2014,northern-metropolitan-region,Northern Metropolitan Region,"BAIN, Darren M.",,44,411998,68667,https://itsitecoreblobvecprd01.blob.core.windows.net/public-files/historical-results/state2014/northernmetropolitanregion.html,9b07cc6085d646b55e50b786cd81da1df54803f4c41456ffc6972bb60cf0ed80
vic_lc_2014,northern-victoria-region,Northern Victoria Region,"MURPHY, Gerard",DEMOCRATIC LABOUR PARTY (DLP),18059,437614,72936,https://itsitecoreblobvecprd01.blob.core.windows.net/public-files/historical-results/state2014/northernvictoriaregion.html,c17d00455429f87efafbfa67de25348f6e375070d484d99aefd21506c63dd620
vic_lc_2014,northern-victoria-region,Northern Victoria Region,"KOS, Stefan",DEMOCRATIC LABOUR PARTY (DLP),124,437614,72936,https://itsitecoreblobvecprd01.blob.core.windows.net/public-files/historical-results/state2014/northernvictoriaregion.html,c17d00455429f87efafbfa67de25348f6e375070d484d99aefd21506c63dd620
vic_lc_2014,northern-victoria-region,Northern Victoria Region,"PAAS, Hans",PALMER UNITED PARTY,12489,437614,72936,https://itsitecoreblobvecprd01.blob.core.windows.net/public-files/historical-results/state2014/northernvictoriaregion.html,c17d00455429f87efafbfa67de25348f6e375070d484d99aefd21506c63dd620
vic_lc_2014,northern-victoria-region,Northern Victoria Region,"LYSAGHT, Owen",PALMER UNITED PARTY,142,437614,72936,https://itsitecoreblobvecprd01.blob.core.windows.net/public-files/historical-results/state2014/northernvictoriaregion.html,c17d00455429f87efafbfa67de25348f6e375070d484d99aefd21506c63dd620
vic_lc_2014,northern-victoria-region,Northern Victoria Region,"CRUTCHFIELD, Charlie",SEX PARTY,13897,437614,72936,https://itsitecoreblobvecprd01.blob.core.windows.net/public-files/historical-results/state2014/northernvictoriaregion.html,c17d00455429f87efafbfa67de25348f6e375070d484d99aefd21506c63dd620
vic_lc_2014,northern-victoria-region,Northern Victoria Region,"MULCAHY, Amy",SEX PARTY,428,437614,72936,https://itsitecoreblobvecprd01.blob.core.windows.net/public-files/historical-results/state2014/northernvictoriaregion.html,c17d00455429f87efafbfa67de25348f6e375070d484d99aefd21506c63dd620
vic_lc_2014,northern-victoria-region,Northern Victoria Region,"YOUNG, Daniel",SHOOTERS AND FISHERS PARTY VICTORIA,15070,437614,72936,https://itsitecoreblobvecprd01.blob.core.windows.net/public-files/historical-results/state2014/northernvictoriaregion.html,c17d00455429f87efafbfa67de25348f6e375070d484d99aefd21506c63dd620
vic_lc_2014,northern-victoria-region,Northern Victoria Region,"DONNELLON, Anthony",SHOOTERS AND FISHERS PARTY VICTORIA,233,437614,72936,https://itsitecoreblobvecprd01.blob.core.windows.net/public-files/historical-results/state2014/northernvictoriaregion.html,c17d00455429f87efafbfa67de25348f6e375070d484d99aefd21506c63dd620
vic_lc_2014,northern-victoria-region,Northern Victoria Region,"HOWARD, Alan",FAMILY FIRST,12334,437614,72936,https://itsitecoreblobvecprd01.blob.core.windows.net/public-files/historical-results/state2014/northernvictoriaregion.html,c17d00455429f87efafbfa67de25348f6e375070d484d99aefd21506c63dd620
vic_lc_2014,northern-victoria-region,Northern Victoria Region,"BALDWIN, Jamie",FAMILY FIRST,207,437614,72936,https://itsitecoreblobvecprd01.blob.core.windows.net/public-files/historical-results/state2014/northernvictoriaregion.html,c17d00455429f87efafbfa67de25348f6e375070d484d99aefd21506c63dd620
vic_lc_2014,northern-victoria-region,Northern Victoria Region,"HORNER, Mark",AUSTRALIAN CYCLISTS PARTY,2183,437614,72936,https://itsitecoreblobvecprd01.blob.core.windows.net/public-files/historical-results/state2014/northernvictoriaregion.html,c17d00455429f87efafbfa67de25348f6e375070d484d99aefd21506c63dd620
vic_lc_2014,northern-victoria-region,Northern Victoria Region,"BIRCH, Arwen",AUSTRALIAN CYCLISTS PARTY,62,437614,72936,https://itsitecoreblobvecprd01.blob.core.windows.net/public-files/historical-results/state2014/northernvictoriaregion.html,c17d00455429f87efafbfa67de25348f6e375070d484d99aefd21506c63dd620
vic_lc_2014,northern-victoria-region,Northern Victoria Region,"CURRIE, Lola",ANIMAL JUSTICE PARTY,7621,437614,72936,https://itsitecoreblobvecprd01.blob.core.windows.net/public-files/historical-results/state2014/northernvictoriaregion.html,c17d00455429f87efafbfa67de25348f6e375070d484d99aefd21506c63dd620
vic_lc_2014,northern-victoria-region,Northern Victoria Region,"DEAN, Jethro",ANIMAL JUSTICE PARTY,138,437614,72936,https://itsitecoreblobvecprd01.blob.core.windows.net/public-files/historical-results/state2014/northernvictoriaregion.html,c17d00455429f87efafbfa67de25348f6e375070d484d99aefd21506c63dd620
vic_lc_2014,northern-victoria-region,Northern Victoria Region,"DANIELI, Robert",AUSTRALIAN COUNTRY ALLIANCE,10557,437614,72936,https://itsitecoreblobvecprd01.blob.core.windows.net/public-files/historical-results/state2014/northernvictoriaregion.html,c17d00455429f87efafbfa67de25348f6e375070d484d99aefd21506c63dd620
vic_lc_2014,northern-victoria-region,Northern Victoria Region,"THRELFALL, Steven",AUSTRALIAN COUNTRY ALLIANCE,355,437614,72936,https://itsitecoreblobvecprd01.blob.core.windows.net/public-files/historical-results/state2014/northernvictoriaregion.html,c17d00455429f87efafbfa67de25348f6e375070d484d99aefd21506c63dd620
vic_lc_2014,northern-victoria-region,Northern Victoria Region,"LOVELL, Wendy",LIBERAL,177415,437614,72936,https://itsitecoreblobvecprd01.blob.core.windows.net/public-files/historical-results/state2014/northernvictoriaregion.html,c17d00455429f87efafbfa67de25348f6e375070d484d99aefd21506c63dd620
vic_lc_2014,northern-victoria-region,Northern Victoria Region,"DRUM, Damian",THE NATIONALS,1147,437614,72936,https://itsitecoreblobvecprd01.blob.core.windows.net/public-files/historical-results/state2014/northernvictoriaregion.html,c17d00455429f87efafbfa67de25348f6e375070d484d99aefd21506c63dd620
vic_lc_2014,northern-victoria-region,Northern Victoria Region,"MILLAR, Amanda",LIBERAL,624,437614,72936,https://itsitecoreblobvecprd01.blob.core.windows.net/public-files/historical-results/state2014/northernvictoriaregion.html,c17d00455429f87efafbfa67de25348f6e375070d484d99aefd21506c63dd620
vic_lc_2014,northern-victoria-region,Northern Victoria Region,"WELLER, Paul",THE NATIONALS,651,437614,72936,https://itsitecoreblobvecprd01.blob.core.windows.net/public-files/historical-results/state2014/northernvictoriaregion.html,c17d00455429f87efafbfa67de25348f6e375070d484d99aefd21506c63dd620
vic_lc_2014,northern-victoria-region,Northern Victoria Region,"WOLTER, Adrian",LIBERAL,340,437614,72936,https://itsitecoreblobvecprd01.blob.core.windows.net/public-files/historical-results/state2014/northernvictoriaregion.html,c17d00455429f87efafbfa67de25348f6e375070d484d99aefd21506c63dd620
vic_lc_2014,northern-victoria-region,Northern Victoria Region,"O'CONNOR, Jenny",AUSTRALIAN GREENS,31879,437614,72936,https://itsitecoreblobvecprd01.blob.core.windows.net/public-files/historical-results/state2014/northernvictoriaregion.html,c17d00455429f87efafbfa67de25348f6e375070d484d99aefd21506c63dd620
vic_lc_2014,northern-victoria-region,Northern Victoria Region,"GOLDSMITH, Michelle",AUSTRALIAN GREENS,379,437614,72936,https://itsitecoreblobvecprd01.blob.core.windows.net/public-files/historical-results/state2014/northernvictoriaregion.html,c17d00455429f87efafbfa67de25348f6e375070d484d99aefd21506c63dd620
vic_lc_2014,northern-victoria-region,Northern Victoria Region,"TOLL, Kate",AUSTRALIAN GREENS,998,437614,72936,https://itsitecoreblobvecprd01.blob.core.windows.net/public-files/historical-results/state2014/northernvictoriaregion.html,c17d00455429f87efafbfa67de25348f6e375070d484d99aefd21506c63dd620
vic_lc_2014,northern-victoria-region,Northern Victoria Region,"BLACK, Dennis",AUSTRALIAN GREENS,138,437614,72936,https://itsitecoreblobvecprd01.blob.core.windows.net/public-files/historical-results/state2014/northernvictoriaregion.html,c17d00455429f87efafbfa67de25348f6e375070d484d99aefd21506c63dd620
vic_lc_2014,northern-victoria-region,Northern Victoria Region,"RHODES, Robin",AUSTRALIAN GREENS,233,437614,72936,https://itsitecoreblobvecprd01.blob.core.windows.net/public-files/historical-results/state2014/northernvictoriaregion.html,c17d00455429f87efafbfa67de25348f6e375070d484d99aefd21506c63dd620
vic_lc_2014,northern-victoria-region,Northern Victoria Region,"CROOKS, Elizabeth",PEOPLE POWER VICTORIA/NO SMART METERS,1389,437614,72936,https://itsitecoreblobvecprd01.blob.core.windows.net/public-files/historical-results/state2014/northernvictoriaregion.html,c17d00455429f87efafbfa67de25348f6e375070d484d99aefd21506c63dd620
vic_lc_2014,northern-victoria-region,Northern Victoria Region,"CORNISH, John",PEOPLE POWER VICTORIA/NO SMART METERS,42,437614,72936,https://itsitecoreblobvecprd01.blob.core.windows.net/public-files/historical-results/state2014/northernvictoriaregion.html,c17d00455429f87efafbfa67de25348f6e375070d484d99aefd21506c63dd620
vic_lc_2014,northern-victoria-region,Northern Victoria Region,"WILMS, Tim",LIBERAL DEMOCRATS,10183,437614,72936,https://itsitecoreblobvecprd01.blob.core.windows.net/public-files/historical-results/state2014/northernvictoriaregion.html,c17d00455429f87efafbfa67de25348f6e375070d484d99aefd21506c63dd620
vic_lc_2014,northern-victoria-region,Northern Victoria Region,"GREAM, Stephen",LIBERAL DEMOCRATS,96,437614,72936,https://itsitecoreblobvecprd01.blob.core.windows.net/public-files/historical-results/state2014/northernvictoriaregion.html,c17d00455429f87efafbfa67de25348f6e375070d484d99aefd21506c63dd620
vic_lc_2014,northern-victoria-region,Northern Victoria Region,"MIDDLETON, Tim",RISE UP AUSTRALIA PARTY,2637,437614,72936,https://itsitecoreblobvecprd01.blob.core.windows.net/public-files/historical-results/state2014/northernvictoriaregion.html,c17d00455429f87efafbfa67de25348f6e375070d484d99aefd21506c63dd620
vic_lc_2014,northern-victoria-region,Northern Victoria Region,"PARKER, Petra",RISE UP AUSTRALIA PARTY,106,437614,72936,https://itsitecoreblobvecprd01.blob.core.windows.net/public-files/historical-results/state2014/northernvictoriaregion.html,c17d00455429f87efafbfa67de25348f6e375070d484d99aefd21506c63dd620
vic_lc_2014,northern-victoria-region,Northern Victoria Region,"HERBERT, Steven",AUSTRALIAN LABOR PARTY,113617,437614,72936,https://itsitecoreblobvecprd01.blob.core.windows.net/public-files/historical-results/state2014/northernvictoriaregion.html,c17d00455429f87efafbfa67de25348f6e375070d484d99aefd21506c63dd620
vic_lc_2014,northern-victoria-region,Northern Victoria Region,"SYMES, Jaclyn",AUSTRALIAN LABOR PARTY,289,437614,72936,https://itsitecoreblobvecprd01.blob.core.windows.net/public-files/historical-results/state2014/northernvictoriaregion.html,c17d00455429f87efafbfa67de25348f6e375070d484d99aefd21506c63dd620
vic_lc_2014,northern-victoria-region,Northern Victoria Region,"BYRON, Jamie Mark",AUSTRALIAN LABOR PARTY,269,437614,72936,https://itsitecoreblobvecprd01.blob.core.windows.net/public-files/historical-results/state2014/northernvictoriaregion.html,c17d00455429f87efafbfa67de25348f6e375070d484d99aefd21506c63dd620
vic_lc_2014,northern-victoria-region,Northern Victoria Region,"SENIOR, Lydia",AUSTRALIAN LABOR PARTY,286,437614,72936,https://itsitecoreblobvecprd01.blob.core.windows.net/public-files/historical-results/state2014/northernvictoriaregion.html,c17d00455429f87efafbfa67de25348f6e375070d484d99aefd21506c63dd620
vic_lc_2014,northern-victoria-region,Northern Victoria Region,"SUTHERLAND, Kate",AUSTRALIAN LABOR PARTY,997,437614,72936,https://itsitecoreblobvecprd01.blob.core.windows.net/public-files/historical-results/state2014/northernvictoriaregion.html,c17d00455429f87efafbfa67de25348f6e375070d484d99aefd21506c63dd620
vic_lc_2014,south-eastern-metropolitan-region,South-Eastern Metropolitan Region,"LEAHY, Martin",SEX PARTY,11053,420951,70159,https://itsitecoreblobvecprd01.blob.core.windows.net/public-files/historical-results/state2014/south-easternmetropolitanregion.html,d75e42fafa59624a56a26270d0a9d42078dce7071c9a6c2b2ec072b934a6112d
vic_lc_2014,south-eastern-metropolitan-region,South-Eastern Metropolitan Region,"CHEVALLIER, Alex",SEX PARTY,186,420951,70159,https://itsitecoreblobvecprd01.blob.core.windows.net/public-files/historical-results/state2014/south-easternmetropolitanregion.html,d75e42fafa59624a56a26270d0a9d42078dce7071c9a6c2b2ec072b934a6112d
vic_lc_2014,south-eastern-metropolitan-region,South-Eastern Metropolitan Region,"GREISS, Sami",AUSTRALIAN CHRISTIANS,5548,420951,70159,https://itsitecoreblobvecprd01.blob.core.windows.net/public-files/historical-results/state2014/south-easternmetropolitanregion.html,d75e42fafa59624a56a26270d0a9d42078dce7071c9a6c2b2ec072b934a6112d
vic_lc_2014,south-eastern-metropolitan-region,South-Eastern Metropolitan Region,"DAWOUD, Manal",AUSTRALIAN CHRISTIANS,108,420951,70159,https://itsitecoreblobvecprd01.blob.core.windows.net/public-files/historical-results/state2014/south-easternmetropolitanregion.html,d75e42fafa59624a56a26270d0a9d42078dce7071c9a6c2b2ec072b934a6112d
vic_lc_2014,south-eastern-metropolitan-region,South-Eastern Metropolitan Region,"JENNINGS, Gavin Wayne",AUSTRALIAN LABOR PARTY,166418,420951,70159,https://itsitecoreblobvecprd01.blob.core.windows.net/public-files/historical-results/state2014/south-easternmetropolitanregion.html,d75e42fafa59624a56a26270d0a9d42078dce7071c9a6c2b2ec072b934a6112d
vic_lc_2014,south-eastern-metropolitan-region,South-Eastern Metropolitan Region,"SOMYUREK, Adem",AUSTRALIAN LABOR PARTY,610,420951,70159,https://itsitecoreblobvecprd01.blob.core.windows.net/public-files/historical-results/state2014/south-easternmetropolitanregion.html,d75e42fafa59624a56a26270d0a9d42078dce7071c9a6c2b2ec072b934a6112d
vic_lc_2014,south-eastern-metropolitan-region,South-Eastern Metropolitan Region,"TARLAMIS, Lee",AUSTRALIAN LABOR PARTY,661,420951,70159,https://itsitecoreblobvecprd01.blob.core.windows.net/public-files/historical-results/state2014/south-easternmetropolitanregion.html,d75e42fafa59624a56a26270d0a9d42078dce7071c9a6c2b2ec072b934a6112d
vic_lc_2014,south-eastern-metropolitan-region,South-Eastern Metropolitan Region,"SPENCER, Ian",AUSTRALIAN LABOR PARTY,598,420951,70159,https://itsitecoreblobvecprd01.blob.core.windows.net/public-files/historical-results/state2014/south-easternmetropolitanregion.html,d75e42fafa59624a56a26270d0a9d42078dce7071c9a6c2b2ec072b934a6112d
vic_lc_2014,south-eastern-metropolitan-region,South-Eastern Metropolitan Region,"DAVIS, Rosalie Andunga",AUSTRALIAN LABOR PARTY,516,420951,70159,https://itsitecoreblobvecprd01.blob.core.windows.net/public-files/historical-results/state2014/south-easternmetropolitanregion.html,d75e42fafa59624a56a26270d0a9d42078dce7071c9a6c2b2ec072b934a6112d
vic_lc_2014,south-eastern-metropolitan-region,South-Eastern Metropolitan Region,"IONASCU, Sorin",VOLUNTARY EUTHANASIA PARTY (VICTORIA),2315,420951,70159,https://itsitecoreblobvecprd01.blob.core.windows.net/public-files/historical-results/state2014/south-easternmetropolitanregion.html,d75e42fafa59624a56a26270d0a9d42078dce7071c9a6c2b2ec072b934a6112d
vic_lc_2014,south-eastern-metropolitan-region,South-Eastern Metropolitan Region,"MAULDON, Greg",VOLUNTARY EUTHANASIA PARTY (VICTORIA),93,420951,70159,https://itsitecoreblobvecprd01.blob.core.windows.net/public-files/historical-results/state2014/south-easternmetropolitanregion.html,d75e42fafa59624a56a26270d0a9d42078dce7071c9a6c2b2ec072b934a6112d
vic_lc_2014,south-eastern-metropolitan-region,South-Eastern Metropolitan Region,"CELOTTO, Elio",ANIMAL JUSTICE PARTY,7673,420951,70159,https://itsitecoreblobvecprd01.blob.core.windows.net/public-files/historical-results/state2014/south-easternmetropolitanregion.html,d75e42fafa59624a56a26270d0a9d42078dce7071c9a6c2b2ec072b934a6112d
vic_lc_2014,south-eastern-metropolitan-region,South-Eastern Metropolitan Region,"JACK, Tyson",ANIMAL JUSTICE PARTY,167,420951,70159,https://itsitecoreblobvecprd01.blob.core.windows.net/public-files/historical-results/state2014/south-easternmetropolitanregion.html,d75e42fafa59624a56a26270d0a9d42078dce7071c9a6c2b2ec072b934a6112d
vic_lc_2014,south-eastern-metropolitan-region,South-Eastern Metropolitan Region,"PALMA, Michael",DEMOCRATIC LABOUR PARTY (DLP),9281,420951,70159,https://itsitecoreblobvecprd01.blob.core.windows.net/public-files/historical-results/state2014/south-easternmetropolitanregion.html,d75e42fafa59624a56a26270d0a9d42078dce7071c9a6c2b2ec072b934a6112d
vic_lc_2014,south-eastern-metropolitan-region,South-Eastern Metropolitan Region,"De SUMMA, Lucia",DEMOCRATIC LABOUR PARTY (DLP),64,420951,70159,https://itsitecoreblobvecprd01.blob.core.windows.net/public-files/historical-results/state2014/south-easternmetropolitanregion.html,d75e42fafa59624a56a26270d0a9d42078dce7071c9a6c2b2ec072b934a6112d
vic_lc_2014,south-eastern-metropolitan-region,South-Eastern Metropolitan Region,"NALLIAH, Daniel",RISE UP AUSTRALIA PARTY,5225,420951,70159,https://itsitecoreblobvecprd01.blob.core.windows.net/public-files/historical-results/state2014/south-easternmetropolitanregion.html,d75e42fafa59624a56a26270d0a9d42078dce7071c9a6c2b2ec072b934a6112d
vic_lc_2014,south-eastern-metropolitan-region,South-Eastern Metropolitan Region,"CRESTANI, Rosalie",RISE UP AUSTRALIA PARTY,99,420951,70159,https://itsitecoreblobvecprd01.blob.core.windows.net/public-files/historical-results/state2014/south-easternmetropolitanregion.html,d75e42fafa59624a56a26270d0a9d42078dce7071c9a6c2b2ec072b934a6112d
vic_lc_2014,south-eastern-metropolitan-region,South-Eastern Metropolitan Region,"WALTERS, Basil",PEOPLE POWER VICTORIA/NO SMART METERS,1771,420951,70159,https://itsitecoreblobvecprd01.blob.core.windows.net/public-files/historical-results/state2014/south-easternmetropolitanregion.html,d75e42fafa59624a56a26270d0a9d42078dce7071c9a6c2b2ec072b934a6112d
vic_lc_2014,south-eastern-metropolitan-region,South-Eastern Metropolitan Region,"SIRIANNI, Maria",PEOPLE POWER VICTORIA/NO SMART METERS,53,420951,70159,https://itsitecoreblobvecprd01.blob.core.windows.net/public-files/historical-results/state2014/south-easternmetropolitanregion.html,d75e42fafa59624a56a26270d0a9d42078dce7071c9a6c2b2ec072b934a6112d
vic_lc_2014,south-eastern-metropolitan-region,South-Eastern Metropolitan Region,"HARLAND, Lynette",FAMILY FIRST,11101,420951,70159,https://itsitecoreblobvecprd01.blob.core.windows.net/public-files/historical-results/state2014/south-easternmetropolitanregion.html,d75e42fafa59624a56a26270d0a9d42078dce7071c9a6c2b2ec072b934a6112d
vic_lc_2014,south-eastern-metropolitan-region,South-Eastern Metropolitan Region,"ORCHARD, Jeremy",FAMILY FIRST,128,420951,70159,https://itsitecoreblobvecprd01.blob.core.windows.net/public-files/historical-results/state2014/south-easternmetropolitanregion.html,d75e42fafa59624a56a26270d0a9d42078dce7071c9a6c2b2ec072b934a6112d
vic_lc_2014,south-eastern-metropolitan-region,South-Eastern Metropolitan Region,"KENNEDY, Jason",PALMER UNITED PARTY,358,420951,70159,https://itsitecoreblobvecprd01.blob.core.windows.net/public-files/historical-results/state2014/south-easternmetropolitanregion.html,d75e42fafa59624a56a26270d0a9d42078dce7071c9a6c2b2ec072b934a6112d
vic_lc_2014,south-eastern-metropolitan-region,South-Eastern Metropolitan Region,"SINGH, Bobby",PALMER UNITED PARTY,7906,420951,70159,https://itsitecoreblobvecprd01.blob.core.windows.net/public-files/historical-results/state2014/south-easternmetropolitanregion.html,d75e42fafa59624a56a26270d0a9d42078dce7071c9a6c2b2ec072b934a6112d
vic_lc_2014,south-eastern-metropolitan-region,South-Eastern Metropolitan Region,"OLDFIELD, Michael",PALMER UNITED PARTY,66,420951,70159,https://itsitecoreblobvecprd01.blob.core.windows.net/public-files/historical-results/state2014/south-easternmetropolitanregion.html,d75e42fafa59624a56a26270d0a9d42078dce7071c9a6c2b2ec072b934a6112d
vic_lc_2014,south-eastern-metropolitan-region,South-Eastern Metropolitan Region,"SIDDLE, Robert",AUSTRALIAN CYCLISTS PARTY,1613,420951,70159,https://itsitecoreblobvecprd01.blob.core.windows.net/public-files/historical-results/state2014/south-easternmetropolitanregion.html,d75e42fafa59624a56a26270d0a9d42078dce7071c9a6c2b2ec072b934a6112d
vic_lc_2014,south-eastern-metropolitan-region,South-Eastern Metropolitan Region,"PARSONS, Troy",AUSTRALIAN CYCLISTS PARTY,23,420951,70159,https://itsitecoreblobvecprd01.blob.core.windows.net/public-files/historical-results/state2014/south-easternmetropolitanregion.html,d75e42fafa59624a56a26270d0a9d42078dce7071c9a6c2b2ec072b934a6112d
vic_lc_2014,south-eastern-metropolitan-region,South-Eastern Metropolitan Region,"RICH-PHILLIPS, Gordon",LIBERAL,147204,420951,70159,https://itsitecoreblobvecprd01.blob.core.windows.net/public-files/historical-results/state2014/south-easternmetropolitanregion.html,d75e42fafa59624a56a26270d0a9d42078dce7071c9a6c2b2ec072b934a6112d
vic_lc_2014,south-eastern-metropolitan-region,South-Eastern Metropolitan Region,"PEULICH, Inga",LIBERAL,426,420951,70159,https://itsitecoreblobvecprd01.blob.core.windows.net/public-files/historical-results/state2014/south-easternmetropolitanregion.html,d75e42fafa59624a56a26270d0a9d42078dce7071c9a6c2b2ec072b934a6112d
vic_lc_2014,south-eastern-metropolitan-region,South-Eastern Metropolitan Region,"KHAN, Ali",LIBERAL,249,420951,70159,https://itsitecoreblobvecprd01.blob.core.windows.net/public-files/historical-results/state2014/south-easternmetropolitanregion.html,d75e42fafa59624a56a26270d0a9d42078dce7071c9a6c2b2ec072b934a6112d
vic_lc_2014,south-eastern-metropolitan-region,South-Eastern Metropolitan Region,"VISA, Moti",LIBERAL,109,420951,70159,https://itsitecoreblobvecprd01.blob.core.windows.net/public-files/historical-results/state2014/south-easternmetropolitanregion.html,d75e42fafa59624a56a26270d0a9d42078dce7071c9a6c2b2ec072b934a6112d
vic_lc_2014,south-eastern-metropolitan-region,South-Eastern Metropolitan Region,"HUA, George",LIBERAL,248,420951,70159,https://itsitecoreblobvecprd01.blob.core.windows.net/public-files/historical-results/state2014/south-easternmetropolitanregion.html,d75e42fafa59624a56a26270d0a9d42078dce7071c9a6c2b2ec072b934a6112d
vic_lc_2014,south-eastern-metropolitan-region,South-Eastern Metropolitan Region,"HUGHES, Leslie",LIBERAL DEMOCRATS,7240,420951,70159,https://itsitecoreblobvecprd01.blob.core.windows.net/public-files/historical-results/state2014/south-easternmetropolitanregion.html,d75e42fafa59624a56a26270d0a9d42078dce7071c9a6c2b2ec072b934a6112d
vic_lc_2014,south-eastern-metropolitan-region,South-Eastern Metropolitan Region,"LESICH, Matthew",LIBERAL DEMOCRATS,60,420951,70159,https://itsitecoreblobvecprd01.blob.core.windows.net/public-files/historical-results/state2014/south-easternmetropolitanregion.html,d75e42fafa59624a56a26270d0a9d42078dce7071c9a6c2b2ec072b934a6112d
vic_lc_2014,south-eastern-metropolitan-region,South-Eastern Metropolitan Region,"PERRY, Ryan",SHOOTERS AND FISHERS PARTY VICTORIA,5116,420951,70159,https://itsitecoreblobvecprd01.blob.core.windows.net/public-files/historical-results/state2014/south-easternmetropolitanregion.html,d75e42fafa59624a56a26270d0a9d42078dce7071c9a6c2b2ec072b934a6112d
vic_lc_2014,south-eastern-metropolitan-region,South-Eastern Metropolitan Region,"BEVAN, Allan",SHOOTERS AND FISHERS PARTY VICTORIA,95,420951,70159,https://itsitecoreblobvecprd01.blob.core.windows.net/public-files/historical-results/state2014/south-easternmetropolitanregion.html,d75e42fafa59624a56a26270d0a9d42078dce7071c9a6c2b2ec072b934a6112d
vic_lc_2014,south-eastern-metropolitan-region,South-Eastern Metropolitan Region,"SPRINGLE, Nina",AUSTRALIAN GREENS,25503,420951,70159,https://itsitecoreblobvecprd01.blob.core.windows.net/public-files/historical-results/state2014/south-easternmetropolitanregion.html,d75e42fafa59624a56a26270d0a9d42078dce7071c9a6c2b2ec072b934a6112d
vic_lc_2014,south-eastern-metropolitan-region,South-Eastern Metropolitan Region,"JOBE, Chris",AUSTRALIAN GREENS,142,420951,70159,https://itsitecoreblobvecprd01.blob.core.windows.net/public-files/historical-results/state2014/south-easternmetropolitanregion.html,d75e42fafa59624a56a26270d0a9d42078dce7071c9a6c2b2ec072b934a6112d
vic_lc_2014,south-eastern-metropolitan-region,South-Eastern Metropolitan Region,"SMITH, Wendy",AUSTRALIAN GREENS,576,420951,70159,https://itsitecoreblobvecprd01.blob.core.windows.net/public-files/historical-results/state2014/south-easternmetropolitanregion.html,d75e42fafa59624a56a26270d0a9d42078dce7071c9a6c2b2ec072b934a6112d
vic_lc_2014,south-eastern-metropolitan-region,South-Eastern Metropolitan Region,"FLANDERS, John",AUSTRALIAN GREENS,191,420951,70159,https://itsitecoreblobvecprd01.blob.core.windows.net/public-files/historical-results/state2014/south-easternmetropolitanregion.html,d75e42fafa59624a56a26270d0a9d42078dce7071c9a6c2b2ec072b934a6112d
vic_lc_2014,south-eastern-metropolitan-region,South-Eastern Metropolitan Region,"ZIBELL, Stefan",AUSTRALIAN GREENS,77,420951,70159,https://itsitecoreblobvecprd01.blob.core.windows.net/public-files/historical-results/state2014/south-easternmetropolitanregion.html,d75e42fafa59624a56a26270d0a9d42078dce7071c9a6c2b2ec072b934a6112d
vic_lc_2014,south-eastern-metropolitan-region,South-Eastern Metropolitan Region,"OKIL, Arif",,81,420951,70159,https://itsitecoreblobvecprd01.blob.core.windows.net/public-files/historical-results/state2014/south-easternmetropolitanregion.html,d75e42fafa59624a56a26270d0a9d42078dce7071c9a6c2b2ec072b934a6112d
vic_lc_2014,southern-metropolitan-region,Southern Metropolitan Region,"LEE, Faliana",AUSTRALIAN CHRISTIANS,2789,414196,69033,https://itsitecoreblobvecprd01.blob.core.windows.net/public-files/historical-results/state2014/southernmetropolitanregion.html,7ee144ddb6b10af438fd123b1e8ae89a40f5f504b1ee7691c5fa8ea1effaf78a
vic_lc_2014,southern-metropolitan-region,Southern Metropolitan Region,"DOBBY, Ian",AUSTRALIAN CHRISTIANS,65,414196,69033,https://itsitecoreblobvecprd01.blob.core.windows.net/public-files/historical-results/state2014/southernmetropolitanregion.html,7ee144ddb6b10af438fd123b1e8ae89a40f5f504b1ee7691c5fa8ea1effaf78a
vic_lc_2014,southern-metropolitan-region,Southern Metropolitan Region,"STEFANO, Vince",DEMOCRATIC LABOUR PARTY (DLP),8860,414196,69033,https://itsitecoreblobvecprd01.blob.core.windows.net/public-files/historical-results/state2014/southernmetropolitanregion.html,7ee144ddb6b10af438fd123b1e8ae89a40f5f504b1ee7691c5fa8ea1effaf78a
vic_lc_2014,southern-metropolitan-region,Southern Metropolitan Region,"PRENDERGAST, Brendan",DEMOCRATIC LABOUR PARTY (DLP),111,414196,69033,https://itsitecoreblobvecprd01.blob.core.windows.net/public-files/historical-results/state2014/southernmetropolitanregion.html,7ee144ddb6b10af438fd123b1e8ae89a40f5f504b1ee7691c5fa8ea1effaf78a
vic_lc_2014,southern-metropolitan-region,Southern Metropolitan Region,"BONSOR, Craig",LIBERAL DEMOCRATS,18861,414196,69033,https://itsitecoreblobvecprd01.blob.core.windows.net/public-files/historical-results/state2014/southernmetropolitanregion.html,7ee144ddb6b10af438fd123b1e8ae89a40f5f504b1ee7691c5fa8ea1effaf78a
vic_lc_2014,southern-metropolitan-region,Southern Metropolitan Region,"HAMILTON, Michelle",LIBERAL DEMOCRATS,214,414196,69033,https://itsitecoreblobvecprd01.blob.core.windows.net/public-files/historical-results/state2014/southernmetropolitanregion.html,7ee144ddb6b10af438fd123b1e8ae89a40f5f504b1ee7691c5fa8ea1effaf78a
vic_lc_2014,southern-metropolitan-region,Southern Metropolitan Region,"VASSILIOU, Peter",RISE UP AUSTRALIA PARTY,1020,414196,69033,https://itsitecoreblobvecprd01.blob.core.windows.net/public-files/historical-results/state2014/southernmetropolitanregion.html,7ee144ddb6b10af438fd123b1e8ae89a40f5f504b1ee7691c5fa8ea1effaf78a
vic_lc_2014,southern-metropolitan-region,Southern Metropolitan Region,"POWELL, Glenda",RISE UP AUSTRALIA PARTY,25,414196,69033,https://itsitecoreblobvecprd01.blob.core.windows.net/public-files/historical-results/state2014/southernmetropolitanregion.html,7ee144ddb6b10af438fd123b1e8ae89a40f5f504b1ee7691c5fa8ea1effaf78a
vic_lc_2014,southern-metropolitan-region,Southern Metropolitan Region,"BOWEN, Richard",AUSTRALIAN CYCLISTS PARTY,4466,414196,69033,https://itsitecoreblobvecprd01.blob.core.windows.net/public-files/historical-results/state2014/southernmetropolitanregion.html,7ee144ddb6b10af438fd123b1e8ae89a40f5f504b1ee7691c5fa8ea1effaf78a
vic_lc_2014,southern-metropolitan-region,Southern Metropolitan Region,"SIDDLE, Kathryn",AUSTRALIAN CYCLISTS PARTY,150,414196,69033,https://itsitecoreblobvecprd01.blob.core.windows.net/public-files/historical-results/state2014/southernmetropolitanregion.html,7ee144ddb6b10af438fd123b1e8ae89a40f5f504b1ee7691c5fa8ea1effaf78a
vic_lc_2014,southern-metropolitan-region,Southern Metropolitan Region,"BARBER, Marcus",AUSTRALIAN CYCLISTS PARTY,133,414196,69033,https://itsitecoreblobvecprd01.blob.core.windows.net/public-files/historical-results/state2014/southernmetropolitanregion.html,7ee144ddb6b10af438fd123b1e8ae89a40f5f504b1ee7691c5fa8ea1effaf78a
vic_lc_2014,southern-metropolitan-region,Southern Metropolitan Region,"JACKSON, Clive",,657,414196,69033,https://itsitecoreblobvecprd01.blob.core.windows.net/public-files/historical-results/state2014/southernmetropolitanregion.html,7ee144ddb6b10af438fd123b1e8ae89a40f5f504b1ee7691c5fa8ea1effaf78a
vic_lc_2014,southern-metropolitan-region,Southern Metropolitan Region,"GRUMMET, Richard",,144,414196,69033,https://itsitecoreblobvecprd01.blob.core.windows.net/public-files/historical-results/state2014/southernmetropolitanregion.html,7ee144ddb6b10af438fd123b1e8ae89a40f5f504b1ee7691c5fa8ea1effaf78a
vic_lc_2014,southern-metropolitan-region,Southern Metropolitan Region,"PENNICUIK, Sue",AUSTRALIAN GREENS,61683,414196,69033,https://itsitecoreblobvecprd01.blob.core.windows.net/public-files/historical-results/state2014/southernmetropolitanregion.html,7ee144ddb6b10af438fd123b1e8ae89a40f5f504b1ee7691c5fa8ea1effaf78a
vic_lc_2014,southern-metropolitan-region,Southern Metropolitan Region,"SEARLE, James",AUSTRALIAN GREENS,716,414196,69033,https://itsitecoreblobvecprd01.blob.core.windows.net/public-files/historical-results/state2014/southernmetropolitanregion.html,7ee144ddb6b10af438fd123b1e8ae89a40f5f504b1ee7691c5fa8ea1effaf78a
vic_lc_2014,southern-metropolitan-region,Southern Metropolitan Region,"READ, Rose",AUSTRALIAN GREENS,708,414196,69033,https://itsitecoreblobvecprd01.blob.core.windows.net/public-files/historical-results/state2014/southernmetropolitanregion.html,7ee144ddb6b10af438fd123b1e8ae89a40f5f504b1ee7691c5fa8ea1effaf78a
vic_lc_2014,southern-metropolitan-region,Southern Metropolitan Region,"WYATT, Lorna",AUSTRALIAN GREENS,699,414196,69033,https://itsitecoreblobvecprd01.blob.core.windows.net/public-files/historical-results/state2014/southernmetropolitanregion.html,7ee144ddb6b10af438fd123b1e8ae89a40f5f504b1ee7691c5fa8ea1effaf78a
vic_lc_2014,southern-metropolitan-region,Southern Metropolitan Region,"HARRISON, James",AUSTRALIAN GREENS,558,414196,69033,https://itsitecoreblobvecprd01.blob.core.windows.net/public-files/historical-results/state2014/southernmetropolitanregion.html,7ee144ddb6b10af438fd123b1e8ae89a40f5f504b1ee7691c5fa8ea1effaf78a
vic_lc_2014,southern-metropolitan-region,Southern Metropolitan Region,"MILLER, Kenneth",PEOPLE POWER VICTORIA/NO SMART METERS,1103,414196,69033,https://itsitecoreblobvecprd01.blob.core.windows.net/public-files/historical-results/state2014/southernmetropolitanregion.html,7ee144ddb6b10af438fd123b1e8ae89a40f5f504b1ee7691c5fa8ea1effaf78a
vic_lc_2014,southern-metropolitan-region,Southern Metropolitan Region,"JONES, Linda",PEOPLE POWER VICTORIA/NO SMART METERS,35,414196,69033,https://itsitecoreblobvecprd01.blob.core.windows.net/public-files/historical-results/state2014/southernmetropolitanregion.html,7ee144ddb6b10af438fd123b1e8ae89a40f5f504b1ee7691c5fa8ea1effaf78a
vic_lc_2014,southern-metropolitan-region,Southern Metropolitan Region,"WALSHE, Nyree",ANIMAL JUSTICE PARTY,6566,414196,69033,https://itsitecoreblobvecprd01.blob.core.windows.net/public-files/historical-results/state2014/southernmetropolitanregion.html,7ee144ddb6b10af438fd123b1e8ae89a40f5f504b1ee7691c5fa8ea1effaf78a
vic_lc_2014,southern-metropolitan-region,Southern Metropolitan Region,"McROSTIE, Fiona",ANIMAL JUSTICE PARTY,263,414196,69033,https://itsitecoreblobvecprd01.blob.core.windows.net/public-files/historical-results/state2014/southernmetropolitanregion.html,7ee144ddb6b10af438fd123b1e8ae89a40f5f504b1ee7691c5fa8ea1effaf78a
vic_lc_2014,southern-metropolitan-region,Southern Metropolitan Region,"COLLINS, Francesca",SEX PARTY,9879,414196,69033,https://itsitecoreblobvecprd01.blob.core.windows.net/public-files/historical-results/state2014/southernmetropolitanregion.html,7ee144ddb6b10af438fd123b1e8ae89a40f5f504b1ee7691c5fa8ea1effaf78a
vic_lc_2014,southern-metropolitan-region,Southern Metropolitan Region,"AUSTIN, Darren",SEX PARTY,183,414196,69033,https://itsitecoreblobvecprd01.blob.core.windows.net/public-files/historical-results/state2014/southernmetropolitanregion.html,7ee144ddb6b10af438fd123b1e8ae89a40f5f504b1ee7691c5fa8ea1effaf78a
vic_lc_2014,southern-metropolitan-region,Southern Metropolitan Region,"McCASKER, Penny",VOLUNTARY EUTHANASIA PARTY (VICTORIA),3177,414196,69033,https://itsitecoreblobvecprd01.blob.core.windows.net/public-files/historical-results/state2014/southernmetropolitanregion.html,7ee144ddb6b10af438fd123b1e8ae89a40f5f504b1ee7691c5fa8ea1effaf78a
vic_lc_2014,southern-metropolitan-region,Southern Metropolitan Region,"STEWART, Fiona",VOLUNTARY EUTHANASIA PARTY (VICTORIA),94,414196,69033,https://itsitecoreblobvecprd01.blob.core.windows.net/public-files/historical-results/state2014/southernmetropolitanregion.html,7ee144ddb6b10af438fd123b1e8ae89a40f5f504b1ee7691c5fa8ea1effaf78a
vic_lc_2014,southern-metropolitan-region,Southern Metropolitan Region,"DALIDAKIS, Philip Alexander",AUSTRALIAN LABOR PARTY,102218,414196,69033,https://itsitecoreblobvecprd01.blob.core.windows.net/public-files/historical-results/state2014/southernmetropolitanregion.html,7ee144ddb6b10af438fd123b1e8ae89a40f5f504b1ee7691c5fa8ea1effaf78a
vic_lc_2014,southern-metropolitan-region,Southern Metropolitan Region,"LOCKE, Erik",AUSTRALIAN LABOR PARTY,605,414196,69033,https://itsitecoreblobvecprd01.blob.core.windows.net/public-files/historical-results/state2014/southernmetropolitanregion.html,7ee144ddb6b10af438fd123b1e8ae89a40f5f504b1ee7691c5fa8ea1effaf78a
vic_lc_2014,southern-metropolitan-region,Southern Metropolitan Region,"CICCONE, Raffaele",AUSTRALIAN LABOR PARTY,354,414196,69033,https://itsitecoreblobvecprd01.blob.core.windows.net/public-files/historical-results/state2014/southernmetropolitanregion.html,7ee144ddb6b10af438fd123b1e8ae89a40f5f504b1ee7691c5fa8ea1effaf78a
vic_lc_2014,southern-metropolitan-region,Southern Metropolitan Region,"DEVINE, Cassandra",AUSTRALIAN LABOR PARTY,633,414196,69033,https://itsitecoreblobvecprd01.blob.core.windows.net/public-files/historical-results/state2014/southernmetropolitanregion.html,7ee144ddb6b10af438fd123b1e8ae89a40f5f504b1ee7691c5fa8ea1effaf78a
vic_lc_2014,southern-metropolitan-region,Southern Metropolitan Region,"FOWLES, William",AUSTRALIAN LABOR PARTY,555,414196,69033,https://itsitecoreblobvecprd01.blob.core.windows.net/public-files/historical-results/state2014/southernmetropolitanregion.html,7ee144ddb6b10af438fd123b1e8ae89a40f5f504b1ee7691c5fa8ea1effaf78a
vic_lc_2014,southern-metropolitan-region,Southern Metropolitan Region,"WILLIAM, Paul",SHOOTERS AND FISHERS PARTY VICTORIA,1860,414196,69033,https://itsitecoreblobvecprd01.blob.core.windows.net/public-files/historical-results/state2014/southernmetropolitanregion.html,7ee144ddb6b10af438fd123b1e8ae89a40f5f504b1ee7691c5fa8ea1effaf78a
vic_lc_2014,southern-metropolitan-region,Southern Metropolitan Region,"ZOUMIS, Steven",SHOOTERS AND FISHERS PARTY VICTORIA,73,414196,69033,https://itsitecoreblobvecprd01.blob.core.windows.net/public-files/historical-results/state2014/southernmetropolitanregion.html,7ee144ddb6b10af438fd123b1e8ae89a40f5f504b1ee7691c5fa8ea1effaf78a
vic_lc_2014,southern-metropolitan-region,Southern Metropolitan Region,"CLARK, Shane",FAMILY FIRST,2668,414196,69033,https://itsitecoreblobvecprd01.blob.core.windows.net/public-files/historical-results/state2014/southernmetropolitanregion.html,7ee144ddb6b10af438fd123b1e8ae89a40f5f504b1ee7691c5fa8ea1effaf78a
vic_lc_2014,southern-metropolitan-region,Southern Metropolitan Region,"COOMBES, Gary",FAMILY FIRST,40,414196,69033,https://itsitecoreblobvecprd01.blob.core.windows.net/public-files/historical-results/state2014/southernmetropolitanregion.html,7ee144ddb6b10af438fd123b1e8ae89a40f5f504b1ee7691c5fa8ea1effaf78a
vic_lc_2014,southern-metropolitan-region,Southern Metropolitan Region,"MORRIS, Christopher",AUSTRALIAN COUNTRY ALLIANCE,354,414196,69033,https://itsitecoreblobvecprd01.blob.core.windows.net/public-files/historical-results/state2014/southernmetropolitanregion.html,7ee144ddb6b10af438fd123b1e8ae89a40f5f504b1ee7691c5fa8ea1effaf78a
vic_lc_2014,southern-metropolitan-region,Southern Metropolitan Region,"DRISCOLL, Andrew",AUSTRALIAN COUNTRY ALLIANCE,7,414196,69033,https://itsitecoreblobvecprd01.blob.core.windows.net/public-files/historical-results/state2014/southernmetropolitanregion.html,7ee144ddb6b10af438fd123b1e8ae89a40f5f504b1ee7691c5fa8ea1effaf78a
vic_lc_2014,southern-metropolitan-region,Southern Metropolitan Region,"SINGLETON, Dwayne",PALMER UNITED PARTY,3602,414196,69033,https://itsitecoreblobvecprd01.blob.core.windows.net/public-files/historical-results/state2014/southernmetropolitanregion.html,7ee144ddb6b10af438fd123b1e8ae89a40f5f504b1ee7691c5fa8ea1effaf78a
vic_lc_2014,southern-metropolitan-region,Southern Metropolitan Region,"CRESSWELL, Anthony",PALMER UNITED PARTY,71,414196,69033,https://itsitecoreblobvecprd01.blob.core.windows.net/public-files/historical-results/state2014/southernmetropolitanregion.html,7ee144ddb6b10af438fd123b1e8ae89a40f5f504b1ee7691c5fa8ea1effaf78a
vic_lc_2014,southern-metropolitan-region,Southern Metropolitan Region,"RANKIN, Scott",PALMER UNITED PARTY,80,414196,69033,https://itsitecoreblobvecprd01.blob.core.windows.net/public-files/historical-results/state2014/southernmetropolitanregion.html,7ee144ddb6b10af438fd123b1e8ae89a40f5f504b1ee7691c5fa8ea1effaf78a
vic_lc_2014,southern-metropolitan-region,Southern Metropolitan Region,"DAVIS, David",LIBERAL,175146,414196,69033,https://itsitecoreblobvecprd01.blob.core.windows.net/public-files/historical-results/state2014/southernmetropolitanregion.html,7ee144ddb6b10af438fd123b1e8ae89a40f5f504b1ee7691c5fa8ea1effaf78a
vic_lc_2014,southern-metropolitan-region,Southern Metropolitan Region,"CROZIER, Georgie",LIBERAL,552,414196,69033,https://itsitecoreblobvecprd01.blob.core.windows.net/public-files/historical-results/state2014/southernmetropolitanregion.html,7ee144ddb6b10af438fd123b1e8ae89a40f5f504b1ee7691c5fa8ea1effaf78a
vic_lc_2014,southern-metropolitan-region,Southern Metropolitan Region,"FITZHERBERT, Margaret",LIBERAL,592,414196,69033,https://itsitecoreblobvecprd01.blob.core.windows.net/public-files/historical-results/state2014/southernmetropolitanregion.html,7ee144ddb6b10af438fd123b1e8ae89a40f5f504b1ee7691c5fa8ea1effaf78a
vic_lc_2014,southern-metropolitan-region,Southern Metropolitan Region,"ONG, Ken",LIBERAL,231,414196,69033,https://itsitecoreblobvecprd01.blob.core.windows.net/public-files/historical-results/state2014/southernmetropolitanregion.html,7ee144ddb6b10af438fd123b1e8ae89a40f5f504b1ee7691c5fa8ea1effaf78a
vic_lc_2014,southern-metropolitan-region,Southern Metropolitan Region,"KHOROSHINA, Nellie",LIBERAL,424,414196,69033,https://itsitecoreblobvecprd01.blob.core.windows.net/public-files/historical-results/state2014/southernmetropolitanregion.html,7ee144ddb6b10af438fd123b1e8ae89a40f5f504b1ee7691c5fa8ea1effaf78a
vic_lc_2014,southern-metropolitan-region,Southern Metropolitan Region,"GROSSI, Luzio",,729,414196,69033,https://itsitecoreblobvecprd01.blob.core.windows.net/public-files/historical-results/state2014/southernmetropolitanregion.html,7ee144ddb6b10af438fd123b1e8ae89a40f5f504b1ee7691c5fa8ea1effaf78a
vic_lc_2014,southern-metropolitan-region,Southern Metropolitan Region,"JAMES, Crystal",,68,414196,69033,https://itsitecoreblobvecprd01.blob.core.windows.net/public-files/historical-results/state2014/southernmetropolitanregion.html,7ee144ddb6b10af438fd123b1e8ae89a40f5f504b1ee7691c5fa8ea1effaf78a
vic_lc_2014,southern-metropolitan-region,Southern Metropolitan Region,"NEOPHYTOU, George",,175,414196,69033,https://itsitecoreblobvecprd01.blob.core.windows.net/public-files/historical-results/state2014/southernmetropolitanregion.html,7ee144ddb6b10af438fd123b1e8ae89a40f5f504b1ee7691c5fa8ea1effaf78a
vic_lc_2014,western-metropolitan-region,Western Metropolitan Region,"HARTLAND, Colleen",AUSTRALIAN GREENS,43074,435633,72606,https://itsitecoreblobvecprd01.blob.core.windows.net/public-files/historical-results/state2014/westernmetropolitanregion.html,5cfd31ee5be8a02c8f0b4c531a83bf369ba2438d41f72a6a8951e270e504ab3b
vic_lc_2014,western-metropolitan-region,Western Metropolitan Region,"TRUONG, Huong",AUSTRALIAN GREENS,642,435633,72606,https://itsitecoreblobvecprd01.blob.core.windows.net/public-files/historical-results/state2014/westernmetropolitanregion.html,5cfd31ee5be8a02c8f0b4c531a83bf369ba2438d41f72a6a8951e270e504ab3b
vic_lc_2014,western-metropolitan-region,Western Metropolitan Region,"JAYASURIYA, Dinesh",AUSTRALIAN GREENS,284,435633,72606,https://itsitecoreblobvecprd01.blob.core.windows.net/public-files/historical-results/state2014/westernmetropolitanregion.html,5cfd31ee5be8a02c8f0b4c531a83bf369ba2438d41f72a6a8951e270e504ab3b
vic_lc_2014,western-metropolitan-region,Western Metropolitan Region,"LONG, Sam",AUSTRALIAN GREENS,366,435633,72606,https://itsitecoreblobvecprd01.blob.core.windows.net/public-files/historical-results/state2014/westernmetropolitanregion.html,5cfd31ee5be8a02c8f0b4c531a83bf369ba2438d41f72a6a8951e270e504ab3b
vic_lc_2014,western-metropolitan-region,Western Metropolitan Region,"MARSDEN, Jonathon",AUSTRALIAN GREENS,625,435633,72606,https://itsitecoreblobvecprd01.blob.core.windows.net/public-files/historical-results/state2014/westernmetropolitanregion.html,5cfd31ee5be8a02c8f0b4c531a83bf369ba2438d41f72a6a8951e270e504ab3b
vic_lc_2014,western-metropolitan-region,Western Metropolitan Region,"CREANEY, Jerry",PEOPLE POWER VICTORIA/NO SMART METERS,1613,435633,72606,https://itsitecoreblobvecprd01.blob.core.windows.net/public-files/historical-results/state2014/westernmetropolitanregion.html,5cfd31ee5be8a02c8f0b4c531a83bf369ba2438d41f72a6a8951e270e504ab3b
vic_lc_2014,western-metropolitan-region,Western Metropolitan Region,"CARUSO, Chez",PEOPLE POWER VICTORIA/NO SMART METERS,47,435633,72606,https://itsitecoreblobvecprd01.blob.core.windows.net/public-files/historical-results/state2014/westernmetropolitanregion.html,5cfd31ee5be8a02c8f0b4c531a83bf369ba2438d41f72a6a8951e270e504ab3b
vic_lc_2014,western-metropolitan-region,Western Metropolitan Region,"VINOKUROV, Zeev",LIBERAL DEMOCRATS,23927,435633,72606,https://itsitecoreblobvecprd01.blob.core.windows.net/public-files/historical-results/state2014/westernmetropolitanregion.html,5cfd31ee5be8a02c8f0b4c531a83bf369ba2438d41f72a6a8951e270e504ab3b
vic_lc_2014,western-metropolitan-region,Western Metropolitan Region,"SPENCER, Joel",LIBERAL DEMOCRATS,153,435633,72606,https://itsitecoreblobvecprd01.blob.core.windows.net/public-files/historical-results/state2014/westernmetropolitanregion.html,5cfd31ee5be8a02c8f0b4c531a83bf369ba2438d41f72a6a8951e270e504ab3b
vic_lc_2014,western-metropolitan-region,Western Metropolitan Region,"AHMED, Berhan",VOICE FOR THE WEST,7383,435633,72606,https://itsitecoreblobvecprd01.blob.core.windows.net/public-files/historical-results/state2014/westernmetropolitanregion.html,5cfd31ee5be8a02c8f0b4c531a83bf369ba2438d41f72a6a8951e270e504ab3b
vic_lc_2014,western-metropolitan-region,Western Metropolitan Region,"GEORGIOU, Kylie",VOICE FOR THE WEST,226,435633,72606,https://itsitecoreblobvecprd01.blob.core.windows.net/public-files/historical-results/state2014/westernmetropolitanregion.html,5cfd31ee5be8a02c8f0b4c531a83bf369ba2438d41f72a6a8951e270e504ab3b
vic_lc_2014,western-metropolitan-region,Western Metropolitan Region,"TURNER, John",VOICE FOR THE WEST,148,435633,72606,https://itsitecoreblobvecprd01.blob.core.windows.net/public-files/historical-results/state2014/westernmetropolitanregion.html,5cfd31ee5be8a02c8f0b4c531a83bf369ba2438d41f72a6a8951e270e504ab3b
vic_lc_2014,western-metropolitan-region,Western Metropolitan Region,"DANCE, Trevor",PALMER UNITED PARTY,9507,435633,72606,https://itsitecoreblobvecprd01.blob.core.windows.net/public-files/historical-results/state2014/westernmetropolitanregion.html,5cfd31ee5be8a02c8f0b4c531a83bf369ba2438d41f72a6a8951e270e504ab3b
vic_lc_2014,western-metropolitan-region,Western Metropolitan Region,"HABERECHT, Peter",PALMER UNITED PARTY,122,435633,72606,https://itsitecoreblobvecprd01.blob.core.windows.net/public-files/historical-results/state2014/westernmetropolitanregion.html,5cfd31ee5be8a02c8f0b4c531a83bf369ba2438d41f72a6a8951e270e504ab3b
vic_lc_2014,western-metropolitan-region,Western Metropolitan Region,"CARUSO, Ben",AUSTRALIAN COUNTRY ALLIANCE,768,435633,72606,https://itsitecoreblobvecprd01.blob.core.windows.net/public-files/historical-results/state2014/westernmetropolitanregion.html,5cfd31ee5be8a02c8f0b4c531a83bf369ba2438d41f72a6a8951e270e504ab3b
vic_lc_2014,western-metropolitan-region,Western Metropolitan Region,"HEPNER, Andrew",AUSTRALIAN COUNTRY ALLIANCE,49,435633,72606,https://itsitecoreblobvecprd01.blob.core.windows.net/public-files/historical-results/state2014/westernmetropolitanregion.html,5cfd31ee5be8a02c8f0b4c531a83bf369ba2438d41f72a6a8951e270e504ab3b
vic_lc_2014,western-metropolitan-region,Western Metropolitan Region,"ROGERS, Geoff",AUSTRALIAN CHRISTIANS,5879,435633,72606,https://itsitecoreblobvecprd01.blob.core.windows.net/public-files/historical-results/state2014/westernmetropolitanregion.html,5cfd31ee5be8a02c8f0b4c531a83bf369ba2438d41f72a6a8951e270e504ab3b
vic_lc_2014,western-metropolitan-region,Western Metropolitan Region,"JAMES, Kirsten",AUSTRALIAN CHRISTIANS,94,435633,72606,https://itsitecoreblobvecprd01.blob.core.windows.net/public-files/historical-results/state2014/westernmetropolitanregion.html,5cfd31ee5be8a02c8f0b4c531a83bf369ba2438d41f72a6a8951e270e504ab3b
vic_lc_2014,western-metropolitan-region,Western Metropolitan Region,"MELHEM, Cesar",AUSTRALIAN LABOR PARTY,189454,435633,72606,https://itsitecoreblobvecprd01.blob.core.windows.net/public-files/historical-results/state2014/westernmetropolitanregion.html,5cfd31ee5be8a02c8f0b4c531a83bf369ba2438d41f72a6a8951e270e504ab3b
vic_lc_2014,western-metropolitan-region,Western Metropolitan Region,"EIDEH, Khalil",AUSTRALIAN LABOR PARTY,408,435633,72606,https://itsitecoreblobvecprd01.blob.core.windows.net/public-files/historical-results/state2014/westernmetropolitanregion.html,5cfd31ee5be8a02c8f0b4c531a83bf369ba2438d41f72a6a8951e270e504ab3b
vic_lc_2014,western-metropolitan-region,Western Metropolitan Region,"CHIANG, Stanley",AUSTRALIAN LABOR PARTY,501,435633,72606,https://itsitecoreblobvecprd01.blob.core.windows.net/public-files/historical-results/state2014/westernmetropolitanregion.html,5cfd31ee5be8a02c8f0b4c531a83bf369ba2438d41f72a6a8951e270e504ab3b
vic_lc_2014,western-metropolitan-region,Western Metropolitan Region,"SEITZ, George Andreas",AUSTRALIAN LABOR PARTY,499,435633,72606,https://itsitecoreblobvecprd01.blob.core.windows.net/public-files/historical-results/state2014/westernmetropolitanregion.html,5cfd31ee5be8a02c8f0b4c531a83bf369ba2438d41f72a6a8951e270e504ab3b
vic_lc_2014,western-metropolitan-region,Western Metropolitan Region,"PSAILA, Kirsten",AUSTRALIAN LABOR PARTY,745,435633,72606,https://itsitecoreblobvecprd01.blob.core.windows.net/public-files/historical-results/state2014/westernmetropolitanregion.html,5cfd31ee5be8a02c8f0b4c531a83bf369ba2438d41f72a6a8951e270e504ab3b
vic_lc_2014,western-metropolitan-region,Western Metropolitan Region,"REINTHALER, Frank",AUSTRALIAN CYCLISTS PARTY,3238,435633,72606,https://itsitecoreblobvecprd01.blob.core.windows.net/public-files/historical-results/state2014/westernmetropolitanregion.html,5cfd31ee5be8a02c8f0b4c531a83bf369ba2438d41f72a6a8951e270e504ab3b
vic_lc_2014,western-metropolitan-region,Western Metropolitan Region,"O'KEEFE, Nick",AUSTRALIAN CYCLISTS PARTY,108,435633,72606,https://itsitecoreblobvecprd01.blob.core.windows.net/public-files/historical-results/state2014/westernmetropolitanregion.html,5cfd31ee5be8a02c8f0b4c531a83bf369ba2438d41f72a6a8951e270e504ab3b
vic_lc_2014,western-metropolitan-region,Western Metropolitan Region,"NASH, Vicki",SEX PARTY,11584,435633,72606,https://itsitecoreblobvecprd01.blob.core.windows.net/public-files/historical-results/state2014/westernmetropolitanregion.html,5cfd31ee5be8a02c8f0b4c531a83bf369ba2438d41f72a6a8951e270e504ab3b
vic_lc_2014,western-metropolitan-region,Western Metropolitan Region,"TRAJSTMAN, Adrian",SEX PARTY,190,435633,72606,https://itsitecoreblobvecprd01.blob.core.windows.net/public-files/historical-results/state2014/westernmetropolitanregion.html,5cfd31ee5be8a02c8f0b4c531a83bf369ba2438d41f72a6a8951e270e504ab3b
vic_lc_2014,western-metropolitan-region,Western Metropolitan Region,"TAYLOR, Roy",ANIMAL JUSTICE PARTY,6511,435633,72606,https://itsitecoreblobvecprd01.blob.core.windows.net/public-files/historical-results/state2014/westernmetropolitanregion.html,5cfd31ee5be8a02c8f0b4c531a83bf369ba2438d41f72a6a8951e270e504ab3b
vic_lc_2014,western-metropolitan-region,Western Metropolitan Region,"LEITH, Douglas",ANIMAL JUSTICE PARTY,109,435633,72606,https://itsitecoreblobvecprd01.blob.core.windows.net/public-files/historical-results/state2014/westernmetropolitanregion.html,5cfd31ee5be8a02c8f0b4c531a83bf369ba2438d41f72a6a8951e270e504ab3b
vic_lc_2014,western-metropolitan-region,Western Metropolitan Region,"CALDER, Jaxon",FAMILY FIRST,6304,435633,72606,https://itsitecoreblobvecprd01.blob.core.windows.net/public-files/historical-results/state2014/westernmetropolitanregion.html,5cfd31ee5be8a02c8f0b4c531a83bf369ba2438d41f72a6a8951e270e504ab3b
vic_lc_2014,western-metropolitan-region,Western Metropolitan Region,"FILLIPONI, Rebecca",FAMILY FIRST,51,435633,72606,https://itsitecoreblobvecprd01.blob.core.windows.net/public-files/historical-results/state2014/westernmetropolitanregion.html,5cfd31ee5be8a02c8f0b4c531a83bf369ba2438d41f72a6a8951e270e504ab3b
vic_lc_2014,western-metropolitan-region,Western Metropolitan Region,"FINN, Bernie",LIBERAL,101317,435633,72606,https://itsitecoreblobvecprd01.blob.core.windows.net/public-files/historical-results/state2014/westernmetropolitanregion.html,5cfd31ee5be8a02c8f0b4c531a83bf369ba2438d41f72a6a8951e270e504ab3b
vic_lc_2014,western-metropolitan-region,Western Metropolitan Region,"ELSBURY, Andrew",LIBERAL,580,435633,72606,https://itsitecoreblobvecprd01.blob.core.windows.net/public-files/historical-results/state2014/westernmetropolitanregion.html,5cfd31ee5be8a02c8f0b4c531a83bf369ba2438d41f72a6a8951e270e504ab3b
vic_lc_2014,western-metropolitan-region,Western Metropolitan Region,"TRAN, David",LIBERAL,321,435633,72606,https://itsitecoreblobvecprd01.blob.core.windows.net/public-files/historical-results/state2014/westernmetropolitanregion.html,5cfd31ee5be8a02c8f0b4c531a83bf369ba2438d41f72a6a8951e270e504ab3b
vic_lc_2014,western-metropolitan-region,Western Metropolitan Region,"MURPHY, Gayle",LIBERAL,305,435633,72606,https://itsitecoreblobvecprd01.blob.core.windows.net/public-files/historical-results/state2014/westernmetropolitanregion.html,5cfd31ee5be8a02c8f0b4c531a83bf369ba2438d41f72a6a8951e270e504ab3b
vic_lc_2014,western-metropolitan-region,Western Metropolitan Region,"MARR, Cassandra",LIBERAL,158,435633,72606,https://itsitecoreblobvecprd01.blob.core.windows.net/public-files/historical-results/state2014/westernmetropolitanregion.html,5cfd31ee5be8a02c8f0b4c531a83bf369ba2438d41f72a6a8951e270e504ab3b
vic_lc_2014,western-metropolitan-region,Western Metropolitan Region,"WILSON, Jake",SHOOTERS AND FISHERS PARTY VICTORIA,5357,435633,72606,https://itsitecoreblobvecprd01.blob.core.windows.net/public-files/historical-results/state2014/westernmetropolitanregion.html,5cfd31ee5be8a02c8f0b4c531a83bf369ba2438d41f72a6a8951e270e504ab3b
vic_lc_2014,western-metropolitan-region,Western Metropolitan Region,"CARSTEIN, Trevor",SHOOTERS AND FISHERS PARTY VICTORIA,49,435633,72606,https://itsitecoreblobvecprd01.blob.core.windows.net/public-files/historical-results/state2014/westernmetropolitanregion.html,5cfd31ee5be8a02c8f0b4c531a83bf369ba2438d41f72a6a8951e270e504ab3b
vic_lc_2014,western-metropolitan-region,Western Metropolitan Region,"CARLING-JENKINS, Rachel",DEMOCRATIC LABOUR PARTY (DLP),11048,435633,72606,https://itsitecoreblobvecprd01.blob.core.windows.net/public-files/historical-results/state2014/westernmetropolitanregion.html,5cfd31ee5be8a02c8f0b4c531a83bf369ba2438d41f72a6a8951e270e504ab3b
vic_lc_2014,western-metropolitan-region,Western Metropolitan Region,"FREEMAN, Michael",DEMOCRATIC LABOUR PARTY (DLP),135,435633,72606,https://itsitecoreblobvecprd01.blob.core.windows.net/public-files/historical-results/state2014/westernmetropolitanregion.html,5cfd31ee5be8a02c8f0b4c531a83bf369ba2438d41f72a6a8951e270e504ab3b
vic_lc_2014,western-metropolitan-region,Western Metropolitan Region,"TRUSCOTT, Jeff",RISE UP AUSTRALIA PARTY,1727,435633,72606,https://itsitecoreblobvecprd01.blob.core.windows.net/public-files/historical-results/state2014/westernmetropolitanregion.html,5cfd31ee5be8a02c8f0b4c531a83bf369ba2438d41f72a6a8951e270e504ab3b
vic_lc_2014,western-metropolitan-region,Western Metropolitan Region,"ROZARIO, Charles",RISE UP AUSTRALIA PARTY,27,435633,72606,https://itsitecoreblobvecprd01.blob.core.windows.net/public-files/historical-results/state2014/westernmetropolitanregion.html,5cfd31ee5be8a02c8f0b4c531a83bf369ba2438d41f72a6a8951e270e504ab3b
vic_lc_2014,western-victoria-region,Western Victoria Region,"THOOLEN, Catriona",PALMER UNITED PARTY,11391,437637,72940,https://itsitecoreblobvecprd01.blob.core.windows.net/public-files/historical-results/state2014/westernvictoriaregion.html,0bf780545c27ebb49f6debe62f5bb361bf257053f8de6eda8d7a19226eae1337
vic_lc_2014,western-victoria-region,Western Victoria Region,"MURPHY, Gerard",PALMER UNITED PARTY,194,437637,72940,https://itsitecoreblobvecprd01.blob.core.windows.net/public-files/historical-results/state2014/westernvictoriaregion.html,0bf780545c27ebb49f6debe62f5bb361bf257053f8de6eda8d7a19226eae1337
vic_lc_2014,western-victoria-region,Western Victoria Region,"HICKEY, Cameron",PALMER UNITED PARTY,119,437637,72940,https://itsitecoreblobvecprd01.blob.core.windows.net/public-files/historical-results/state2014/westernvictoriaregion.html,0bf780545c27ebb49f6debe62f5bb361bf257053f8de6eda8d7a19226eae1337
vic_lc_2014,western-victoria-region,Western Victoria Region,"NEWTON, Barry",FAMILY FIRST,8388,437637,72940,https://itsitecoreblobvecprd01.blob.core.windows.net/public-files/historical-results/state2014/westernvictoriaregion.html,0bf780545c27ebb49f6debe62f5bb361bf257053f8de6eda8d7a19226eae1337
vic_lc_2014,western-victoria-region,Western Victoria Region,"GEBBING, Julie",FAMILY FIRST,125,437637,72940,https://itsitecoreblobvecprd01.blob.core.windows.net/public-files/historical-results/state2014/westernvictoriaregion.html,0bf780545c27ebb49f6debe62f5bb361bf257053f8de6eda8d7a19226eae1337
vic_lc_2014,western-victoria-region,Western Victoria Region,"FRANCIS, Kathy",AUSTRALIAN CYCLISTS PARTY,1719,437637,72940,https://itsitecoreblobvecprd01.blob.core.windows.net/public-files/historical-results/state2014/westernvictoriaregion.html,0bf780545c27ebb49f6debe62f5bb361bf257053f8de6eda8d7a19226eae1337
vic_lc_2014,western-victoria-region,Western Victoria Region,"CHARLES, Colin",AUSTRALIAN CYCLISTS PARTY,43,437637,72940,https://itsitecoreblobvecprd01.blob.core.windows.net/public-files/historical-results/state2014/westernvictoriaregion.html,0bf780545c27ebb49f6debe62f5bb361bf257053f8de6eda8d7a19226eae1337
vic_lc_2014,western-victoria-region,Western Victoria Region,"THOMAS, Garry",VOICE FOR THE WEST,1299,437637,72940,https://itsitecoreblobvecprd01.blob.core.windows.net/public-files/historical-results/state2014/westernvictoriaregion.html,0bf780545c27ebb49f6debe62f5bb361bf257053f8de6eda8d7a19226eae1337
vic_lc_2014,western-victoria-region,Western Victoria Region,"CURRAN, Johanne",VOICE FOR THE WEST,39,437637,72940,https://itsitecoreblobvecprd01.blob.core.windows.net/public-files/historical-results/state2014/westernvictoriaregion.html,0bf780545c27ebb49f6debe62f5bb361bf257053f8de6eda8d7a19226eae1337
vic_lc_2014,western-victoria-region,Western Victoria Region,"KERR, Garry",AUSTRALIAN COUNTRY ALLIANCE,4266,437637,72940,https://itsitecoreblobvecprd01.blob.core.windows.net/public-files/historical-results/state2014/westernvictoriaregion.html,0bf780545c27ebb49f6debe62f5bb361bf257053f8de6eda8d7a19226eae1337
vic_lc_2014,western-victoria-region,Western Victoria Region,"HEATH, Ronald",AUSTRALIAN COUNTRY ALLIANCE,75,437637,72940,https://itsitecoreblobvecprd01.blob.core.windows.net/public-files/historical-results/state2014/westernvictoriaregion.html,0bf780545c27ebb49f6debe62f5bb361bf257053f8de6eda8d7a19226eae1337
vic_lc_2014,western-victoria-region,Western Victoria Region,"KEANE, Michael John",RISE UP AUSTRALIA PARTY,1449,437637,72940,https://itsitecoreblobvecprd01.blob.core.windows.net/public-files/historical-results/state2014/westernvictoriaregion.html,0bf780545c27ebb49f6debe62f5bb361bf257053f8de6eda8d7a19226eae1337
vic_lc_2014,western-victoria-region,Western Victoria Region,"JOHNSTON, Merle",RISE UP AUSTRALIA PARTY,32,437637,72940,https://itsitecoreblobvecprd01.blob.core.windows.net/public-files/historical-results/state2014/westernvictoriaregion.html,0bf780545c27ebb49f6debe62f5bb361bf257053f8de6eda8d7a19226eae1337
vic_lc_2014,western-victoria-region,Western Victoria Region,"MILLARD, Jayden",SEX PARTY,10828,437637,72940,https://itsitecoreblobvecprd01.blob.core.windows.net/public-files/historical-results/state2014/westernvictoriaregion.html,0bf780545c27ebb49f6debe62f5bb361bf257053f8de6eda8d7a19226eae1337
vic_lc_2014,western-victoria-region,Western Victoria Region,"LEITCH, Douglas",SEX PARTY,97,437637,72940,https://itsitecoreblobvecprd01.blob.core.windows.net/public-files/historical-results/state2014/westernvictoriaregion.html,0bf780545c27ebb49f6debe62f5bb361bf257053f8de6eda8d7a19226eae1337
vic_lc_2014,western-victoria-region,Western Victoria Region,"FOSTER, Anne",AUSTRALIAN CHRISTIANS,3668,437637,72940,https://itsitecoreblobvecprd01.blob.core.windows.net/public-files/historical-results/state2014/westernvictoriaregion.html,0bf780545c27ebb49f6debe62f5bb361bf257053f8de6eda8d7a19226eae1337
vic_lc_2014,western-victoria-region,Western Victoria Region,"van VEELEN, Leo",AUSTRALIAN CHRISTIANS,51,437637,72940,https://itsitecoreblobvecprd01.blob.core.windows.net/public-files/historical-results/state2014/westernvictoriaregion.html,0bf780545c27ebb49f6debe62f5bb361bf257053f8de6eda8d7a19226eae1337
vic_lc_2014,western-victoria-region,Western Victoria Region,"GLUYAS, Philip",PEOPLE POWER VICTORIA/NO SMART METERS,1631,437637,72940,https://itsitecoreblobvecprd01.blob.core.windows.net/public-files/historical-results/state2014/westernvictoriaregion.html,0bf780545c27ebb49f6debe62f5bb361bf257053f8de6eda8d7a19226eae1337
vic_lc_2014,western-victoria-region,Western Victoria Region,"BELL, Dianne",PEOPLE POWER VICTORIA/NO SMART METERS,56,437637,72940,https://itsitecoreblobvecprd01.blob.core.windows.net/public-files/historical-results/state2014/westernvictoriaregion.html,0bf780545c27ebb49f6debe62f5bb361bf257053f8de6eda8d7a19226eae1337
vic_lc_2014,western-victoria-region,Western Victoria Region,"RAMSAY, Simon",LIBERAL,160000,437637,72940,https://itsitecoreblobvecprd01.blob.core.windows.net/public-files/historical-results/state2014/westernvictoriaregion.html,0bf780545c27ebb49f6debe62f5bb361bf257053f8de6eda8d7a19226eae1337
vic_lc_2014,western-victoria-region,Western Victoria Region,"MORRIS, Josh",LIBERAL,600,437637,72940,https://itsitecoreblobvecprd01.blob.core.windows.net/public-files/historical-results/state2014/westernvictoriaregion.html,0bf780545c27ebb49f6debe62f5bb361bf257053f8de6eda8d7a19226eae1337
vic_lc_2014,western-victoria-region,Western Victoria Region,"O'BRIEN, David",THE NATIONALS,501,437637,72940,https://itsitecoreblobvecprd01.blob.core.windows.net/public-files/historical-results/state2014/westernvictoriaregion.html,0bf780545c27ebb49f6debe62f5bb361bf257053f8de6eda8d7a19226eae1337
vic_lc_2014,western-victoria-region,Western Victoria Region,"ALMEIDA REIS, Jennifer",LIBERAL,261,437637,72940,https://itsitecoreblobvecprd01.blob.core.windows.net/public-files/historical-results/state2014/westernvictoriaregion.html,0bf780545c27ebb49f6debe62f5bb361bf257053f8de6eda8d7a19226eae1337
vic_lc_2014,western-victoria-region,Western Victoria Region,"WINFIELD, Donna",THE NATIONALS,393,437637,72940,https://itsitecoreblobvecprd01.blob.core.windows.net/public-files/historical-results/state2014/westernvictoriaregion.html,0bf780545c27ebb49f6debe62f5bb361bf257053f8de6eda8d7a19226eae1337
vic_lc_2014,western-victoria-region,Western Victoria Region,"MEDDICK, Andy",ANIMAL JUSTICE PARTY,7216,437637,72940,https://itsitecoreblobvecprd01.blob.core.windows.net/public-files/historical-results/state2014/westernvictoriaregion.html,0bf780545c27ebb49f6debe62f5bb361bf257053f8de6eda8d7a19226eae1337
vic_lc_2014,western-victoria-region,Western Victoria Region,"GAMBLE, Jennifer",ANIMAL JUSTICE PARTY,130,437637,72940,https://itsitecoreblobvecprd01.blob.core.windows.net/public-files/historical-results/state2014/westernvictoriaregion.html,0bf780545c27ebb49f6debe62f5bb361bf257053f8de6eda8d7a19226eae1337
vic_lc_2014,western-victoria-region,Western Victoria Region,"THOMPSON, Mark",LIBERAL DEMOCRATS,11259,437637,72940,https://itsitecoreblobvecprd01.blob.core.windows.net/public-files/historical-results/state2014/westernvictoriaregion.html,0bf780545c27ebb49f6debe62f5bb361bf257053f8de6eda8d7a19226eae1337
vic_lc_2014,western-victoria-region,Western Victoria Region,"BEDDOE, Baydon",LIBERAL DEMOCRATS,62,437637,72940,https://itsitecoreblobvecprd01.blob.core.windows.net/public-files/historical-results/state2014/westernvictoriaregion.html,0bf780545c27ebb49f6debe62f5bb361bf257053f8de6eda8d7a19226eae1337
vic_lc_2014,western-victoria-region,Western Victoria Region,"BOURMAN, Nicole",SHOOTERS AND FISHERS PARTY VICTORIA,9924,437637,72940,https://itsitecoreblobvecprd01.blob.core.windows.net/public-files/historical-results/state2014/westernvictoriaregion.html,0bf780545c27ebb49f6debe62f5bb361bf257053f8de6eda8d7a19226eae1337
vic_lc_2014,western-victoria-region,Western Victoria Region,"WINTER, Megan",SHOOTERS AND FISHERS PARTY VICTORIA,104,437637,72940,https://itsitecoreblobvecprd01.blob.core.windows.net/public-files/historical-results/state2014/westernvictoriaregion.html,0bf780545c27ebb49f6debe62f5bb361bf257053f8de6eda8d7a19226eae1337
vic_lc_2014,western-victoria-region,Western Victoria Region,"PULFORD, Jaala",AUSTRALIAN LABOR PARTY,147214,437637,72940,https://itsitecoreblobvecprd01.blob.core.windows.net/public-files/historical-results/state2014/westernvictoriaregion.html,0bf780545c27ebb49f6debe62f5bb361bf257053f8de6eda8d7a19226eae1337
vic_lc_2014,western-victoria-region,Western Victoria Region,"TIERNEY, Gayle Anne",AUSTRALIAN LABOR PARTY,761,437637,72940,https://itsitecoreblobvecprd01.blob.core.windows.net/public-files/historical-results/state2014/westernvictoriaregion.html,0bf780545c27ebb49f6debe62f5bb361bf257053f8de6eda8d7a19226eae1337
vic_lc_2014,western-victoria-region,Western Victoria Region,"ERMACORA, Jacinta Anne",AUSTRALIAN LABOR PARTY,536,437637,72940,https://itsitecoreblobvecprd01.blob.core.windows.net/public-files/historical-results/state2014/westernvictoriaregion.html,0bf780545c27ebb49f6debe62f5bb361bf257053f8de6eda8d7a19226eae1337
vic_lc_2014,western-victoria-region,Western Victoria Region,"STEWART, John Galloway",AUSTRALIAN LABOR PARTY,250,437637,72940,https://itsitecoreblobvecprd01.blob.core.windows.net/public-files/historical-results/state2014/westernvictoriaregion.html,0bf780545c27ebb49f6debe62f5bb361bf257053f8de6eda8d7a19226eae1337
vic_lc_2014,western-victoria-region,Western Victoria Region,"EDWARDS, Dale",AUSTRALIAN LABOR PARTY,272,437637,72940,https://itsitecoreblobvecprd01.blob.core.windows.net/public-files/historical-results/state2014/westernvictoriaregion.html,0bf780545c27ebb49f6debe62f5bb361bf257053f8de6eda8d7a19226eae1337
vic_lc_2014,western-victoria-region,Western Victoria Region,"DAVIES, Lloyd",AUSTRALIAN GREENS,38905,437637,72940,https://itsitecoreblobvecprd01.blob.core.windows.net/public-files/historical-results/state2014/westernvictoriaregion.html,0bf780545c27ebb49f6debe62f5bb361bf257053f8de6eda8d7a19226eae1337
vic_lc_2014,western-victoria-region,Western Victoria Region,"CAMERON, Judy",AUSTRALIAN GREENS,350,437637,72940,https://itsitecoreblobvecprd01.blob.core.windows.net/public-files/historical-results/state2014/westernvictoriaregion.html,0bf780545c27ebb49f6debe62f5bb361bf257053f8de6eda8d7a19226eae1337
vic_lc_2014,western-victoria-region,Western Victoria Region,"ZIBELL, Linda",AUSTRALIAN GREENS,627,437637,72940,https://itsitecoreblobvecprd01.blob.core.windows.net/public-files/historical-results/state2014/westernvictoriaregion.html,0bf780545c27ebb49f6debe62f5bb361bf257053f8de6eda8d7a19226eae1337
vic_lc_2014,western-victoria-region,Western Victoria Region,"LANE, Ricky",AUSTRALIAN GREENS,150,437637,72940,https://itsitecoreblobvecprd01.blob.core.windows.net/public-files/historical-results/state2014/westernvictoriaregion.html,0bf780545c27ebb49f6debe62f5bb361bf257053f8de6eda8d7a19226eae1337
vic_lc_2014,western-victoria-region,Western Victoria Region,"PATERSON, Patchouly",AUSTRALIAN GREENS,203,437637,72940,https://itsitecoreblobvecprd01.blob.core.windows.net/public-files/historical-results/state2014/westernvictoriaregion.html,0bf780545c27ebb49f6debe62f5bb361bf257053f8de6eda8d7a19226eae1337
vic_lc_2014,western-victoria-region,Western Victoria Region,"FARRELL, Mark",DEMOCRATIC LABOUR PARTY (DLP),6666,437637,72940,https://itsitecoreblobvecprd01.blob.core.windows.net/public-files/historical-results/state2014/westernvictoriaregion.html,0bf780545c27ebb49f6debe62f5bb361bf257053f8de6eda8d7a19226eae1337
vic_lc_2014,western-victoria-region,Western Victoria Region,"SCHILL, Joanne",DEMOCRATIC LABOUR PARTY (DLP),28,437637,72940,https://itsitecoreblobvecprd01.blob.core.windows.net/public-files/historical-results/state2014/westernvictoriaregion.html,0bf780545c27ebb49f6debe62f5bb361bf257053f8de6eda8d7a19226eae1337
vic_lc_2014,western-victoria-region,Western Victoria Region,"PURCELL, James",VOTE 1 LOCAL JOBS,5501,437637,72940,https://itsitecoreblobvecprd01.blob.core.windows.net/public-files/historical-results/state2014/westernvictoriaregion.html,0bf780545c27ebb49f6debe62f5bb361bf257053f8de6eda8d7a19226eae1337
vic_lc_2014,western-victoria-region,Western Victoria Region,"WATERSON, Tanya",VOTE 1 LOCAL JOBS,120,437637,72940,https://itsitecoreblobvecprd01.blob.core.windows.net/public-files/historical-results/state2014/westernvictoriaregion.html,0bf780545c27ebb49f6debe62f5bb361bf257053f8de6eda8d7a19226eae1337
vic_lc_2014,western-victoria-region,Western Victoria Region,"MANNION, Gary",,134,437637,72940,https://itsitecoreblobvecprd01.blob.core.windows.net/public-files/historical-results/state2014/westernvictoriaregion.html,0bf780545c27ebb49f6debe62f5bb361bf257053f8de6eda8d7a19226eae1337
