election_id,district_name,district_id,source_page,source_url,source_sha256,candidate_order,candidate_name,party_raw,independent_status,party_family,first_preference_votes,formal_votes,district_reconciled
vic_la_2010,Albert Park,albert-park,153,https://www.vec.vic.gov.au/-/media/08680c0035b34af4b6ea2074edc763a4.pdf,be2dbabd5735ff7128fa9ac5ab3e05e99d41c3d7a4502d33959b7c3464da7567,1,"BLAKEY, Katie",SEX PARTY,False,Other/Independent,1404,39790,True
vic_la_2010,Albert Park,albert-park,153,https://www.vec.vic.gov.au/-/media/08680c0035b34af4b6ea2074edc763a4.pdf,be2dbabd5735ff7128fa9ac5ab3e05e99d41c3d7a4502d33959b7c3464da7567,2,"FOLEY, Martin",AUSTRALIAN LABOR PARTY,False,ALP,12012,39790,True
vic_la_2010,Albert Park,albert-park,153,https://www.vec.vic.gov.au/-/media/08680c0035b34af4b6ea2074edc763a4.pdf,be2dbabd5735ff7128fa9ac5ab3e05e99d41c3d7a4502d33959b7c3464da7567,3,"LOPEZ, Mark",LIBERAL,False,Coalition,15234,39790,True
vic_la_2010,Albert Park,albert-park,153,https://www.vec.vic.gov.au/-/media/08680c0035b34af4b6ea2074edc763a4.pdf,be2dbabd5735ff7128fa9ac5ab3e05e99d41c3d7a4502d33959b7c3464da7567,4,"YOUNG, Josie",FAMILY FIRST,False,Other/Independent,303,39790,True
vic_la_2010,Albert Park,albert-park,153,https://www.vec.vic.gov.au/-/media/08680c0035b34af4b6ea2074edc763a4.pdf,be2dbabd5735ff7128fa9ac5ab3e05e99d41c3d7a4502d33959b7c3464da7567,5,"THOMANN, Serge",,True,Other/Independent,3619,39790,True
vic_la_2010,Albert Park,albert-park,153,https://www.vec.vic.gov.au/-/media/08680c0035b34af4b6ea2074edc763a4.pdf,be2dbabd5735ff7128fa9ac5ab3e05e99d41c3d7a4502d33959b7c3464da7567,6,"BIRRELL, Ann",AUSTRALIAN GREENS,False,Greens,7218,39790,True
vic_la_2010,Altona,altona,156,https://www.vec.vic.gov.au/-/media/08680c0035b34af4b6ea2074edc763a4.pdf,be2dbabd5735ff7128fa9ac5ab3e05e99d41c3d7a4502d33959b7c3464da7567,1,"NAIN, Brijender",,True,Other/Independent,991,44987,True
vic_la_2010,Altona,altona,156,https://www.vec.vic.gov.au/-/media/08680c0035b34af4b6ea2074edc763a4.pdf,be2dbabd5735ff7128fa9ac5ab3e05e99d41c3d7a4502d33959b7c3464da7567,2,"HENNESSY, Jill",AUSTRALIAN LABOR PARTY,False,ALP,22954,44987,True
vic_la_2010,Altona,altona,156,https://www.vec.vic.gov.au/-/media/08680c0035b34af4b6ea2074edc763a4.pdf,be2dbabd5735ff7128fa9ac5ab3e05e99d41c3d7a4502d33959b7c3464da7567,3,"STRANGWARD, David",AUSTRALIAN GREENS,False,Greens,4516,44987,True
vic_la_2010,Altona,altona,156,https://www.vec.vic.gov.au/-/media/08680c0035b34af4b6ea2074edc763a4.pdf,be2dbabd5735ff7128fa9ac5ab3e05e99d41c3d7a4502d33959b7c3464da7567,4,"ROSE, Mark",LIBERAL,False,Coalition,14944,44987,True
vic_la_2010,Altona,altona,156,https://www.vec.vic.gov.au/-/media/08680c0035b34af4b6ea2074edc763a4.pdf,be2dbabd5735ff7128fa9ac5ab3e05e99d41c3d7a4502d33959b7c3464da7567,5,"MUMBY, Elizabeth",FAMILY FIRST,False,Other/Independent,1582,44987,True
vic_la_2010,Ballarat East,ballarat-east,158,https://www.vec.vic.gov.au/-/media/08680c0035b34af4b6ea2074edc763a4.pdf,be2dbabd5735ff7128fa9ac5ab3e05e99d41c3d7a4502d33959b7c3464da7567,1,"ZIBELL, Linda",AUSTRALIAN GREENS,False,Greens,5363,36306,True
vic_la_2010,Ballarat East,ballarat-east,158,https://www.vec.vic.gov.au/-/media/08680c0035b34af4b6ea2074edc763a4.pdf,be2dbabd5735ff7128fa9ac5ab3e05e99d41c3d7a4502d33959b7c3464da7567,2,"TAYLOR, Ben",LIBERAL,False,Coalition,15758,36306,True
vic_la_2010,Ballarat East,ballarat-east,158,https://www.vec.vic.gov.au/-/media/08680c0035b34af4b6ea2074edc763a4.pdf,be2dbabd5735ff7128fa9ac5ab3e05e99d41c3d7a4502d33959b7c3464da7567,3,"HOWARD, Geoff",AUSTRALIAN LABOR PARTY,False,ALP,14076,36306,True
vic_la_2010,Ballarat East,ballarat-east,158,https://www.vec.vic.gov.au/-/media/08680c0035b34af4b6ea2074edc763a4.pdf,be2dbabd5735ff7128fa9ac5ab3e05e99d41c3d7a4502d33959b7c3464da7567,4,"GREVILLE, Gary",FAMILY FIRST,False,Other/Independent,1109,36306,True
vic_la_2010,Ballarat West,ballarat-west,161,https://www.vec.vic.gov.au/-/media/08680c0035b34af4b6ea2074edc763a4.pdf,be2dbabd5735ff7128fa9ac5ab3e05e99d41c3d7a4502d33959b7c3464da7567,1,"DWYER, Leon",AUSTRALIAN GREENS,False,Greens,3876,39517,True
vic_la_2010,Ballarat West,ballarat-west,161,https://www.vec.vic.gov.au/-/media/08680c0035b34af4b6ea2074edc763a4.pdf,be2dbabd5735ff7128fa9ac5ab3e05e99d41c3d7a4502d33959b7c3464da7567,2,"COLTMAN,",LIBERAL,False,Coalition,17230,39517,True
vic_la_2010,Ballarat West,ballarat-west,161,https://www.vec.vic.gov.au/-/media/08680c0035b34af4b6ea2074edc763a4.pdf,be2dbabd5735ff7128fa9ac5ab3e05e99d41c3d7a4502d33959b7c3464da7567,3,"KNIGHT, Sharon Craig",AUSTRALIAN LABOR PARTY,False,ALP,16446,39517,True
vic_la_2010,Ballarat West,ballarat-west,161,https://www.vec.vic.gov.au/-/media/08680c0035b34af4b6ea2074edc763a4.pdf,be2dbabd5735ff7128fa9ac5ab3e05e99d41c3d7a4502d33959b7c3464da7567,4,"WESLEY, Carl",COUNTRY ALLIANCE,False,Other/Independent,681,39517,True
vic_la_2010,Ballarat West,ballarat-west,161,https://www.vec.vic.gov.au/-/media/08680c0035b34af4b6ea2074edc763a4.pdf,be2dbabd5735ff7128fa9ac5ab3e05e99d41c3d7a4502d33959b7c3464da7567,5,"BUTTERFIELD, Dale",FAMILY FIRST,False,Other/Independent,1284,39517,True
vic_la_2010,Bass,bass,164,https://www.vec.vic.gov.au/-/media/08680c0035b34af4b6ea2074edc763a4.pdf,be2dbabd5735ff7128fa9ac5ab3e05e99d41c3d7a4502d33959b7c3464da7567,1,"LONERGAN, Gerry",AUSTRALIAN LABOR PARTY,False,ALP,12962,44451,True
vic_la_2010,Bass,bass,164,https://www.vec.vic.gov.au/-/media/08680c0035b34af4b6ea2074edc763a4.pdf,be2dbabd5735ff7128fa9ac5ab3e05e99d41c3d7a4502d33959b7c3464da7567,2,"SMITH, Ken",LIBERAL,False,Coalition,25098,44451,True
vic_la_2010,Bass,bass,164,https://www.vec.vic.gov.au/-/media/08680c0035b34af4b6ea2074edc763a4.pdf,be2dbabd5735ff7128fa9ac5ab3e05e99d41c3d7a4502d33959b7c3464da7567,3,"RANKINE, Neil",AUSTRALIAN GREENS,False,Greens,4845,44451,True
vic_la_2010,Bass,bass,164,https://www.vec.vic.gov.au/-/media/08680c0035b34af4b6ea2074edc763a4.pdf,be2dbabd5735ff7128fa9ac5ab3e05e99d41c3d7a4502d33959b7c3464da7567,4,"ROGERS, Bruce",COUNTRY ALLIANCE,False,Other/Independent,1546,44451,True
vic_la_2010,Bayswater,bayswater,166,https://www.vec.vic.gov.au/-/media/08680c0035b34af4b6ea2074edc763a4.pdf,be2dbabd5735ff7128fa9ac5ab3e05e99d41c3d7a4502d33959b7c3464da7567,1,"STRATIS, Sotiria",SEX PARTY,False,Other/Independent,1256,33293,True
vic_la_2010,Bayswater,bayswater,166,https://www.vec.vic.gov.au/-/media/08680c0035b34af4b6ea2074edc763a4.pdf,be2dbabd5735ff7128fa9ac5ab3e05e99d41c3d7a4502d33959b7c3464da7567,2,"PRENDERGAST, Ronald",D.L.P. - DEMOCRATIC LABOR PARTY,False,Other/Independent,456,33293,True
vic_la_2010,Bayswater,bayswater,166,https://www.vec.vic.gov.au/-/media/08680c0035b34af4b6ea2074edc763a4.pdf,be2dbabd5735ff7128fa9ac5ab3e05e99d41c3d7a4502d33959b7c3464da7567,3,"TENNANT, James Ludolf",AUSTRALIAN GREENS,False,Greens,2873,33293,True
vic_la_2010,Bayswater,bayswater,166,https://www.vec.vic.gov.au/-/media/08680c0035b34af4b6ea2074edc763a4.pdf,be2dbabd5735ff7128fa9ac5ab3e05e99d41c3d7a4502d33959b7c3464da7567,4,"COOMBES, Gary",FAMILY FIRST,False,Other/Independent,973,33293,True
vic_la_2010,Bayswater,bayswater,166,https://www.vec.vic.gov.au/-/media/08680c0035b34af4b6ea2074edc763a4.pdf,be2dbabd5735ff7128fa9ac5ab3e05e99d41c3d7a4502d33959b7c3464da7567,5,"VICTORIA, Heidi",LIBERAL,False,Coalition,17597,33293,True
vic_la_2010,Bayswater,bayswater,166,https://www.vec.vic.gov.au/-/media/08680c0035b34af4b6ea2074edc763a4.pdf,be2dbabd5735ff7128fa9ac5ab3e05e99d41c3d7a4502d33959b7c3464da7567,6,"LOCKWOOD, Peter",AUSTRALIAN LABOR PARTY,False,ALP,10138,33293,True
vic_la_2010,Bellarine,bellarine,168,https://www.vec.vic.gov.au/-/media/08680c0035b34af4b6ea2074edc763a4.pdf,be2dbabd5735ff7128fa9ac5ab3e05e99d41c3d7a4502d33959b7c3464da7567,1,"CLAPINSKI, Klaus",D.L.P. - DEMOCRATIC LABOR PARTY,False,Other/Independent,831,39811,True
vic_la_2010,Bellarine,bellarine,168,https://www.vec.vic.gov.au/-/media/08680c0035b34af4b6ea2074edc763a4.pdf,be2dbabd5735ff7128fa9ac5ab3e05e99d41c3d7a4502d33959b7c3464da7567,2,"DUFF, Lara",FAMILY FIRST,False,Other/Independent,944,39811,True
vic_la_2010,Bellarine,bellarine,168,https://www.vec.vic.gov.au/-/media/08680c0035b34af4b6ea2074edc763a4.pdf,be2dbabd5735ff7128fa9ac5ab3e05e99d41c3d7a4502d33959b7c3464da7567,3,"NEVILLE, Lisa",AUSTRALIAN LABOR PARTY,False,ALP,16324,39811,True
vic_la_2010,Bellarine,bellarine,168,https://www.vec.vic.gov.au/-/media/08680c0035b34af4b6ea2074edc763a4.pdf,be2dbabd5735ff7128fa9ac5ab3e05e99d41c3d7a4502d33959b7c3464da7567,4,"JUHASZ, Stephen",,True,Other/Independent,510,39811,True
vic_la_2010,Bellarine,bellarine,168,https://www.vec.vic.gov.au/-/media/08680c0035b34af4b6ea2074edc763a4.pdf,be2dbabd5735ff7128fa9ac5ab3e05e99d41c3d7a4502d33959b7c3464da7567,5,"BALDACCHINO, Judy",AUSTRALIAN GREENS,False,Greens,3123,39811,True
vic_la_2010,Bellarine,bellarine,168,https://www.vec.vic.gov.au/-/media/08680c0035b34af4b6ea2074edc763a4.pdf,be2dbabd5735ff7128fa9ac5ab3e05e99d41c3d7a4502d33959b7c3464da7567,6,"CHERRY, Mitch",SOCIALIST ALLIANCE,False,Other/Independent,274,39811,True
vic_la_2010,Bellarine,bellarine,168,https://www.vec.vic.gov.au/-/media/08680c0035b34af4b6ea2074edc763a4.pdf,be2dbabd5735ff7128fa9ac5ab3e05e99d41c3d7a4502d33959b7c3464da7567,7,"REITER, Kurt",LIBERAL,False,Coalition,17140,39811,True
vic_la_2010,Bellarine,bellarine,168,https://www.vec.vic.gov.au/-/media/08680c0035b34af4b6ea2074edc763a4.pdf,be2dbabd5735ff7128fa9ac5ab3e05e99d41c3d7a4502d33959b7c3464da7567,8,"McCALLUM, Nick",COUNTRY ALLIANCE,False,Other/Independent,665,39811,True
vic_la_2010,Benalla,benalla,171,https://www.vec.vic.gov.au/-/media/08680c0035b34af4b6ea2074edc763a4.pdf,be2dbabd5735ff7128fa9ac5ab3e05e99d41c3d7a4502d33959b7c3464da7567,1,"CORDNER HUNT, Kammy",AUSTRALIAN GREENS,False,Greens,2756,33302,True
vic_la_2010,Benalla,benalla,171,https://www.vec.vic.gov.au/-/media/08680c0035b34af4b6ea2074edc763a4.pdf,be2dbabd5735ff7128fa9ac5ab3e05e99d41c3d7a4502d33959b7c3464da7567,2,"HUNT, Rochelle",COUNTRY ALLIANCE,False,Other/Independent,2546,33302,True
vic_la_2010,Benalla,benalla,171,https://www.vec.vic.gov.au/-/media/08680c0035b34af4b6ea2074edc763a4.pdf,be2dbabd5735ff7128fa9ac5ab3e05e99d41c3d7a4502d33959b7c3464da7567,3,"ALLEN, Rowena",AUSTRALIAN LABOR PARTY,False,ALP,6124,33302,True
vic_la_2010,Benalla,benalla,171,https://www.vec.vic.gov.au/-/media/08680c0035b34af4b6ea2074edc763a4.pdf,be2dbabd5735ff7128fa9ac5ab3e05e99d41c3d7a4502d33959b7c3464da7567,4,"WILLIAMS, Nicholas",,True,Other/Independent,804,33302,True
vic_la_2010,Benalla,benalla,171,https://www.vec.vic.gov.au/-/media/08680c0035b34af4b6ea2074edc763a4.pdf,be2dbabd5735ff7128fa9ac5ab3e05e99d41c3d7a4502d33959b7c3464da7567,5,"SYKES, Bill",THE NATIONALS,False,Coalition,21072,33302,True
vic_la_2010,Benambra,benambra,173,https://www.vec.vic.gov.au/-/media/08680c0035b34af4b6ea2074edc763a4.pdf,be2dbabd5735ff7128fa9ac5ab3e05e99d41c3d7a4502d33959b7c3464da7567,1,"O'CONNOR, Jennifer",AUSTRALIAN GREENS,False,Greens,3658,32985,True
vic_la_2010,Benambra,benambra,173,https://www.vec.vic.gov.au/-/media/08680c0035b34af4b6ea2074edc763a4.pdf,be2dbabd5735ff7128fa9ac5ab3e05e99d41c3d7a4502d33959b7c3464da7567,2,"TILLEY, Bill",LIBERAL,False,Coalition,18424,32985,True
vic_la_2010,Benambra,benambra,173,https://www.vec.vic.gov.au/-/media/08680c0035b34af4b6ea2074edc763a4.pdf,be2dbabd5735ff7128fa9ac5ab3e05e99d41c3d7a4502d33959b7c3464da7567,3,"MACAULAY, Haden",COUNTRY ALLIANCE,False,Other/Independent,2241,32985,True
vic_la_2010,Benambra,benambra,173,https://www.vec.vic.gov.au/-/media/08680c0035b34af4b6ea2074edc763a4.pdf,be2dbabd5735ff7128fa9ac5ab3e05e99d41c3d7a4502d33959b7c3464da7567,4,"CAVEDON, Robert",FAMILY FIRST,False,Other/Independent,1125,32985,True
vic_la_2010,Benambra,benambra,173,https://www.vec.vic.gov.au/-/media/08680c0035b34af4b6ea2074edc763a4.pdf,be2dbabd5735ff7128fa9ac5ab3e05e99d41c3d7a4502d33959b7c3464da7567,5,"WILLIAMS, John",AUSTRALIAN LABOR PARTY,False,ALP,7537,32985,True
vic_la_2010,Bendigo East,bendigo-east,175,https://www.vec.vic.gov.au/-/media/08680c0035b34af4b6ea2074edc763a4.pdf,be2dbabd5735ff7128fa9ac5ab3e05e99d41c3d7a4502d33959b7c3464da7567,1,"LEUNIG, Rod",COUNTRY ALLIANCE,False,Other/Independent,1275,36667,True
vic_la_2010,Bendigo East,bendigo-east,175,https://www.vec.vic.gov.au/-/media/08680c0035b34af4b6ea2074edc763a4.pdf,be2dbabd5735ff7128fa9ac5ab3e05e99d41c3d7a4502d33959b7c3464da7567,2,"ALLAN, Jacinta",AUSTRALIAN LABOR PARTY,False,ALP,16079,36667,True
vic_la_2010,Bendigo East,bendigo-east,175,https://www.vec.vic.gov.au/-/media/08680c0035b34af4b6ea2074edc763a4.pdf,be2dbabd5735ff7128fa9ac5ab3e05e99d41c3d7a4502d33959b7c3464da7567,3,"HILLIER, Gary",SEX PARTY,False,Other/Independent,824,36667,True
vic_la_2010,Bendigo East,bendigo-east,175,https://www.vec.vic.gov.au/-/media/08680c0035b34af4b6ea2074edc763a4.pdf,be2dbabd5735ff7128fa9ac5ab3e05e99d41c3d7a4502d33959b7c3464da7567,4,"VEITZ, Ben",CHRISTIAN PARTY,False,Other/Independent,275,36667,True
vic_la_2010,Bendigo East,bendigo-east,175,https://www.vec.vic.gov.au/-/media/08680c0035b34af4b6ea2074edc763a4.pdf,be2dbabd5735ff7128fa9ac5ab3e05e99d41c3d7a4502d33959b7c3464da7567,5,"LANGDON, Michael",LIBERAL,False,Coalition,12864,36667,True
vic_la_2010,Bendigo East,bendigo-east,175,https://www.vec.vic.gov.au/-/media/08680c0035b34af4b6ea2074edc763a4.pdf,be2dbabd5735ff7128fa9ac5ab3e05e99d41c3d7a4502d33959b7c3464da7567,6,"GUERRA, Belinda",FAMILY FIRST,False,Other/Independent,447,36667,True
vic_la_2010,Bendigo East,bendigo-east,175,https://www.vec.vic.gov.au/-/media/08680c0035b34af4b6ea2074edc763a4.pdf,be2dbabd5735ff7128fa9ac5ab3e05e99d41c3d7a4502d33959b7c3464da7567,7,"BARDSLEY, Tim",AUSTRALIAN GREENS,False,Greens,2295,36667,True
vic_la_2010,Bendigo East,bendigo-east,175,https://www.vec.vic.gov.au/-/media/08680c0035b34af4b6ea2074edc763a4.pdf,be2dbabd5735ff7128fa9ac5ab3e05e99d41c3d7a4502d33959b7c3464da7567,8,"STEWART, James",D.L.P. - DEMOCRATIC LABOR PARTY,False,Other/Independent,412,36667,True
vic_la_2010,Bendigo East,bendigo-east,175,https://www.vec.vic.gov.au/-/media/08680c0035b34af4b6ea2074edc763a4.pdf,be2dbabd5735ff7128fa9ac5ab3e05e99d41c3d7a4502d33959b7c3464da7567,9,"SCHWARZ, Peter",THE NATIONALS,False,Coalition,2196,36667,True
vic_la_2010,Bendigo West,bendigo-west,178,https://www.vec.vic.gov.au/-/media/08680c0035b34af4b6ea2074edc763a4.pdf,be2dbabd5735ff7128fa9ac5ab3e05e99d41c3d7a4502d33959b7c3464da7567,1,"PHILLIPS, Trevor",COUNTRY ALLIANCE,False,Other/Independent,1328,36682,True
vic_la_2010,Bendigo West,bendigo-west,178,https://www.vec.vic.gov.au/-/media/08680c0035b34af4b6ea2074edc763a4.pdf,be2dbabd5735ff7128fa9ac5ab3e05e99d41c3d7a4502d33959b7c3464da7567,2,"WINTLE, Frances",FAMILY FIRST,False,Other/Independent,671,36682,True
vic_la_2010,Bendigo West,bendigo-west,178,https://www.vec.vic.gov.au/-/media/08680c0035b34af4b6ea2074edc763a4.pdf,be2dbabd5735ff7128fa9ac5ab3e05e99d41c3d7a4502d33959b7c3464da7567,3,"OLIVER, Steven",THE NATIONALS,False,Coalition,7965,36682,True
vic_la_2010,Bendigo West,bendigo-west,178,https://www.vec.vic.gov.au/-/media/08680c0035b34af4b6ea2074edc763a4.pdf,be2dbabd5735ff7128fa9ac5ab3e05e99d41c3d7a4502d33959b7c3464da7567,4,"FOSTER, Anne Lorraine",CHRISTIAN PARTY,False,Other/Independent,361,36682,True
vic_la_2010,Bendigo West,bendigo-west,178,https://www.vec.vic.gov.au/-/media/08680c0035b34af4b6ea2074edc763a4.pdf,be2dbabd5735ff7128fa9ac5ab3e05e99d41c3d7a4502d33959b7c3464da7567,5,"RADFORD, Sue-Ellen",AUSTRALIAN GREENS,False,Greens,3999,36682,True
vic_la_2010,Bendigo West,bendigo-west,178,https://www.vec.vic.gov.au/-/media/08680c0035b34af4b6ea2074edc763a4.pdf,be2dbabd5735ff7128fa9ac5ab3e05e99d41c3d7a4502d33959b7c3464da7567,6,"EDWARDS, Maree",AUSTRALIAN LABOR PARTY,False,ALP,14431,36682,True
vic_la_2010,Bendigo West,bendigo-west,178,https://www.vec.vic.gov.au/-/media/08680c0035b34af4b6ea2074edc763a4.pdf,be2dbabd5735ff7128fa9ac5ab3e05e99d41c3d7a4502d33959b7c3464da7567,7,"DONLON, Anita",LIBERAL,False,Coalition,7343,36682,True
vic_la_2010,Bendigo West,bendigo-west,178,https://www.vec.vic.gov.au/-/media/08680c0035b34af4b6ea2074edc763a4.pdf,be2dbabd5735ff7128fa9ac5ab3e05e99d41c3d7a4502d33959b7c3464da7567,8,"CADDY, Sandra",D.L.P. - DEMOCRATIC LABOR PARTY,False,Other/Independent,584,36682,True
vic_la_2010,Bentleigh,bentleigh,181,https://www.vec.vic.gov.au/-/media/08680c0035b34af4b6ea2074edc763a4.pdf,be2dbabd5735ff7128fa9ac5ab3e05e99d41c3d7a4502d33959b7c3464da7567,1,"MILLER, Elizabeth",LIBERAL,False,Coalition,16296,34672,True
vic_la_2010,Bentleigh,bentleigh,181,https://www.vec.vic.gov.au/-/media/08680c0035b34af4b6ea2074edc763a4.pdf,be2dbabd5735ff7128fa9ac5ab3e05e99d41c3d7a4502d33959b7c3464da7567,2,"COUTTS, Julian",D.L.P. - DEMOCRATIC LABOR PARTY,False,Other/Independent,524,34672,True
vic_la_2010,Bentleigh,bentleigh,181,https://www.vec.vic.gov.au/-/media/08680c0035b34af4b6ea2074edc763a4.pdf,be2dbabd5735ff7128fa9ac5ab3e05e99d41c3d7a4502d33959b7c3464da7567,3,"HEDGER, Brett Anthony",AUSTRALIAN GREENS,False,Greens,3545,34672,True
vic_la_2010,Bentleigh,bentleigh,181,https://www.vec.vic.gov.au/-/media/08680c0035b34af4b6ea2074edc763a4.pdf,be2dbabd5735ff7128fa9ac5ab3e05e99d41c3d7a4502d33959b7c3464da7567,4,"HUDSON, Rob",AUSTRALIAN LABOR PARTY,False,ALP,13643,34672,True
vic_la_2010,Bentleigh,bentleigh,181,https://www.vec.vic.gov.au/-/media/08680c0035b34af4b6ea2074edc763a4.pdf,be2dbabd5735ff7128fa9ac5ab3e05e99d41c3d7a4502d33959b7c3464da7567,5,"GRABER, Lex",FAMILY FIRST,False,Other/Independent,364,34672,True
vic_la_2010,Bentleigh,bentleigh,181,https://www.vec.vic.gov.au/-/media/08680c0035b34af4b6ea2074edc763a4.pdf,be2dbabd5735ff7128fa9ac5ab3e05e99d41c3d7a4502d33959b7c3464da7567,6,"MYERS, John B.",,True,Other/Independent,300,34672,True
vic_la_2010,Box Hill,box-hill,184,https://www.vec.vic.gov.au/-/media/08680c0035b34af4b6ea2074edc763a4.pdf,be2dbabd5735ff7128fa9ac5ab3e05e99d41c3d7a4502d33959b7c3464da7567,1,"CLARK, Robert",LIBERAL,False,Coalition,20415,35011,True
vic_la_2010,Box Hill,box-hill,184,https://www.vec.vic.gov.au/-/media/08680c0035b34af4b6ea2074edc763a4.pdf,be2dbabd5735ff7128fa9ac5ab3e05e99d41c3d7a4502d33959b7c3464da7567,2,"BAXTER, Timothy A.",AUSTRALIAN GREENS,False,Greens,4952,35011,True
vic_la_2010,Box Hill,box-hill,184,https://www.vec.vic.gov.au/-/media/08680c0035b34af4b6ea2074edc763a4.pdf,be2dbabd5735ff7128fa9ac5ab3e05e99d41c3d7a4502d33959b7c3464da7567,3,"CHANDLER, Peter",AUSTRALIAN LABOR PARTY,False,ALP,8978,35011,True
vic_la_2010,Box Hill,box-hill,184,https://www.vec.vic.gov.au/-/media/08680c0035b34af4b6ea2074edc763a4.pdf,be2dbabd5735ff7128fa9ac5ab3e05e99d41c3d7a4502d33959b7c3464da7567,4,"ONG, Gary",FAMILY FIRST,False,Other/Independent,666,35011,True
vic_la_2010,Brighton,brighton,186,https://www.vec.vic.gov.au/-/media/08680c0035b34af4b6ea2074edc763a4.pdf,be2dbabd5735ff7128fa9ac5ab3e05e99d41c3d7a4502d33959b7c3464da7567,1,"ASHER, Louise",LIBERAL,False,Coalition,21375,34197,True
vic_la_2010,Brighton,brighton,186,https://www.vec.vic.gov.au/-/media/08680c0035b34af4b6ea2074edc763a4.pdf,be2dbabd5735ff7128fa9ac5ab3e05e99d41c3d7a4502d33959b7c3464da7567,2,"GIDDINGS, Laurence",FAMILY FIRST,False,Other/Independent,353,34197,True
vic_la_2010,Brighton,brighton,186,https://www.vec.vic.gov.au/-/media/08680c0035b34af4b6ea2074edc763a4.pdf,be2dbabd5735ff7128fa9ac5ab3e05e99d41c3d7a4502d33959b7c3464da7567,3,"DALEY, Tom",AUSTRALIAN LABOR PARTY,False,ALP,6661,34197,True
vic_la_2010,Brighton,brighton,186,https://www.vec.vic.gov.au/-/media/08680c0035b34af4b6ea2074edc763a4.pdf,be2dbabd5735ff7128fa9ac5ab3e05e99d41c3d7a4502d33959b7c3464da7567,4,"THOMPSON, A. L.",,True,Other/Independent,343,34197,True
vic_la_2010,Brighton,brighton,186,https://www.vec.vic.gov.au/-/media/08680c0035b34af4b6ea2074edc763a4.pdf,be2dbabd5735ff7128fa9ac5ab3e05e99d41c3d7a4502d33959b7c3464da7567,5,"BEAVIS, Margaret",AUSTRALIAN GREENS,False,Greens,5465,34197,True
vic_la_2010,Broadmeadows,broadmeadows,188,https://www.vec.vic.gov.au/-/media/08680c0035b34af4b6ea2074edc763a4.pdf,be2dbabd5735ff7128fa9ac5ab3e05e99d41c3d7a4502d33959b7c3464da7567,1,"BRUMBY, John",AUSTRALIAN LABOR PARTY,False,ALP,19125,30705,True
vic_la_2010,Broadmeadows,broadmeadows,188,https://www.vec.vic.gov.au/-/media/08680c0035b34af4b6ea2074edc763a4.pdf,be2dbabd5735ff7128fa9ac5ab3e05e99d41c3d7a4502d33959b7c3464da7567,2,"De LOMA-OSORIO, Jaime",AUSTRALIAN GREENS,False,Greens,2304,30705,True
vic_la_2010,Broadmeadows,broadmeadows,188,https://www.vec.vic.gov.au/-/media/08680c0035b34af4b6ea2074edc763a4.pdf,be2dbabd5735ff7128fa9ac5ab3e05e99d41c3d7a4502d33959b7c3464da7567,3,"BYRNE, Peter",,True,Other/Independent,737,30705,True
vic_la_2010,Broadmeadows,broadmeadows,188,https://www.vec.vic.gov.au/-/media/08680c0035b34af4b6ea2074edc763a4.pdf,be2dbabd5735ff7128fa9ac5ab3e05e99d41c3d7a4502d33959b7c3464da7567,4,"OZTURK, Samli",LIBERAL,False,Coalition,7761,30705,True
vic_la_2010,Broadmeadows,broadmeadows,188,https://www.vec.vic.gov.au/-/media/08680c0035b34af4b6ea2074edc763a4.pdf,be2dbabd5735ff7128fa9ac5ab3e05e99d41c3d7a4502d33959b7c3464da7567,5,"BUTLER, Kevin",D.L.P. - DEMOCRATIC LABOR PARTY,False,Other/Independent,778,30705,True
vic_la_2010,Brunswick,brunswick,190,https://www.vec.vic.gov.au/-/media/08680c0035b34af4b6ea2074edc763a4.pdf,be2dbabd5735ff7128fa9ac5ab3e05e99d41c3d7a4502d33959b7c3464da7567,1,"MULCAHY, Amy",SEX PARTY,False,Other/Independent,1418,36446,True
vic_la_2010,Brunswick,brunswick,190,https://www.vec.vic.gov.au/-/media/08680c0035b34af4b6ea2074edc763a4.pdf,be2dbabd5735ff7128fa9ac5ab3e05e99d41c3d7a4502d33959b7c3464da7567,2,"DAWES, Cyndi",AUSTRALIAN GREENS,False,Greens,11023,36446,True
vic_la_2010,Brunswick,brunswick,190,https://www.vec.vic.gov.au/-/media/08680c0035b34af4b6ea2074edc763a4.pdf,be2dbabd5735ff7128fa9ac5ab3e05e99d41c3d7a4502d33959b7c3464da7567,3,"GARRETT, Jane",AUSTRALIAN LABOR PARTY,False,ALP,13129,36446,True
vic_la_2010,Brunswick,brunswick,190,https://www.vec.vic.gov.au/-/media/08680c0035b34af4b6ea2074edc763a4.pdf,be2dbabd5735ff7128fa9ac5ab3e05e99d41c3d7a4502d33959b7c3464da7567,4,"DADLEH, Kyle",LIBERAL,False,Coalition,6209,36446,True
vic_la_2010,Brunswick,brunswick,190,https://www.vec.vic.gov.au/-/media/08680c0035b34af4b6ea2074edc763a4.pdf,be2dbabd5735ff7128fa9ac5ab3e05e99d41c3d7a4502d33959b7c3464da7567,5,"CAWTE, Bill",,True,Other/Independent,348,36446,True
vic_la_2010,Brunswick,brunswick,190,https://www.vec.vic.gov.au/-/media/08680c0035b34af4b6ea2074edc763a4.pdf,be2dbabd5735ff7128fa9ac5ab3e05e99d41c3d7a4502d33959b7c3464da7567,6,"HAWKINS, Trent",SOCIALIST ALLIANCE,False,Other/Independent,405,36446,True
vic_la_2010,Brunswick,brunswick,190,https://www.vec.vic.gov.au/-/media/08680c0035b34af4b6ea2074edc763a4.pdf,be2dbabd5735ff7128fa9ac5ab3e05e99d41c3d7a4502d33959b7c3464da7567,7,"CLEARY, Phil",,True,Other/Independent,3914,36446,True
vic_la_2010,Bulleen,bulleen,194,https://www.vec.vic.gov.au/-/media/08680c0035b34af4b6ea2074edc763a4.pdf,be2dbabd5735ff7128fa9ac5ab3e05e99d41c3d7a4502d33959b7c3464da7567,1,"TAN, Kevin",FAMILY FIRST,False,Other/Independent,1030,31666,True
vic_la_2010,Bulleen,bulleen,194,https://www.vec.vic.gov.au/-/media/08680c0035b34af4b6ea2074edc763a4.pdf,be2dbabd5735ff7128fa9ac5ab3e05e99d41c3d7a4502d33959b7c3464da7567,2,"MACKENZIE, Fiona",AUSTRALIAN GREENS,False,Greens,2712,31666,True
vic_la_2010,Bulleen,bulleen,194,https://www.vec.vic.gov.au/-/media/08680c0035b34af4b6ea2074edc763a4.pdf,be2dbabd5735ff7128fa9ac5ab3e05e99d41c3d7a4502d33959b7c3464da7567,3,"REID, Ivan",AUSTRALIAN LABOR PARTY,False,ALP,8533,31666,True
vic_la_2010,Bulleen,bulleen,194,https://www.vec.vic.gov.au/-/media/08680c0035b34af4b6ea2074edc763a4.pdf,be2dbabd5735ff7128fa9ac5ab3e05e99d41c3d7a4502d33959b7c3464da7567,4,"KOTSIRAS, Nicholas",LIBERAL,False,Coalition,18849,31666,True
vic_la_2010,Bulleen,bulleen,194,https://www.vec.vic.gov.au/-/media/08680c0035b34af4b6ea2074edc763a4.pdf,be2dbabd5735ff7128fa9ac5ab3e05e99d41c3d7a4502d33959b7c3464da7567,5,"ELDRIDGE, Kelvin Edward",,True,Other/Independent,542,31666,True
vic_la_2010,Bundoora,bundoora,196,https://www.vec.vic.gov.au/-/media/08680c0035b34af4b6ea2074edc763a4.pdf,be2dbabd5735ff7128fa9ac5ab3e05e99d41c3d7a4502d33959b7c3464da7567,1,"McCOLL, Karen-Joy",,True,Other/Independent,764,32497,True
vic_la_2010,Bundoora,bundoora,196,https://www.vec.vic.gov.au/-/media/08680c0035b34af4b6ea2074edc763a4.pdf,be2dbabd5735ff7128fa9ac5ab3e05e99d41c3d7a4502d33959b7c3464da7567,2,"BROOKS, Colin",AUSTRALIAN LABOR PARTY,False,ALP,14967,32497,True
vic_la_2010,Bundoora,bundoora,196,https://www.vec.vic.gov.au/-/media/08680c0035b34af4b6ea2074edc763a4.pdf,be2dbabd5735ff7128fa9ac5ab3e05e99d41c3d7a4502d33959b7c3464da7567,3,"BRAR, Goldy",LIBERAL,False,Coalition,11859,32497,True
vic_la_2010,Bundoora,bundoora,196,https://www.vec.vic.gov.au/-/media/08680c0035b34af4b6ea2074edc763a4.pdf,be2dbabd5735ff7128fa9ac5ab3e05e99d41c3d7a4502d33959b7c3464da7567,4,"ROBERTS, Tim",AUSTRALIAN GREENS,False,Greens,3285,32497,True
vic_la_2010,Bundoora,bundoora,196,https://www.vec.vic.gov.au/-/media/08680c0035b34af4b6ea2074edc763a4.pdf,be2dbabd5735ff7128fa9ac5ab3e05e99d41c3d7a4502d33959b7c3464da7567,5,"CONLON, Luke",FAMILY FIRST,False,Other/Independent,915,32497,True
vic_la_2010,Bundoora,bundoora,196,https://www.vec.vic.gov.au/-/media/08680c0035b34af4b6ea2074edc763a4.pdf,be2dbabd5735ff7128fa9ac5ab3e05e99d41c3d7a4502d33959b7c3464da7567,6,"O'FARRELL, Catherine",D.L.P. - DEMOCRATIC LABOR PARTY,False,Other/Independent,707,32497,True
vic_la_2010,Burwood,burwood,199,https://www.vec.vic.gov.au/-/media/08680c0035b34af4b6ea2074edc763a4.pdf,be2dbabd5735ff7128fa9ac5ab3e05e99d41c3d7a4502d33959b7c3464da7567,1,"COWAN, Emily Kate",AUSTRALIAN GREENS,False,Greens,4146,35210,True
vic_la_2010,Burwood,burwood,199,https://www.vec.vic.gov.au/-/media/08680c0035b34af4b6ea2074edc763a4.pdf,be2dbabd5735ff7128fa9ac5ab3e05e99d41c3d7a4502d33959b7c3464da7567,2,"CHAN, Iming",FAMILY FIRST,False,Other/Independent,536,35210,True
vic_la_2010,Burwood,burwood,199,https://www.vec.vic.gov.au/-/media/08680c0035b34af4b6ea2074edc763a4.pdf,be2dbabd5735ff7128fa9ac5ab3e05e99d41c3d7a4502d33959b7c3464da7567,3,"DE SUMMA, Lucia",D.L.P. - DEMOCRATIC LABOR PARTY,False,Other/Independent,545,35210,True
vic_la_2010,Burwood,burwood,199,https://www.vec.vic.gov.au/-/media/08680c0035b34af4b6ea2074edc763a4.pdf,be2dbabd5735ff7128fa9ac5ab3e05e99d41c3d7a4502d33959b7c3464da7567,4,"WATT, Graham",LIBERAL,False,Coalition,17500,35210,True
vic_la_2010,Burwood,burwood,199,https://www.vec.vic.gov.au/-/media/08680c0035b34af4b6ea2074edc763a4.pdf,be2dbabd5735ff7128fa9ac5ab3e05e99d41c3d7a4502d33959b7c3464da7567,5,"STENSHOLT, Bob",AUSTRALIAN LABOR PARTY,False,ALP,11732,35210,True
vic_la_2010,Burwood,burwood,199,https://www.vec.vic.gov.au/-/media/08680c0035b34af4b6ea2074edc763a4.pdf,be2dbabd5735ff7128fa9ac5ab3e05e99d41c3d7a4502d33959b7c3464da7567,6,"COLE-FLYNN, Eamon",SEX PARTY,False,Other/Independent,751,35210,True
vic_la_2010,Carrum,carrum,202,https://www.vec.vic.gov.au/-/media/08680c0035b34af4b6ea2074edc763a4.pdf,be2dbabd5735ff7128fa9ac5ab3e05e99d41c3d7a4502d33959b7c3464da7567,1,"CHURCHWARD, John",FAMILY FIRST,False,Other/Independent,939,37821,True
vic_la_2010,Carrum,carrum,202,https://www.vec.vic.gov.au/-/media/08680c0035b34af4b6ea2074edc763a4.pdf,be2dbabd5735ff7128fa9ac5ab3e05e99d41c3d7a4502d33959b7c3464da7567,2,"BAUER, Donna",LIBERAL,False,Coalition,17539,37821,True
vic_la_2010,Carrum,carrum,202,https://www.vec.vic.gov.au/-/media/08680c0035b34af4b6ea2074edc763a4.pdf,be2dbabd5735ff7128fa9ac5ab3e05e99d41c3d7a4502d33959b7c3464da7567,3,"LOSINSKI, Ewa",D.L.P. - DEMOCRATIC LABOR PARTY,False,Other/Independent,873,37821,True
vic_la_2010,Carrum,carrum,202,https://www.vec.vic.gov.au/-/media/08680c0035b34af4b6ea2074edc763a4.pdf,be2dbabd5735ff7128fa9ac5ab3e05e99d41c3d7a4502d33959b7c3464da7567,4,"GARLAND, Steven",,True,Other/Independent,447,37821,True
vic_la_2010,Carrum,carrum,202,https://www.vec.vic.gov.au/-/media/08680c0035b34af4b6ea2074edc763a4.pdf,be2dbabd5735ff7128fa9ac5ab3e05e99d41c3d7a4502d33959b7c3464da7567,5,"LINDELL, Jenny",AUSTRALIAN LABOR PARTY,False,ALP,14430,37821,True
vic_la_2010,Carrum,carrum,202,https://www.vec.vic.gov.au/-/media/08680c0035b34af4b6ea2074edc763a4.pdf,be2dbabd5735ff7128fa9ac5ab3e05e99d41c3d7a4502d33959b7c3464da7567,6,"KELSALL, Henry",AUSTRALIAN GREENS,False,Greens,3593,37821,True
vic_la_2010,Caulfield,caulfield,205,https://www.vec.vic.gov.au/-/media/08680c0035b34af4b6ea2074edc763a4.pdf,be2dbabd5735ff7128fa9ac5ab3e05e99d41c3d7a4502d33959b7c3464da7567,1,"LABONNE, Eric",FAMILY FIRST,False,Other/Independent,490,32934,True
vic_la_2010,Caulfield,caulfield,205,https://www.vec.vic.gov.au/-/media/08680c0035b34af4b6ea2074edc763a4.pdf,be2dbabd5735ff7128fa9ac5ab3e05e99d41c3d7a4502d33959b7c3464da7567,2,"BROHIER, Peter",,True,Other/Independent,163,32934,True
vic_la_2010,Caulfield,caulfield,205,https://www.vec.vic.gov.au/-/media/08680c0035b34af4b6ea2074edc763a4.pdf,be2dbabd5735ff7128fa9ac5ab3e05e99d41c3d7a4502d33959b7c3464da7567,3,"SAPPHIRE, Daniel",,True,Other/Independent,227,32934,True
vic_la_2010,Caulfield,caulfield,205,https://www.vec.vic.gov.au/-/media/08680c0035b34af4b6ea2074edc763a4.pdf,be2dbabd5735ff7128fa9ac5ab3e05e99d41c3d7a4502d33959b7c3464da7567,4,"WALKER, Phillip",AUSTRALIAN GREENS,False,Greens,5307,32934,True
vic_la_2010,Caulfield,caulfield,205,https://www.vec.vic.gov.au/-/media/08680c0035b34af4b6ea2074edc763a4.pdf,be2dbabd5735ff7128fa9ac5ab3e05e99d41c3d7a4502d33959b7c3464da7567,5,"ABRAMSON, Heather",AUSTRALIAN LABOR PARTY,False,ALP,7729,32934,True
vic_la_2010,Caulfield,caulfield,205,https://www.vec.vic.gov.au/-/media/08680c0035b34af4b6ea2074edc763a4.pdf,be2dbabd5735ff7128fa9ac5ab3e05e99d41c3d7a4502d33959b7c3464da7567,6,"SOUTHWICK, David",LIBERAL,False,Coalition,19018,32934,True
vic_la_2010,Clayton,clayton,207,https://www.vec.vic.gov.au/-/media/08680c0035b34af4b6ea2074edc763a4.pdf,be2dbabd5735ff7128fa9ac5ab3e05e99d41c3d7a4502d33959b7c3464da7567,1,"BOLLING, Peter",D.L.P. - DEMOCRATIC LABOR PARTY,False,Other/Independent,976,29157,True
vic_la_2010,Clayton,clayton,207,https://www.vec.vic.gov.au/-/media/08680c0035b34af4b6ea2074edc763a4.pdf,be2dbabd5735ff7128fa9ac5ab3e05e99d41c3d7a4502d33959b7c3464da7567,2,"LIM, Hong",AUSTRALIAN LABOR PARTY,False,ALP,15843,29157,True
vic_la_2010,Clayton,clayton,207,https://www.vec.vic.gov.au/-/media/08680c0035b34af4b6ea2074edc763a4.pdf,be2dbabd5735ff7128fa9ac5ab3e05e99d41c3d7a4502d33959b7c3464da7567,3,"BILLMAN, Matthew",AUSTRALIAN GREENS,False,Greens,2782,29157,True
vic_la_2010,Clayton,clayton,207,https://www.vec.vic.gov.au/-/media/08680c0035b34af4b6ea2074edc763a4.pdf,be2dbabd5735ff7128fa9ac5ab3e05e99d41c3d7a4502d33959b7c3464da7567,4,"REID, Darren",FAMILY FIRST,False,Other/Independent,723,29157,True
vic_la_2010,Clayton,clayton,207,https://www.vec.vic.gov.au/-/media/08680c0035b34af4b6ea2074edc763a4.pdf,be2dbabd5735ff7128fa9ac5ab3e05e99d41c3d7a4502d33959b7c3464da7567,5,"SCOTT, Justin",LIBERAL,False,Coalition,8833,29157,True
vic_la_2010,Cranbourne,cranbourne,209,https://www.vec.vic.gov.au/-/media/08680c0035b34af4b6ea2074edc763a4.pdf,be2dbabd5735ff7128fa9ac5ab3e05e99d41c3d7a4502d33959b7c3464da7567,1,"BRAY, Hilary",AUSTRALIAN GREENS,False,Greens,3475,41904,True
vic_la_2010,Cranbourne,cranbourne,209,https://www.vec.vic.gov.au/-/media/08680c0035b34af4b6ea2074edc763a4.pdf,be2dbabd5735ff7128fa9ac5ab3e05e99d41c3d7a4502d33959b7c3464da7567,2,"HALSALL, Bob",,True,Other/Independent,372,41904,True
vic_la_2010,Cranbourne,cranbourne,209,https://www.vec.vic.gov.au/-/media/08680c0035b34af4b6ea2074edc763a4.pdf,be2dbabd5735ff7128fa9ac5ab3e05e99d41c3d7a4502d33959b7c3464da7567,3,"O'CONNOR, Luke",D.L.P. - DEMOCRATIC LABOR PARTY,False,Other/Independent,1358,41904,True
vic_la_2010,Cranbourne,cranbourne,209,https://www.vec.vic.gov.au/-/media/08680c0035b34af4b6ea2074edc763a4.pdf,be2dbabd5735ff7128fa9ac5ab3e05e99d41c3d7a4502d33959b7c3464da7567,4,"ABLETT, Geoff",LIBERAL,False,Coalition,16565,41904,True
vic_la_2010,Cranbourne,cranbourne,209,https://www.vec.vic.gov.au/-/media/08680c0035b34af4b6ea2074edc763a4.pdf,be2dbabd5735ff7128fa9ac5ab3e05e99d41c3d7a4502d33959b7c3464da7567,5,"STAPLEDON, Amanda",,True,Other/Independent,921,41904,True
vic_la_2010,Cranbourne,cranbourne,209,https://www.vec.vic.gov.au/-/media/08680c0035b34af4b6ea2074edc763a4.pdf,be2dbabd5735ff7128fa9ac5ab3e05e99d41c3d7a4502d33959b7c3464da7567,6,"PERERA, Jude",AUSTRALIAN LABOR PARTY,False,ALP,17803,41904,True
vic_la_2010,Cranbourne,cranbourne,209,https://www.vec.vic.gov.au/-/media/08680c0035b34af4b6ea2074edc763a4.pdf,be2dbabd5735ff7128fa9ac5ab3e05e99d41c3d7a4502d33959b7c3464da7567,7,"FUNKE, Steve",FAMILY FIRST,False,Other/Independent,1410,41904,True
vic_la_2010,Dandenong,dandenong,212,https://www.vec.vic.gov.au/-/media/08680c0035b34af4b6ea2074edc763a4.pdf,be2dbabd5735ff7128fa9ac5ab3e05e99d41c3d7a4502d33959b7c3464da7567,1,"BLACKBURN, Christopher",D.L.P. - DEMOCRATIC LABOR PARTY,False,Other/Independent,2037,29557,True
vic_la_2010,Dandenong,dandenong,212,https://www.vec.vic.gov.au/-/media/08680c0035b34af4b6ea2074edc763a4.pdf,be2dbabd5735ff7128fa9ac5ab3e05e99d41c3d7a4502d33959b7c3464da7567,2,"KIRWAN, Matthew",AUSTRALIAN GREENS,False,Greens,2591,29557,True
vic_la_2010,Dandenong,dandenong,212,https://www.vec.vic.gov.au/-/media/08680c0035b34af4b6ea2074edc763a4.pdf,be2dbabd5735ff7128fa9ac5ab3e05e99d41c3d7a4502d33959b7c3464da7567,3,"PANDAZOPOUL OS, John",AUSTRALIAN LABOR PARTY,False,ALP,14934,29557,True
vic_la_2010,Dandenong,dandenong,212,https://www.vec.vic.gov.au/-/media/08680c0035b34af4b6ea2074edc763a4.pdf,be2dbabd5735ff7128fa9ac5ab3e05e99d41c3d7a4502d33959b7c3464da7567,4,"KEY, Dale",LIBERAL,False,Coalition,8658,29557,True
vic_la_2010,Dandenong,dandenong,212,https://www.vec.vic.gov.au/-/media/08680c0035b34af4b6ea2074edc763a4.pdf,be2dbabd5735ff7128fa9ac5ab3e05e99d41c3d7a4502d33959b7c3464da7567,5,"LATCHAM, Damien",FAMILY FIRST,False,Other/Independent,1337,29557,True
vic_la_2010,Derrimut,derrimut,214,https://www.vec.vic.gov.au/-/media/08680c0035b34af4b6ea2074edc763a4.pdf,be2dbabd5735ff7128fa9ac5ab3e05e99d41c3d7a4502d33959b7c3464da7567,1,"BROOKS, Geraldine",AUSTRALIAN GREENS,False,Greens,5783,34267,True
vic_la_2010,Derrimut,derrimut,214,https://www.vec.vic.gov.au/-/media/08680c0035b34af4b6ea2074edc763a4.pdf,be2dbabd5735ff7128fa9ac5ab3e05e99d41c3d7a4502d33959b7c3464da7567,2,"MOYLE, Colin",FAMILY FIRST,False,Other/Independent,2001,34267,True
vic_la_2010,Derrimut,derrimut,214,https://www.vec.vic.gov.au/-/media/08680c0035b34af4b6ea2074edc763a4.pdf,be2dbabd5735ff7128fa9ac5ab3e05e99d41c3d7a4502d33959b7c3464da7567,3,"TSENG, Wayne",LIBERAL,False,Coalition,7971,34267,True
vic_la_2010,Derrimut,derrimut,214,https://www.vec.vic.gov.au/-/media/08680c0035b34af4b6ea2074edc763a4.pdf,be2dbabd5735ff7128fa9ac5ab3e05e99d41c3d7a4502d33959b7c3464da7567,4,"LANGUILLER, Telmo",AUSTRALIAN LABOR PARTY,False,ALP,17076,34267,True
vic_la_2010,Derrimut,derrimut,214,https://www.vec.vic.gov.au/-/media/08680c0035b34af4b6ea2074edc763a4.pdf,be2dbabd5735ff7128fa9ac5ab3e05e99d41c3d7a4502d33959b7c3464da7567,5,"DEVERALA, Michael",D.L.P. - DEMOCRATIC LABOR PARTY,False,Other/Independent,1436,34267,True
vic_la_2010,Doncaster,doncaster,217,https://www.vec.vic.gov.au/-/media/08680c0035b34af4b6ea2074edc763a4.pdf,be2dbabd5735ff7128fa9ac5ab3e05e99d41c3d7a4502d33959b7c3464da7567,1,"WOOLDRIDGE, Mary",LIBERAL,False,Coalition,20417,32548,True
vic_la_2010,Doncaster,doncaster,217,https://www.vec.vic.gov.au/-/media/08680c0035b34af4b6ea2074edc763a4.pdf,be2dbabd5735ff7128fa9ac5ab3e05e99d41c3d7a4502d33959b7c3464da7567,2,"SMITHIES, Ken",FAMILY FIRST,False,Other/Independent,1015,32548,True
vic_la_2010,Doncaster,doncaster,217,https://www.vec.vic.gov.au/-/media/08680c0035b34af4b6ea2074edc763a4.pdf,be2dbabd5735ff7128fa9ac5ab3e05e99d41c3d7a4502d33959b7c3464da7567,3,"PICK, Charles",AUSTRALIAN LABOR PARTY,False,ALP,8500,32548,True
vic_la_2010,Doncaster,doncaster,217,https://www.vec.vic.gov.au/-/media/08680c0035b34af4b6ea2074edc763a4.pdf,be2dbabd5735ff7128fa9ac5ab3e05e99d41c3d7a4502d33959b7c3464da7567,4,"CARSON, Nick",AUSTRALIAN GREENS,False,Greens,2616,32548,True
vic_la_2010,Eltham,eltham,219,https://www.vec.vic.gov.au/-/media/08680c0035b34af4b6ea2074edc763a4.pdf,be2dbabd5735ff7128fa9ac5ab3e05e99d41c3d7a4502d33959b7c3464da7567,1,"HART, Andrew",LIBERAL,False,Coalition,16047,35762,True
vic_la_2010,Eltham,eltham,219,https://www.vec.vic.gov.au/-/media/08680c0035b34af4b6ea2074edc763a4.pdf,be2dbabd5735ff7128fa9ac5ab3e05e99d41c3d7a4502d33959b7c3464da7567,2,"HERBERT, Steve",AUSTRALIAN LABOR PARTY,False,ALP,13792,35762,True
vic_la_2010,Eltham,eltham,219,https://www.vec.vic.gov.au/-/media/08680c0035b34af4b6ea2074edc763a4.pdf,be2dbabd5735ff7128fa9ac5ab3e05e99d41c3d7a4502d33959b7c3464da7567,3,"PORTER, Shane",FAMILY FIRST,False,Other/Independent,619,35762,True
vic_la_2010,Eltham,eltham,219,https://www.vec.vic.gov.au/-/media/08680c0035b34af4b6ea2074edc763a4.pdf,be2dbabd5735ff7128fa9ac5ab3e05e99d41c3d7a4502d33959b7c3464da7567,4,"AIASHI, Trudi",D.L.P. - DEMOCRATIC LABOR PARTY,False,Other/Independent,557,35762,True
vic_la_2010,Eltham,eltham,219,https://www.vec.vic.gov.au/-/media/08680c0035b34af4b6ea2074edc763a4.pdf,be2dbabd5735ff7128fa9ac5ab3e05e99d41c3d7a4502d33959b7c3464da7567,5,"SEARLE, James",AUSTRALIAN GREENS,False,Greens,4747,35762,True
vic_la_2010,Essendon,essendon,222,https://www.vec.vic.gov.au/-/media/08680c0035b34af4b6ea2074edc763a4.pdf,be2dbabd5735ff7128fa9ac5ab3e05e99d41c3d7a4502d33959b7c3464da7567,1,"MADDEN, Justin",AUSTRALIAN LABOR PARTY,False,ALP,12867,35253,True
vic_la_2010,Essendon,essendon,222,https://www.vec.vic.gov.au/-/media/08680c0035b34af4b6ea2074edc763a4.pdf,be2dbabd5735ff7128fa9ac5ab3e05e99d41c3d7a4502d33959b7c3464da7567,2,"NOTARO, Sarah",D.L.P. - DEMOCRATIC LABOR PARTY,False,Other/Independent,1047,35253,True
vic_la_2010,Essendon,essendon,222,https://www.vec.vic.gov.au/-/media/08680c0035b34af4b6ea2074edc763a4.pdf,be2dbabd5735ff7128fa9ac5ab3e05e99d41c3d7a4502d33959b7c3464da7567,3,"GIULIANO, Paul Joseph",,True,Other/Independent,2540,35253,True
vic_la_2010,Essendon,essendon,222,https://www.vec.vic.gov.au/-/media/08680c0035b34af4b6ea2074edc763a4.pdf,be2dbabd5735ff7128fa9ac5ab3e05e99d41c3d7a4502d33959b7c3464da7567,4,"ISER, Rose",AUSTRALIAN GREENS,False,Greens,5816,35253,True
vic_la_2010,Essendon,essendon,222,https://www.vec.vic.gov.au/-/media/08680c0035b34af4b6ea2074edc763a4.pdf,be2dbabd5735ff7128fa9ac5ab3e05e99d41c3d7a4502d33959b7c3464da7567,5,"GAUCI, Rebecca",LIBERAL,False,Coalition,12983,35253,True
vic_la_2010,Evelyn,evelyn,225,https://www.vec.vic.gov.au/-/media/08680c0035b34af4b6ea2074edc763a4.pdf,be2dbabd5735ff7128fa9ac5ab3e05e99d41c3d7a4502d33959b7c3464da7567,1,"HARRIS, Peter",AUSTRALIAN LABOR PARTY,False,ALP,10677,36305,True
vic_la_2010,Evelyn,evelyn,225,https://www.vec.vic.gov.au/-/media/08680c0035b34af4b6ea2074edc763a4.pdf,be2dbabd5735ff7128fa9ac5ab3e05e99d41c3d7a4502d33959b7c3464da7567,2,"JENKIN, Craig",COUNTRY ALLIANCE,False,Other/Independent,972,36305,True
vic_la_2010,Evelyn,evelyn,225,https://www.vec.vic.gov.au/-/media/08680c0035b34af4b6ea2074edc763a4.pdf,be2dbabd5735ff7128fa9ac5ab3e05e99d41c3d7a4502d33959b7c3464da7567,3,"FYFFE, Christine",LIBERAL,False,Coalition,20612,36305,True
vic_la_2010,Evelyn,evelyn,225,https://www.vec.vic.gov.au/-/media/08680c0035b34af4b6ea2074edc763a4.pdf,be2dbabd5735ff7128fa9ac5ab3e05e99d41c3d7a4502d33959b7c3464da7567,4,"SZABO, David",FAMILY FIRST,False,Other/Independent,1245,36305,True
vic_la_2010,Evelyn,evelyn,225,https://www.vec.vic.gov.au/-/media/08680c0035b34af4b6ea2074edc763a4.pdf,be2dbabd5735ff7128fa9ac5ab3e05e99d41c3d7a4502d33959b7c3464da7567,5,"GILES, Tania",AUSTRALIAN GREENS,False,Greens,2799,36305,True
vic_la_2010,Ferntree Gully,ferntree-gully,227,https://www.vec.vic.gov.au/-/media/08680c0035b34af4b6ea2074edc763a4.pdf,be2dbabd5735ff7128fa9ac5ab3e05e99d41c3d7a4502d33959b7c3464da7567,1,"LEAHY, Martin",SEX PARTY,False,Other/Independent,1492,39647,True
vic_la_2010,Ferntree Gully,ferntree-gully,227,https://www.vec.vic.gov.au/-/media/08680c0035b34af4b6ea2074edc763a4.pdf,be2dbabd5735ff7128fa9ac5ab3e05e99d41c3d7a4502d33959b7c3464da7567,2,"ROUSE, Allister",FAMILY FIRST,False,Other/Independent,957,39647,True
vic_la_2010,Ferntree Gully,ferntree-gully,227,https://www.vec.vic.gov.au/-/media/08680c0035b34af4b6ea2074edc763a4.pdf,be2dbabd5735ff7128fa9ac5ab3e05e99d41c3d7a4502d33959b7c3464da7567,3,"WAKELING, Nick",LIBERAL,False,Coalition,22020,39647,True
vic_la_2010,Ferntree Gully,ferntree-gully,227,https://www.vec.vic.gov.au/-/media/08680c0035b34af4b6ea2074edc763a4.pdf,be2dbabd5735ff7128fa9ac5ab3e05e99d41c3d7a4502d33959b7c3464da7567,4,"BULLOCK, Steve",AUSTRALIAN GREENS,False,Greens,2850,39647,True
vic_la_2010,Ferntree Gully,ferntree-gully,227,https://www.vec.vic.gov.au/-/media/08680c0035b34af4b6ea2074edc763a4.pdf,be2dbabd5735ff7128fa9ac5ab3e05e99d41c3d7a4502d33959b7c3464da7567,5,"CULLINAN, Josh",AUSTRALIAN LABOR PARTY,False,ALP,11768,39647,True
vic_la_2010,Ferntree Gully,ferntree-gully,227,https://www.vec.vic.gov.au/-/media/08680c0035b34af4b6ea2074edc763a4.pdf,be2dbabd5735ff7128fa9ac5ab3e05e99d41c3d7a4502d33959b7c3464da7567,6,"MURPHY, Tanya",D.L.P. - DEMOCRATIC LABOR PARTY,False,Other/Independent,560,39647,True
vic_la_2010,Footscray,footscray,229,https://www.vec.vic.gov.au/-/media/08680c0035b34af4b6ea2074edc763a4.pdf,be2dbabd5735ff7128fa9ac5ab3e05e99d41c3d7a4502d33959b7c3464da7567,1,"BETTS, Ken",LIBERAL,False,Coalition,8703,34294,True
vic_la_2010,Footscray,footscray,229,https://www.vec.vic.gov.au/-/media/08680c0035b34af4b6ea2074edc763a4.pdf,be2dbabd5735ff7128fa9ac5ab3e05e99d41c3d7a4502d33959b7c3464da7567,2,"THOMSON, Marsha",AUSTRALIAN LABOR PARTY,False,ALP,14611,34294,True
vic_la_2010,Footscray,footscray,229,https://www.vec.vic.gov.au/-/media/08680c0035b34af4b6ea2074edc763a4.pdf,be2dbabd5735ff7128fa9ac5ab3e05e99d41c3d7a4502d33959b7c3464da7567,3,"RICE, Janet",AUSTRALIAN GREENS,False,Greens,7126,34294,True
vic_la_2010,Footscray,footscray,229,https://www.vec.vic.gov.au/-/media/08680c0035b34af4b6ea2074edc763a4.pdf,be2dbabd5735ff7128fa9ac5ab3e05e99d41c3d7a4502d33959b7c3464da7567,4,"CUMMING, Catherine",,True,Other/Independent,3240,34294,True
vic_la_2010,Footscray,footscray,229,https://www.vec.vic.gov.au/-/media/08680c0035b34af4b6ea2074edc763a4.pdf,be2dbabd5735ff7128fa9ac5ab3e05e99d41c3d7a4502d33959b7c3464da7567,5,"WINDISCH, Margarita",SOCIALIST ALLIANCE,False,Other/Independent,614,34294,True
vic_la_2010,Forest Hill,forest-hill,232,https://www.vec.vic.gov.au/-/media/08680c0035b34af4b6ea2074edc763a4.pdf,be2dbabd5735ff7128fa9ac5ab3e05e99d41c3d7a4502d33959b7c3464da7567,1,"MARSHALL, Kirstie",AUSTRALIAN LABOR PARTY,False,ALP,12796,32997,True
vic_la_2010,Forest Hill,forest-hill,232,https://www.vec.vic.gov.au/-/media/08680c0035b34af4b6ea2074edc763a4.pdf,be2dbabd5735ff7128fa9ac5ab3e05e99d41c3d7a4502d33959b7c3464da7567,2,"FUNG, James",D.L.P. - DEMOCRATIC LABOR PARTY,False,Other/Independent,411,32997,True
vic_la_2010,Forest Hill,forest-hill,232,https://www.vec.vic.gov.au/-/media/08680c0035b34af4b6ea2074edc763a4.pdf,be2dbabd5735ff7128fa9ac5ab3e05e99d41c3d7a4502d33959b7c3464da7567,3,"HENLEY, Andrew",AUSTRALIAN GREENS,False,Greens,2501,32997,True
vic_la_2010,Forest Hill,forest-hill,232,https://www.vec.vic.gov.au/-/media/08680c0035b34af4b6ea2074edc763a4.pdf,be2dbabd5735ff7128fa9ac5ab3e05e99d41c3d7a4502d33959b7c3464da7567,4,"IRWIN, Daniel",SEX PARTY,False,Other/Independent,614,32997,True
vic_la_2010,Forest Hill,forest-hill,232,https://www.vec.vic.gov.au/-/media/08680c0035b34af4b6ea2074edc763a4.pdf,be2dbabd5735ff7128fa9ac5ab3e05e99d41c3d7a4502d33959b7c3464da7567,5,"ANGUS, Neil",LIBERAL,False,Coalition,16043,32997,True
vic_la_2010,Forest Hill,forest-hill,232,https://www.vec.vic.gov.au/-/media/08680c0035b34af4b6ea2074edc763a4.pdf,be2dbabd5735ff7128fa9ac5ab3e05e99d41c3d7a4502d33959b7c3464da7567,6,"STRATOV, Ivan",FAMILY FIRST,False,Other/Independent,632,32997,True
vic_la_2010,Frankston,frankston,235,https://www.vec.vic.gov.au/-/media/08680c0035b34af4b6ea2074edc763a4.pdf,be2dbabd5735ff7128fa9ac5ab3e05e99d41c3d7a4502d33959b7c3464da7567,1,"DE GRAAFF, Denise",D.L.P. - DEMOCRATIC LABOR PARTY,False,Other/Independent,753,31844,True
vic_la_2010,Frankston,frankston,235,https://www.vec.vic.gov.au/-/media/08680c0035b34af4b6ea2074edc763a4.pdf,be2dbabd5735ff7128fa9ac5ab3e05e99d41c3d7a4502d33959b7c3464da7567,2,"TILLER, Simon James",AUSTRALIAN GREENS,False,Greens,2673,31844,True
vic_la_2010,Frankston,frankston,235,https://www.vec.vic.gov.au/-/media/08680c0035b34af4b6ea2074edc763a4.pdf,be2dbabd5735ff7128fa9ac5ab3e05e99d41c3d7a4502d33959b7c3464da7567,3,"BENNETT, Shem",SEX PARTY,False,Other/Independent,797,31844,True
vic_la_2010,Frankston,frankston,235,https://www.vec.vic.gov.au/-/media/08680c0035b34af4b6ea2074edc763a4.pdf,be2dbabd5735ff7128fa9ac5ab3e05e99d41c3d7a4502d33959b7c3464da7567,4,"PLEITER, Michael",FAMILY FIRST,False,Other/Independent,467,31844,True
vic_la_2010,Frankston,frankston,235,https://www.vec.vic.gov.au/-/media/08680c0035b34af4b6ea2074edc763a4.pdf,be2dbabd5735ff7128fa9ac5ab3e05e99d41c3d7a4502d33959b7c3464da7567,5,"HARKNESS, Alistair",AUSTRALIAN LABOR PARTY,False,ALP,11603,31844,True
vic_la_2010,Frankston,frankston,235,https://www.vec.vic.gov.au/-/media/08680c0035b34af4b6ea2074edc763a4.pdf,be2dbabd5735ff7128fa9ac5ab3e05e99d41c3d7a4502d33959b7c3464da7567,6,"McCORMACK, Quinn",,True,Other/Independent,652,31844,True
vic_la_2010,Frankston,frankston,235,https://www.vec.vic.gov.au/-/media/08680c0035b34af4b6ea2074edc763a4.pdf,be2dbabd5735ff7128fa9ac5ab3e05e99d41c3d7a4502d33959b7c3464da7567,7,"SHAW, Geoff",LIBERAL,False,Coalition,14899,31844,True
vic_la_2010,Geelong,geelong,238,https://www.vec.vic.gov.au/-/media/08680c0035b34af4b6ea2074edc763a4.pdf,be2dbabd5735ff7128fa9ac5ab3e05e99d41c3d7a4502d33959b7c3464da7567,1,"THOMSON, Alastair",LIBERAL,False,Coalition,15472,35974,True
vic_la_2010,Geelong,geelong,238,https://www.vec.vic.gov.au/-/media/08680c0035b34af4b6ea2074edc763a4.pdf,be2dbabd5735ff7128fa9ac5ab3e05e99d41c3d7a4502d33959b7c3464da7567,2,"LINDSAY, Bruce",AUSTRALIAN GREENS,False,Greens,4131,35974,True
vic_la_2010,Geelong,geelong,238,https://www.vec.vic.gov.au/-/media/08680c0035b34af4b6ea2074edc763a4.pdf,be2dbabd5735ff7128fa9ac5ab3e05e99d41c3d7a4502d33959b7c3464da7567,3,"TREZISE, Ian",AUSTRALIAN LABOR PARTY,False,ALP,14809,35974,True
vic_la_2010,Geelong,geelong,238,https://www.vec.vic.gov.au/-/media/08680c0035b34af4b6ea2074edc763a4.pdf,be2dbabd5735ff7128fa9ac5ab3e05e99d41c3d7a4502d33959b7c3464da7567,4,"SCHULTZ, Samantha",,True,Other/Independent,444,35974,True
vic_la_2010,Geelong,geelong,238,https://www.vec.vic.gov.au/-/media/08680c0035b34af4b6ea2074edc763a4.pdf,be2dbabd5735ff7128fa9ac5ab3e05e99d41c3d7a4502d33959b7c3464da7567,5,"LENGYEL, Len",FAMILY FIRST,False,Other/Independent,688,35974,True
vic_la_2010,Geelong,geelong,238,https://www.vec.vic.gov.au/-/media/08680c0035b34af4b6ea2074edc763a4.pdf,be2dbabd5735ff7128fa9ac5ab3e05e99d41c3d7a4502d33959b7c3464da7567,6,"SCHMIDT, Matthew",COUNTRY ALLIANCE,False,Other/Independent,430,35974,True
vic_la_2010,Gembrook,gembrook,241,https://www.vec.vic.gov.au/-/media/08680c0035b34af4b6ea2074edc763a4.pdf,be2dbabd5735ff7128fa9ac5ab3e05e99d41c3d7a4502d33959b7c3464da7567,1,"FILLIPONI, Rebecca",FAMILY FIRST,False,Other/Independent,1032,38447,True
vic_la_2010,Gembrook,gembrook,241,https://www.vec.vic.gov.au/-/media/08680c0035b34af4b6ea2074edc763a4.pdf,be2dbabd5735ff7128fa9ac5ab3e05e99d41c3d7a4502d33959b7c3464da7567,2,"BATTIN, Brad",LIBERAL,False,Coalition,18427,38447,True
vic_la_2010,Gembrook,gembrook,241,https://www.vec.vic.gov.au/-/media/08680c0035b34af4b6ea2074edc763a4.pdf,be2dbabd5735ff7128fa9ac5ab3e05e99d41c3d7a4502d33959b7c3464da7567,3,"KRSTIC, Alex",COUNTRY ALLIANCE,False,Other/Independent,871,38447,True
vic_la_2010,Gembrook,gembrook,241,https://www.vec.vic.gov.au/-/media/08680c0035b34af4b6ea2074edc763a4.pdf,be2dbabd5735ff7128fa9ac5ab3e05e99d41c3d7a4502d33959b7c3464da7567,4,"OSTROM BROWN, Hayden",,True,Other/Independent,227,38447,True
vic_la_2010,Gembrook,gembrook,241,https://www.vec.vic.gov.au/-/media/08680c0035b34af4b6ea2074edc763a4.pdf,be2dbabd5735ff7128fa9ac5ab3e05e99d41c3d7a4502d33959b7c3464da7567,5,"McCONACHY, Peter",THE NATIONALS,False,Coalition,904,38447,True
vic_la_2010,Gembrook,gembrook,241,https://www.vec.vic.gov.au/-/media/08680c0035b34af4b6ea2074edc763a4.pdf,be2dbabd5735ff7128fa9ac5ab3e05e99d41c3d7a4502d33959b7c3464da7567,6,"NORMAN, Larry",D.L.P. - DEMOCRATIC LABOR PARTY,False,Other/Independent,372,38447,True
vic_la_2010,Gembrook,gembrook,241,https://www.vec.vic.gov.au/-/media/08680c0035b34af4b6ea2074edc763a4.pdf,be2dbabd5735ff7128fa9ac5ab3e05e99d41c3d7a4502d33959b7c3464da7567,7,"HALL, Brent",AUSTRALIAN GREENS,False,Greens,3689,38447,True
vic_la_2010,Gembrook,gembrook,241,https://www.vec.vic.gov.au/-/media/08680c0035b34af4b6ea2074edc763a4.pdf,be2dbabd5735ff7128fa9ac5ab3e05e99d41c3d7a4502d33959b7c3464da7567,8,"BELCHER, Robert",,True,Other/Independent,142,38447,True
vic_la_2010,Gembrook,gembrook,241,https://www.vec.vic.gov.au/-/media/08680c0035b34af4b6ea2074edc763a4.pdf,be2dbabd5735ff7128fa9ac5ab3e05e99d41c3d7a4502d33959b7c3464da7567,9,"LOBATO, Tammy",AUSTRALIAN LABOR PARTY,False,ALP,12638,38447,True
vic_la_2010,Gembrook,gembrook,241,https://www.vec.vic.gov.au/-/media/08680c0035b34af4b6ea2074edc763a4.pdf,be2dbabd5735ff7128fa9ac5ab3e05e99d41c3d7a4502d33959b7c3464da7567,10,"DEAN, Frank",,True,Other/Independent,145,38447,True
vic_la_2010,Gippsland East,gippsland-east,244,https://www.vec.vic.gov.au/-/media/08680c0035b34af4b6ea2074edc763a4.pdf,be2dbabd5735ff7128fa9ac5ab3e05e99d41c3d7a4502d33959b7c3464da7567,1,"BULL, Tim",THE NATIONALS,False,Coalition,16987,37652,True
vic_la_2010,Gippsland East,gippsland-east,244,https://www.vec.vic.gov.au/-/media/08680c0035b34af4b6ea2074edc763a4.pdf,be2dbabd5735ff7128fa9ac5ab3e05e99d41c3d7a4502d33959b7c3464da7567,2,"BUCKLEY, Sonia",LIBERAL,False,Coalition,5368,37652,True
vic_la_2010,Gippsland East,gippsland-east,244,https://www.vec.vic.gov.au/-/media/08680c0035b34af4b6ea2074edc763a4.pdf,be2dbabd5735ff7128fa9ac5ab3e05e99d41c3d7a4502d33959b7c3464da7567,3,"INGRAM, Craig",,True,Other/Independent,9528,37652,True
vic_la_2010,Gippsland East,gippsland-east,244,https://www.vec.vic.gov.au/-/media/08680c0035b34af4b6ea2074edc763a4.pdf,be2dbabd5735ff7128fa9ac5ab3e05e99d41c3d7a4502d33959b7c3464da7567,4,"REDWOOD, Jill",AUSTRALIAN GREENS,False,Greens,1976,37652,True
vic_la_2010,Gippsland East,gippsland-east,244,https://www.vec.vic.gov.au/-/media/08680c0035b34af4b6ea2074edc763a4.pdf,be2dbabd5735ff7128fa9ac5ab3e05e99d41c3d7a4502d33959b7c3464da7567,5,"COOK, Gregg",AUSTRALIAN LABOR PARTY,False,ALP,2821,37652,True
vic_la_2010,Gippsland East,gippsland-east,244,https://www.vec.vic.gov.au/-/media/08680c0035b34af4b6ea2074edc763a4.pdf,be2dbabd5735ff7128fa9ac5ab3e05e99d41c3d7a4502d33959b7c3464da7567,6,"MEESTER, Deborah",COUNTRY ALLIANCE,False,Other/Independent,972,37652,True
vic_la_2010,Gippsland South,gippsland-south,248,https://www.vec.vic.gov.au/-/media/08680c0035b34af4b6ea2074edc763a4.pdf,be2dbabd5735ff7128fa9ac5ab3e05e99d41c3d7a4502d33959b7c3464da7567,1,"RYAN, Peter",THE NATIONALS,False,Coalition,22479,35223,True
vic_la_2010,Gippsland South,gippsland-south,248,https://www.vec.vic.gov.au/-/media/08680c0035b34af4b6ea2074edc763a4.pdf,be2dbabd5735ff7128fa9ac5ab3e05e99d41c3d7a4502d33959b7c3464da7567,2,"JACKSON, Kate",AUSTRALIAN GREENS,False,Greens,3495,35223,True
vic_la_2010,Gippsland South,gippsland-south,248,https://www.vec.vic.gov.au/-/media/08680c0035b34af4b6ea2074edc763a4.pdf,be2dbabd5735ff7128fa9ac5ab3e05e99d41c3d7a4502d33959b7c3464da7567,3,"BOYCE, Steve",AUSTRALIAN LABOR PARTY,False,ALP,6647,35223,True
vic_la_2010,Gippsland South,gippsland-south,248,https://www.vec.vic.gov.au/-/media/08680c0035b34af4b6ea2074edc763a4.pdf,be2dbabd5735ff7128fa9ac5ab3e05e99d41c3d7a4502d33959b7c3464da7567,4,"HIRT, John",COUNTRY ALLIANCE,False,Other/Independent,2602,35223,True
vic_la_2010,Hastings,hastings,250,https://www.vec.vic.gov.au/-/media/08680c0035b34af4b6ea2074edc763a4.pdf,be2dbabd5735ff7128fa9ac5ab3e05e99d41c3d7a4502d33959b7c3464da7567,1,"HOSKING, Steve",AUSTRALIAN LABOR PARTY,False,ALP,12262,40029,True
vic_la_2010,Hastings,hastings,250,https://www.vec.vic.gov.au/-/media/08680c0035b34af4b6ea2074edc763a4.pdf,be2dbabd5735ff7128fa9ac5ab3e05e99d41c3d7a4502d33959b7c3464da7567,2,"MARTIN, Dan",COUNTRY ALLIANCE,False,Other/Independent,670,40029,True
vic_la_2010,Hastings,hastings,250,https://www.vec.vic.gov.au/-/media/08680c0035b34af4b6ea2074edc763a4.pdf,be2dbabd5735ff7128fa9ac5ab3e05e99d41c3d7a4502d33959b7c3464da7567,3,"JONES, Rob",D.L.P. - DEMOCRATIC LABOR PARTY,False,Other/Independent,381,40029,True
vic_la_2010,Hastings,hastings,250,https://www.vec.vic.gov.au/-/media/08680c0035b34af4b6ea2074edc763a4.pdf,be2dbabd5735ff7128fa9ac5ab3e05e99d41c3d7a4502d33959b7c3464da7567,4,"MAVRIKOS, Joe",SEX PARTY,False,Other/Independent,994,40029,True
vic_la_2010,Hastings,hastings,250,https://www.vec.vic.gov.au/-/media/08680c0035b34af4b6ea2074edc763a4.pdf,be2dbabd5735ff7128fa9ac5ab3e05e99d41c3d7a4502d33959b7c3464da7567,5,"MARCIN, Melanie",FAMILY FIRST,False,Other/Independent,775,40029,True
vic_la_2010,Hastings,hastings,250,https://www.vec.vic.gov.au/-/media/08680c0035b34af4b6ea2074edc763a4.pdf,be2dbabd5735ff7128fa9ac5ab3e05e99d41c3d7a4502d33959b7c3464da7567,6,"MARTIN, Aldona",,True,Other/Independent,218,40029,True
vic_la_2010,Hastings,hastings,250,https://www.vec.vic.gov.au/-/media/08680c0035b34af4b6ea2074edc763a4.pdf,be2dbabd5735ff7128fa9ac5ab3e05e99d41c3d7a4502d33959b7c3464da7567,7,"BURGESS, Neale",LIBERAL,False,Coalition,21656,40029,True
vic_la_2010,Hastings,hastings,250,https://www.vec.vic.gov.au/-/media/08680c0035b34af4b6ea2074edc763a4.pdf,be2dbabd5735ff7128fa9ac5ab3e05e99d41c3d7a4502d33959b7c3464da7567,8,"MANNING, Catherine",AUSTRALIAN GREENS,False,Greens,3073,40029,True
vic_la_2010,Hawthorn,hawthorn,252,https://www.vec.vic.gov.au/-/media/08680c0035b34af4b6ea2074edc763a4.pdf,be2dbabd5735ff7128fa9ac5ab3e05e99d41c3d7a4502d33959b7c3464da7567,1,"McNALLY, John",AUSTRALIAN LABOR PARTY,False,ALP,7218,34546,True
vic_la_2010,Hawthorn,hawthorn,252,https://www.vec.vic.gov.au/-/media/08680c0035b34af4b6ea2074edc763a4.pdf,be2dbabd5735ff7128fa9ac5ab3e05e99d41c3d7a4502d33959b7c3464da7567,2,"BAILLIEU, Ted",LIBERAL,False,Coalition,21036,34546,True
vic_la_2010,Hawthorn,hawthorn,252,https://www.vec.vic.gov.au/-/media/08680c0035b34af4b6ea2074edc763a4.pdf,be2dbabd5735ff7128fa9ac5ab3e05e99d41c3d7a4502d33959b7c3464da7567,3,"HENTY, Jenny",AUSTRALIAN GREENS,False,Greens,5883,34546,True
vic_la_2010,Hawthorn,hawthorn,252,https://www.vec.vic.gov.au/-/media/08680c0035b34af4b6ea2074edc763a4.pdf,be2dbabd5735ff7128fa9ac5ab3e05e99d41c3d7a4502d33959b7c3464da7567,4,"GROUNDS, Peter",FAMILY FIRST,False,Other/Independent,409,34546,True
vic_la_2010,Ivanhoe,ivanhoe,254,https://www.vec.vic.gov.au/-/media/08680c0035b34af4b6ea2074edc763a4.pdf,be2dbabd5735ff7128fa9ac5ab3e05e99d41c3d7a4502d33959b7c3464da7567,1,"SMITH, Stephen",D.L.P. - DEMOCRATIC LABOR PARTY,False,Other/Independent,1185,34329,True
vic_la_2010,Ivanhoe,ivanhoe,254,https://www.vec.vic.gov.au/-/media/08680c0035b34af4b6ea2074edc763a4.pdf,be2dbabd5735ff7128fa9ac5ab3e05e99d41c3d7a4502d33959b7c3464da7567,2,"KENNEDY, Paul",AUSTRALIAN GREENS,False,Greens,6240,34329,True
vic_la_2010,Ivanhoe,ivanhoe,254,https://www.vec.vic.gov.au/-/media/08680c0035b34af4b6ea2074edc763a4.pdf,be2dbabd5735ff7128fa9ac5ab3e05e99d41c3d7a4502d33959b7c3464da7567,3,"SCHOREL-HLAVKA, Gerrit Hendrik",,True,Other/Independent,351,34329,True
vic_la_2010,Ivanhoe,ivanhoe,254,https://www.vec.vic.gov.au/-/media/08680c0035b34af4b6ea2074edc763a4.pdf,be2dbabd5735ff7128fa9ac5ab3e05e99d41c3d7a4502d33959b7c3464da7567,4,"CARBINES, Anthony",AUSTRALIAN LABOR PARTY,False,ALP,12140,34329,True
vic_la_2010,Ivanhoe,ivanhoe,254,https://www.vec.vic.gov.au/-/media/08680c0035b34af4b6ea2074edc763a4.pdf,be2dbabd5735ff7128fa9ac5ab3e05e99d41c3d7a4502d33959b7c3464da7567,5,"ZIEBELL, Carl",LIBERAL,False,Coalition,14413,34329,True
vic_la_2010,Keilor,keilor,257,https://www.vec.vic.gov.au/-/media/08680c0035b34af4b6ea2074edc763a4.pdf,be2dbabd5735ff7128fa9ac5ab3e05e99d41c3d7a4502d33959b7c3464da7567,1,"AMBERLEY, Scott",FAMILY FIRST,False,Other/Independent,2627,46030,True
vic_la_2010,Keilor,keilor,257,https://www.vec.vic.gov.au/-/media/08680c0035b34af4b6ea2074edc763a4.pdf,be2dbabd5735ff7128fa9ac5ab3e05e99d41c3d7a4502d33959b7c3464da7567,2,"RYDER, Damon",LIBERAL,False,Coalition,14367,46030,True
vic_la_2010,Keilor,keilor,257,https://www.vec.vic.gov.au/-/media/08680c0035b34af4b6ea2074edc763a4.pdf,be2dbabd5735ff7128fa9ac5ab3e05e99d41c3d7a4502d33959b7c3464da7567,3,"HUTCHINS, Natalie",AUSTRALIAN LABOR PARTY,False,ALP,22943,46030,True
vic_la_2010,Keilor,keilor,257,https://www.vec.vic.gov.au/-/media/08680c0035b34af4b6ea2074edc763a4.pdf,be2dbabd5735ff7128fa9ac5ab3e05e99d41c3d7a4502d33959b7c3464da7567,4,"ASBURY, Lisa",AUSTRALIAN GREENS,False,Greens,3625,46030,True
vic_la_2010,Keilor,keilor,257,https://www.vec.vic.gov.au/-/media/08680c0035b34af4b6ea2074edc763a4.pdf,be2dbabd5735ff7128fa9ac5ab3e05e99d41c3d7a4502d33959b7c3464da7567,5,"WALIA, Harpreet Singh Wally",,True,Other/Independent,2468,46030,True
vic_la_2010,Kew,kew,260,https://www.vec.vic.gov.au/-/media/08680c0035b34af4b6ea2074edc763a4.pdf,be2dbabd5735ff7128fa9ac5ab3e05e99d41c3d7a4502d33959b7c3464da7567,1,"McINTOSH, Andrew",LIBERAL,False,Coalition,19878,33083,True
vic_la_2010,Kew,kew,260,https://www.vec.vic.gov.au/-/media/08680c0035b34af4b6ea2074edc763a4.pdf,be2dbabd5735ff7128fa9ac5ab3e05e99d41c3d7a4502d33959b7c3464da7567,2,"JACKSON, Kate",AUSTRALIAN LABOR PARTY,False,ALP,7750,33083,True
vic_la_2010,Kew,kew,260,https://www.vec.vic.gov.au/-/media/08680c0035b34af4b6ea2074edc763a4.pdf,be2dbabd5735ff7128fa9ac5ab3e05e99d41c3d7a4502d33959b7c3464da7567,3,"HUNTER, Timothy",FAMILY FIRST,False,Other/Independent,576,33083,True
vic_la_2010,Kew,kew,260,https://www.vec.vic.gov.au/-/media/08680c0035b34af4b6ea2074edc763a4.pdf,be2dbabd5735ff7128fa9ac5ab3e05e99d41c3d7a4502d33959b7c3464da7567,4,"HENLEY, Emma",AUSTRALIAN GREENS,False,Greens,4879,33083,True
vic_la_2010,Kilsyth,kilsyth,262,https://www.vec.vic.gov.au/-/media/08680c0035b34af4b6ea2074edc763a4.pdf,be2dbabd5735ff7128fa9ac5ab3e05e99d41c3d7a4502d33959b7c3464da7567,1,"McKENZIE, Shane",,True,Other/Independent,546,36608,True
vic_la_2010,Kilsyth,kilsyth,262,https://www.vec.vic.gov.au/-/media/08680c0035b34af4b6ea2074edc763a4.pdf,be2dbabd5735ff7128fa9ac5ab3e05e99d41c3d7a4502d33959b7c3464da7567,2,"HAUGHTON-GREENE, Sam",SEX PARTY,False,Other/Independent,1145,36608,True
vic_la_2010,Kilsyth,kilsyth,262,https://www.vec.vic.gov.au/-/media/08680c0035b34af4b6ea2074edc763a4.pdf,be2dbabd5735ff7128fa9ac5ab3e05e99d41c3d7a4502d33959b7c3464da7567,3,"SAMMONS, Justin-Paul",AUSTRALIAN GREENS,False,Greens,2913,36608,True
vic_la_2010,Kilsyth,kilsyth,262,https://www.vec.vic.gov.au/-/media/08680c0035b34af4b6ea2074edc763a4.pdf,be2dbabd5735ff7128fa9ac5ab3e05e99d41c3d7a4502d33959b7c3464da7567,4,"HODGETT, David",LIBERAL,False,Coalition,19348,36608,True
vic_la_2010,Kilsyth,kilsyth,262,https://www.vec.vic.gov.au/-/media/08680c0035b34af4b6ea2074edc763a4.pdf,be2dbabd5735ff7128fa9ac5ab3e05e99d41c3d7a4502d33959b7c3464da7567,5,"DEKTER, Reinhard",D.L.P. - DEMOCRATIC LABOR PARTY,False,Other/Independent,319,36608,True
vic_la_2010,Kilsyth,kilsyth,262,https://www.vec.vic.gov.au/-/media/08680c0035b34af4b6ea2074edc763a4.pdf,be2dbabd5735ff7128fa9ac5ab3e05e99d41c3d7a4502d33959b7c3464da7567,6,"HARRISON, Daniel",FAMILY FIRST,False,Other/Independent,1165,36608,True
vic_la_2010,Kilsyth,kilsyth,262,https://www.vec.vic.gov.au/-/media/08680c0035b34af4b6ea2074edc763a4.pdf,be2dbabd5735ff7128fa9ac5ab3e05e99d41c3d7a4502d33959b7c3464da7567,7,"SETCHES, Vicki",AUSTRALIAN LABOR PARTY,False,ALP,11172,36608,True
vic_la_2010,Kororoit,kororoit,264,https://www.vec.vic.gov.au/-/media/08680c0035b34af4b6ea2074edc763a4.pdf,be2dbabd5735ff7128fa9ac5ab3e05e99d41c3d7a4502d33959b7c3464da7567,1,"KESIC, Goran",LIBERAL,False,Coalition,8912,35636,True
vic_la_2010,Kororoit,kororoit,264,https://www.vec.vic.gov.au/-/media/08680c0035b34af4b6ea2074edc763a4.pdf,be2dbabd5735ff7128fa9ac5ab3e05e99d41c3d7a4502d33959b7c3464da7567,2,"SMIETANKA, Anastasia",AUSTRALIAN GREENS,False,Greens,3513,35636,True
vic_la_2010,Kororoit,kororoit,264,https://www.vec.vic.gov.au/-/media/08680c0035b34af4b6ea2074edc763a4.pdf,be2dbabd5735ff7128fa9ac5ab3e05e99d41c3d7a4502d33959b7c3464da7567,3,"KAIROUZ, Marlene",AUSTRALIAN LABOR PARTY,False,ALP,19891,35636,True
vic_la_2010,Kororoit,kororoit,264,https://www.vec.vic.gov.au/-/media/08680c0035b34af4b6ea2074edc763a4.pdf,be2dbabd5735ff7128fa9ac5ab3e05e99d41c3d7a4502d33959b7c3464da7567,4,"MAJDLIK, Kathy",,True,Other/Independent,1888,35636,True
vic_la_2010,Kororoit,kororoit,264,https://www.vec.vic.gov.au/-/media/08680c0035b34af4b6ea2074edc763a4.pdf,be2dbabd5735ff7128fa9ac5ab3e05e99d41c3d7a4502d33959b7c3464da7567,5,"ROZEC, Glenn",FAMILY FIRST,False,Other/Independent,1432,35636,True
vic_la_2010,Lara,lara,266,https://www.vec.vic.gov.au/-/media/08680c0035b34af4b6ea2074edc763a4.pdf,be2dbabd5735ff7128fa9ac5ab3e05e99d41c3d7a4502d33959b7c3464da7567,1,"COLLA, Glenn",FAMILY FIRST,False,Other/Independent,2324,38758,True
vic_la_2010,Lara,lara,266,https://www.vec.vic.gov.au/-/media/08680c0035b34af4b6ea2074edc763a4.pdf,be2dbabd5735ff7128fa9ac5ab3e05e99d41c3d7a4502d33959b7c3464da7567,2,"LEACH, Rob",AUSTRALIAN GREENS,False,Greens,3401,38758,True
vic_la_2010,Lara,lara,266,https://www.vec.vic.gov.au/-/media/08680c0035b34af4b6ea2074edc763a4.pdf,be2dbabd5735ff7128fa9ac5ab3e05e99d41c3d7a4502d33959b7c3464da7567,3,"EREN, John",AUSTRALIAN LABOR PARTY,False,ALP,20778,38758,True
vic_la_2010,Lara,lara,266,https://www.vec.vic.gov.au/-/media/08680c0035b34af4b6ea2074edc763a4.pdf,be2dbabd5735ff7128fa9ac5ab3e05e99d41c3d7a4502d33959b7c3464da7567,4,"McDERMOTT, Keith",COUNTRY ALLIANCE,False,Other/Independent,889,38758,True
vic_la_2010,Lara,lara,266,https://www.vec.vic.gov.au/-/media/08680c0035b34af4b6ea2074edc763a4.pdf,be2dbabd5735ff7128fa9ac5ab3e05e99d41c3d7a4502d33959b7c3464da7567,5,"EYTON, Robert",LIBERAL,False,Coalition,11366,38758,True
vic_la_2010,Lowan,lowan,268,https://www.vec.vic.gov.au/-/media/08680c0035b34af4b6ea2074edc763a4.pdf,be2dbabd5735ff7128fa9ac5ab3e05e99d41c3d7a4502d33959b7c3464da7567,1,"REIMER, Randall",FAMILY FIRST,False,Other/Independent,1704,35155,True
vic_la_2010,Lowan,lowan,268,https://www.vec.vic.gov.au/-/media/08680c0035b34af4b6ea2074edc763a4.pdf,be2dbabd5735ff7128fa9ac5ab3e05e99d41c3d7a4502d33959b7c3464da7567,2,"WILKIE, Ben",AUSTRALIAN GREENS,False,Greens,1966,35155,True
vic_la_2010,Lowan,lowan,268,https://www.vec.vic.gov.au/-/media/08680c0035b34af4b6ea2074edc763a4.pdf,be2dbabd5735ff7128fa9ac5ab3e05e99d41c3d7a4502d33959b7c3464da7567,3,"KIRSOPP, Mandy",AUSTRALIAN LABOR PARTY,False,ALP,7783,35155,True
vic_la_2010,Lowan,lowan,268,https://www.vec.vic.gov.au/-/media/08680c0035b34af4b6ea2074edc763a4.pdf,be2dbabd5735ff7128fa9ac5ab3e05e99d41c3d7a4502d33959b7c3464da7567,4,"DELAHUNTY, Hugh",THE NATIONALS,False,Coalition,23702,35155,True
vic_la_2010,Lyndhurst,lyndhurst,270,https://www.vec.vic.gov.au/-/media/08680c0035b34af4b6ea2074edc763a4.pdf,be2dbabd5735ff7128fa9ac5ab3e05e99d41c3d7a4502d33959b7c3464da7567,1,"WHEATLEY, Heather",FAMILY FIRST,False,Other/Independent,1744,35733,True
vic_la_2010,Lyndhurst,lyndhurst,270,https://www.vec.vic.gov.au/-/media/08680c0035b34af4b6ea2074edc763a4.pdf,be2dbabd5735ff7128fa9ac5ab3e05e99d41c3d7a4502d33959b7c3464da7567,2,"SPRINGLE, Nina Meredith",AUSTRALIAN GREENS,False,Greens,2191,35733,True
vic_la_2010,Lyndhurst,lyndhurst,270,https://www.vec.vic.gov.au/-/media/08680c0035b34af4b6ea2074edc763a4.pdf,be2dbabd5735ff7128fa9ac5ab3e05e99d41c3d7a4502d33959b7c3464da7567,3,"VO, Hung",,True,Other/Independent,1277,35733,True
vic_la_2010,Lyndhurst,lyndhurst,270,https://www.vec.vic.gov.au/-/media/08680c0035b34af4b6ea2074edc763a4.pdf,be2dbabd5735ff7128fa9ac5ab3e05e99d41c3d7a4502d33959b7c3464da7567,4,"FORD, Gordon W.",,True,Other/Independent,311,35733,True
vic_la_2010,Lyndhurst,lyndhurst,270,https://www.vec.vic.gov.au/-/media/08680c0035b34af4b6ea2074edc763a4.pdf,be2dbabd5735ff7128fa9ac5ab3e05e99d41c3d7a4502d33959b7c3464da7567,5,"HOLLAND, Tony",LIBERAL,False,Coalition,9946,35733,True
vic_la_2010,Lyndhurst,lyndhurst,270,https://www.vec.vic.gov.au/-/media/08680c0035b34af4b6ea2074edc763a4.pdf,be2dbabd5735ff7128fa9ac5ab3e05e99d41c3d7a4502d33959b7c3464da7567,6,"WANG, Yien Machar",D.L.P. - DEMOCRATIC LABOR PARTY,False,Other/Independent,444,35733,True
vic_la_2010,Lyndhurst,lyndhurst,270,https://www.vec.vic.gov.au/-/media/08680c0035b34af4b6ea2074edc763a4.pdf,be2dbabd5735ff7128fa9ac5ab3e05e99d41c3d7a4502d33959b7c3464da7567,7,"HOLDING, Tim",AUSTRALIAN LABOR PARTY,False,ALP,19820,35733,True
vic_la_2010,Macedon,macedon,272,https://www.vec.vic.gov.au/-/media/08680c0035b34af4b6ea2074edc763a4.pdf,be2dbabd5735ff7128fa9ac5ab3e05e99d41c3d7a4502d33959b7c3464da7567,1,"HUNGERFORD, Judith",FAMILY FIRST,False,Other/Independent,1049,42870,True
vic_la_2010,Macedon,macedon,272,https://www.vec.vic.gov.au/-/media/08680c0035b34af4b6ea2074edc763a4.pdf,be2dbabd5735ff7128fa9ac5ab3e05e99d41c3d7a4502d33959b7c3464da7567,2,"DUNCAN, Joanne",AUSTRALIAN LABOR PARTY,False,ALP,17282,42870,True
vic_la_2010,Macedon,macedon,272,https://www.vec.vic.gov.au/-/media/08680c0035b34af4b6ea2074edc763a4.pdf,be2dbabd5735ff7128fa9ac5ab3e05e99d41c3d7a4502d33959b7c3464da7567,3,"GREAVES, Gavin",COUNTRY ALLIANCE,False,Other/Independent,683,42870,True
vic_la_2010,Macedon,macedon,272,https://www.vec.vic.gov.au/-/media/08680c0035b34af4b6ea2074edc763a4.pdf,be2dbabd5735ff7128fa9ac5ab3e05e99d41c3d7a4502d33959b7c3464da7567,4,"SAMARARATNA, Mahinda",,True,Other/Independent,886,42870,True
vic_la_2010,Macedon,macedon,272,https://www.vec.vic.gov.au/-/media/08680c0035b34af4b6ea2074edc763a4.pdf,be2dbabd5735ff7128fa9ac5ab3e05e99d41c3d7a4502d33959b7c3464da7567,5,"LANE, Sharon",D.L.P. - DEMOCRATIC LABOR PARTY,False,Other/Independent,700,42870,True
vic_la_2010,Macedon,macedon,272,https://www.vec.vic.gov.au/-/media/08680c0035b34af4b6ea2074edc763a4.pdf,be2dbabd5735ff7128fa9ac5ab3e05e99d41c3d7a4502d33959b7c3464da7567,6,"HASLINGHOUSE, Nicky",AUSTRALIAN GREENS,False,Greens,3613,42870,True
vic_la_2010,Macedon,macedon,272,https://www.vec.vic.gov.au/-/media/08680c0035b34af4b6ea2074edc763a4.pdf,be2dbabd5735ff7128fa9ac5ab3e05e99d41c3d7a4502d33959b7c3464da7567,7,"BEYER, Lorraine",,True,Other/Independent,516,42870,True
vic_la_2010,Macedon,macedon,272,https://www.vec.vic.gov.au/-/media/08680c0035b34af4b6ea2074edc763a4.pdf,be2dbabd5735ff7128fa9ac5ab3e05e99d41c3d7a4502d33959b7c3464da7567,8,"WESTON, Tristan",LIBERAL,False,Coalition,18141,42870,True
vic_la_2010,Malvern,malvern,275,https://www.vec.vic.gov.au/-/media/08680c0035b34af4b6ea2074edc763a4.pdf,be2dbabd5735ff7128fa9ac5ab3e05e99d41c3d7a4502d33959b7c3464da7567,1,"O'BRIEN, Michael",LIBERAL,False,Coalition,22160,33941,True
vic_la_2010,Malvern,malvern,275,https://www.vec.vic.gov.au/-/media/08680c0035b34af4b6ea2074edc763a4.pdf,be2dbabd5735ff7128fa9ac5ab3e05e99d41c3d7a4502d33959b7c3464da7567,2,"de la MASSE-HOMSY, Miranda",FAMILY FIRST,False,Other/Independent,390,33941,True
vic_la_2010,Malvern,malvern,275,https://www.vec.vic.gov.au/-/media/08680c0035b34af4b6ea2074edc763a4.pdf,be2dbabd5735ff7128fa9ac5ab3e05e99d41c3d7a4502d33959b7c3464da7567,3,"VOULANAS, Nick",AUSTRALIAN LABOR PARTY,False,ALP,6584,33941,True
vic_la_2010,Malvern,malvern,275,https://www.vec.vic.gov.au/-/media/08680c0035b34af4b6ea2074edc763a4.pdf,be2dbabd5735ff7128fa9ac5ab3e05e99d41c3d7a4502d33959b7c3464da7567,4,"HIBBINS, Samuel",AUSTRALIAN GREENS,False,Greens,4807,33941,True
vic_la_2010,Melbourne,melbourne,277,https://www.vec.vic.gov.au/-/media/08680c0035b34af4b6ea2074edc763a4.pdf,be2dbabd5735ff7128fa9ac5ab3e05e99d41c3d7a4502d33959b7c3464da7567,1,"PIKE, Bronwyn",AUSTRALIAN LABOR PARTY,False,ALP,13116,36767,True
vic_la_2010,Melbourne,melbourne,277,https://www.vec.vic.gov.au/-/media/08680c0035b34af4b6ea2074edc763a4.pdf,be2dbabd5735ff7128fa9ac5ab3e05e99d41c3d7a4502d33959b7c3464da7567,2,"LAZZARI, Peter",,True,Other/Independent,231,36767,True
vic_la_2010,Melbourne,melbourne,277,https://www.vec.vic.gov.au/-/media/08680c0035b34af4b6ea2074edc763a4.pdf,be2dbabd5735ff7128fa9ac5ab3e05e99d41c3d7a4502d33959b7c3464da7567,3,"FENSOM, Maxine",,True,Other/Independent,142,36767,True
vic_la_2010,Melbourne,melbourne,277,https://www.vec.vic.gov.au/-/media/08680c0035b34af4b6ea2074edc763a4.pdf,be2dbabd5735ff7128fa9ac5ab3e05e99d41c3d7a4502d33959b7c3464da7567,4,"MARTIN, Luke",LIBERAL,False,Coalition,10281,36767,True
vic_la_2010,Melbourne,melbourne,277,https://www.vec.vic.gov.au/-/media/08680c0035b34af4b6ea2074edc763a4.pdf,be2dbabd5735ff7128fa9ac5ab3e05e99d41c3d7a4502d33959b7c3464da7567,5,"WALTERS, Brian",AUSTRALIAN GREENS,False,Greens,11735,36767,True
vic_la_2010,Melbourne,melbourne,277,https://www.vec.vic.gov.au/-/media/08680c0035b34af4b6ea2074edc763a4.pdf,be2dbabd5735ff7128fa9ac5ab3e05e99d41c3d7a4502d33959b7c3464da7567,6,"KILLEN, Rory",SEX PARTY,False,Other/Independent,1061,36767,True
vic_la_2010,Melbourne,melbourne,277,https://www.vec.vic.gov.au/-/media/08680c0035b34af4b6ea2074edc763a4.pdf,be2dbabd5735ff7128fa9ac5ab3e05e99d41c3d7a4502d33959b7c3464da7567,7,"PERKINS, John L.",,True,Other/Independent,201,36767,True
vic_la_2010,Melton,melton,281,https://www.vec.vic.gov.au/-/media/08680c0035b34af4b6ea2074edc763a4.pdf,be2dbabd5735ff7128fa9ac5ab3e05e99d41c3d7a4502d33959b7c3464da7567,1,"DeLEON, Matt",,True,Other/Independent,1260,37460,True
vic_la_2010,Melton,melton,281,https://www.vec.vic.gov.au/-/media/08680c0035b34af4b6ea2074edc763a4.pdf,be2dbabd5735ff7128fa9ac5ab3e05e99d41c3d7a4502d33959b7c3464da7567,2,"GUY, Ron",SOCIALIST ALLIANCE,False,Other/Independent,494,37460,True
vic_la_2010,Melton,melton,281,https://www.vec.vic.gov.au/-/media/08680c0035b34af4b6ea2074edc763a4.pdf,be2dbabd5735ff7128fa9ac5ab3e05e99d41c3d7a4502d33959b7c3464da7567,3,"MANGION, Sav",COUNTRY ALLIANCE,False,Other/Independent,893,37460,True
vic_la_2010,Melton,melton,281,https://www.vec.vic.gov.au/-/media/08680c0035b34af4b6ea2074edc763a4.pdf,be2dbabd5735ff7128fa9ac5ab3e05e99d41c3d7a4502d33959b7c3464da7567,4,"BRADFIELD, Katrina G.",AUSTRALIAN GREENS,False,Greens,3247,37460,True
vic_la_2010,Melton,melton,281,https://www.vec.vic.gov.au/-/media/08680c0035b34af4b6ea2074edc763a4.pdf,be2dbabd5735ff7128fa9ac5ab3e05e99d41c3d7a4502d33959b7c3464da7567,5,"SABEH, Samir",FAMILY FIRST,False,Other/Independent,1431,37460,True
vic_la_2010,Melton,melton,281,https://www.vec.vic.gov.au/-/media/08680c0035b34af4b6ea2074edc763a4.pdf,be2dbabd5735ff7128fa9ac5ab3e05e99d41c3d7a4502d33959b7c3464da7567,6,"NARDELLA,",AUSTRALIAN LABOR PARTY,False,ALP,18520,37460,True
vic_la_2010,Melton,melton,281,https://www.vec.vic.gov.au/-/media/08680c0035b34af4b6ea2074edc763a4.pdf,be2dbabd5735ff7128fa9ac5ab3e05e99d41c3d7a4502d33959b7c3464da7567,7,"Don KEAN, Braidy",LIBERAL,False,Coalition,11615,37460,True
vic_la_2010,Mildura,mildura,284,https://www.vec.vic.gov.au/-/media/08680c0035b34af4b6ea2074edc763a4.pdf,be2dbabd5735ff7128fa9ac5ab3e05e99d41c3d7a4502d33959b7c3464da7567,1,"GRAY, Christopher",FAMILY FIRST,False,Other/Independent,999,32512,True
vic_la_2010,Mildura,mildura,284,https://www.vec.vic.gov.au/-/media/08680c0035b34af4b6ea2074edc763a4.pdf,be2dbabd5735ff7128fa9ac5ab3e05e99d41c3d7a4502d33959b7c3464da7567,2,"MILNE, Glenn",,True,Other/Independent,5209,32512,True
vic_la_2010,Mildura,mildura,284,https://www.vec.vic.gov.au/-/media/08680c0035b34af4b6ea2074edc763a4.pdf,be2dbabd5735ff7128fa9ac5ab3e05e99d41c3d7a4502d33959b7c3464da7567,3,"REES, Gavin",AUSTRALIAN GREENS,False,Greens,563,32512,True
vic_la_2010,Mildura,mildura,284,https://www.vec.vic.gov.au/-/media/08680c0035b34af4b6ea2074edc763a4.pdf,be2dbabd5735ff7128fa9ac5ab3e05e99d41c3d7a4502d33959b7c3464da7567,4,"CUPPER, Ali",AUSTRALIAN LABOR PARTY,False,ALP,4943,32512,True
vic_la_2010,Mildura,mildura,284,https://www.vec.vic.gov.au/-/media/08680c0035b34af4b6ea2074edc763a4.pdf,be2dbabd5735ff7128fa9ac5ab3e05e99d41c3d7a4502d33959b7c3464da7567,5,"CRISP, Peter",THE NATIONALS,False,Coalition,15170,32512,True
vic_la_2010,Mildura,mildura,284,https://www.vec.vic.gov.au/-/media/08680c0035b34af4b6ea2074edc763a4.pdf,be2dbabd5735ff7128fa9ac5ab3e05e99d41c3d7a4502d33959b7c3464da7567,6,"TONGE, Doug",,True,Other/Independent,4696,32512,True
vic_la_2010,Mildura,mildura,284,https://www.vec.vic.gov.au/-/media/08680c0035b34af4b6ea2074edc763a4.pdf,be2dbabd5735ff7128fa9ac5ab3e05e99d41c3d7a4502d33959b7c3464da7567,7,"DOUGLASS, Ross",D.L.P. - DEMOCRATIC LABOR PARTY,False,Other/Independent,475,32512,True
vic_la_2010,Mildura,mildura,284,https://www.vec.vic.gov.au/-/media/08680c0035b34af4b6ea2074edc763a4.pdf,be2dbabd5735ff7128fa9ac5ab3e05e99d41c3d7a4502d33959b7c3464da7567,8,"CONNELL, Anthony",,True,Other/Independent,457,32512,True
vic_la_2010,Mill Park,mill-park,288,https://www.vec.vic.gov.au/-/media/08680c0035b34af4b6ea2074edc763a4.pdf,be2dbabd5735ff7128fa9ac5ab3e05e99d41c3d7a4502d33959b7c3464da7567,1,"D'AMBROSIO, Lily",AUSTRALIAN LABOR PARTY,False,ALP,21861,35904,True
vic_la_2010,Mill Park,mill-park,288,https://www.vec.vic.gov.au/-/media/08680c0035b34af4b6ea2074edc763a4.pdf,be2dbabd5735ff7128fa9ac5ab3e05e99d41c3d7a4502d33959b7c3464da7567,2,"COGGER, Phillip",FAMILY FIRST,False,Other/Independent,1901,35904,True
vic_la_2010,Mill Park,mill-park,288,https://www.vec.vic.gov.au/-/media/08680c0035b34af4b6ea2074edc763a4.pdf,be2dbabd5735ff7128fa9ac5ab3e05e99d41c3d7a4502d33959b7c3464da7567,3,"SEKHON, Gurm",AUSTRALIAN GREENS,False,Greens,2605,35904,True
vic_la_2010,Mill Park,mill-park,288,https://www.vec.vic.gov.au/-/media/08680c0035b34af4b6ea2074edc763a4.pdf,be2dbabd5735ff7128fa9ac5ab3e05e99d41c3d7a4502d33959b7c3464da7567,4,"CHUGHA, Peter",LIBERAL,False,Coalition,9537,35904,True
vic_la_2010,Mitcham,mitcham,290,https://www.vec.vic.gov.au/-/media/08680c0035b34af4b6ea2074edc763a4.pdf,be2dbabd5735ff7128fa9ac5ab3e05e99d41c3d7a4502d33959b7c3464da7567,1,"O'SHEA, Barry",D.L.P. - DEMOCRATIC LABOR PARTY,False,Other/Independent,632,33763,True
vic_la_2010,Mitcham,mitcham,290,https://www.vec.vic.gov.au/-/media/08680c0035b34af4b6ea2074edc763a4.pdf,be2dbabd5735ff7128fa9ac5ab3e05e99d41c3d7a4502d33959b7c3464da7567,2,"HA, Daniel",FAMILY FIRST,False,Other/Independent,758,33763,True
vic_la_2010,Mitcham,mitcham,290,https://www.vec.vic.gov.au/-/media/08680c0035b34af4b6ea2074edc763a4.pdf,be2dbabd5735ff7128fa9ac5ab3e05e99d41c3d7a4502d33959b7c3464da7567,3,"ROBINSON, Tony",AUSTRALIAN LABOR PARTY,False,ALP,11669,33763,True
vic_la_2010,Mitcham,mitcham,290,https://www.vec.vic.gov.au/-/media/08680c0035b34af4b6ea2074edc763a4.pdf,be2dbabd5735ff7128fa9ac5ab3e05e99d41c3d7a4502d33959b7c3464da7567,4,"ELLIOTT,",SEX PARTY,False,Other/Independent,963,33763,True
vic_la_2010,Mitcham,mitcham,290,https://www.vec.vic.gov.au/-/media/08680c0035b34af4b6ea2074edc763a4.pdf,be2dbabd5735ff7128fa9ac5ab3e05e99d41c3d7a4502d33959b7c3464da7567,5,"LEWIS, Sheridan Paul",AUSTRALIAN GREENS,False,Greens,4024,33763,True
vic_la_2010,Mitcham,mitcham,290,https://www.vec.vic.gov.au/-/media/08680c0035b34af4b6ea2074edc763a4.pdf,be2dbabd5735ff7128fa9ac5ab3e05e99d41c3d7a4502d33959b7c3464da7567,6,"RYALL, Dee",LIBERAL,False,Coalition,15717,33763,True
vic_la_2010,Monbulk,monbulk,293,https://www.vec.vic.gov.au/-/media/08680c0035b34af4b6ea2074edc763a4.pdf,be2dbabd5735ff7128fa9ac5ab3e05e99d41c3d7a4502d33959b7c3464da7567,1,"COYNE, Elizabeth",D.L.P. - DEMOCRATIC LABOR PARTY,False,Other/Independent,618,34088,True
vic_la_2010,Monbulk,monbulk,293,https://www.vec.vic.gov.au/-/media/08680c0035b34af4b6ea2074edc763a4.pdf,be2dbabd5735ff7128fa9ac5ab3e05e99d41c3d7a4502d33959b7c3464da7567,2,"GUNASEKERA, Rajeeva",FAMILY FIRST,False,Other/Independent,610,34088,True
vic_la_2010,Monbulk,monbulk,293,https://www.vec.vic.gov.au/-/media/08680c0035b34af4b6ea2074edc763a4.pdf,be2dbabd5735ff7128fa9ac5ab3e05e99d41c3d7a4502d33959b7c3464da7567,3,"MOBSBY, Lawrence Irwin",,True,Other/Independent,264,34088,True
vic_la_2010,Monbulk,monbulk,293,https://www.vec.vic.gov.au/-/media/08680c0035b34af4b6ea2074edc763a4.pdf,be2dbabd5735ff7128fa9ac5ab3e05e99d41c3d7a4502d33959b7c3464da7567,4,"MERLINO, James",AUSTRALIAN LABOR PARTY,False,ALP,12318,34088,True
vic_la_2010,Monbulk,monbulk,293,https://www.vec.vic.gov.au/-/media/08680c0035b34af4b6ea2074edc763a4.pdf,be2dbabd5735ff7128fa9ac5ab3e05e99d41c3d7a4502d33959b7c3464da7567,5,"TENNER, Jo",AUSTRALIAN GREENS,False,Greens,5244,34088,True
vic_la_2010,Monbulk,monbulk,293,https://www.vec.vic.gov.au/-/media/08680c0035b34af4b6ea2074edc763a4.pdf,be2dbabd5735ff7128fa9ac5ab3e05e99d41c3d7a4502d33959b7c3464da7567,6,"PICKNELL, Simon",COUNTRY ALLIANCE,False,Other/Independent,528,34088,True
vic_la_2010,Monbulk,monbulk,293,https://www.vec.vic.gov.au/-/media/08680c0035b34af4b6ea2074edc763a4.pdf,be2dbabd5735ff7128fa9ac5ab3e05e99d41c3d7a4502d33959b7c3464da7567,7,"MILLS, Matt",LIBERAL,False,Coalition,14506,34088,True
vic_la_2010,Mordialloc,mordialloc,296,https://www.vec.vic.gov.au/-/media/08680c0035b34af4b6ea2074edc763a4.pdf,be2dbabd5735ff7128fa9ac5ab3e05e99d41c3d7a4502d33959b7c3464da7567,1,"FETEIHA, Camellia",AUSTRALIAN GREENS,False,Greens,3443,36753,True
vic_la_2010,Mordialloc,mordialloc,296,https://www.vec.vic.gov.au/-/media/08680c0035b34af4b6ea2074edc763a4.pdf,be2dbabd5735ff7128fa9ac5ab3e05e99d41c3d7a4502d33959b7c3464da7567,2,"CARTY, Michael",,True,Other/Independent,225,36753,True
vic_la_2010,Mordialloc,mordialloc,296,https://www.vec.vic.gov.au/-/media/08680c0035b34af4b6ea2074edc763a4.pdf,be2dbabd5735ff7128fa9ac5ab3e05e99d41c3d7a4502d33959b7c3464da7567,3,"HOULT, Brandon",,True,Other/Independent,152,36753,True
vic_la_2010,Mordialloc,mordialloc,296,https://www.vec.vic.gov.au/-/media/08680c0035b34af4b6ea2074edc763a4.pdf,be2dbabd5735ff7128fa9ac5ab3e05e99d41c3d7a4502d33959b7c3464da7567,4,"KILLEN, Tom",SEX PARTY,False,Other/Independent,764,36753,True
vic_la_2010,Mordialloc,mordialloc,296,https://www.vec.vic.gov.au/-/media/08680c0035b34af4b6ea2074edc763a4.pdf,be2dbabd5735ff7128fa9ac5ab3e05e99d41c3d7a4502d33959b7c3464da7567,5,"NOWLAND, Stephen",FAMILY FIRST,False,Other/Independent,552,36753,True
vic_la_2010,Mordialloc,mordialloc,296,https://www.vec.vic.gov.au/-/media/08680c0035b34af4b6ea2074edc763a4.pdf,be2dbabd5735ff7128fa9ac5ab3e05e99d41c3d7a4502d33959b7c3464da7567,6,"MUNT, Janice",AUSTRALIAN LABOR PARTY,False,ALP,13778,36753,True
vic_la_2010,Mordialloc,mordialloc,296,https://www.vec.vic.gov.au/-/media/08680c0035b34af4b6ea2074edc763a4.pdf,be2dbabd5735ff7128fa9ac5ab3e05e99d41c3d7a4502d33959b7c3464da7567,7,"WREFORD, Lorraine",LIBERAL,False,Coalition,17223,36753,True
vic_la_2010,Mordialloc,mordialloc,296,https://www.vec.vic.gov.au/-/media/08680c0035b34af4b6ea2074edc763a4.pdf,be2dbabd5735ff7128fa9ac5ab3e05e99d41c3d7a4502d33959b7c3464da7567,8,"LEACH, James",D.L.P. - DEMOCRATIC LABOR PARTY,False,Other/Independent,514,36753,True
vic_la_2010,Mordialloc,mordialloc,296,https://www.vec.vic.gov.au/-/media/08680c0035b34af4b6ea2074edc763a4.pdf,be2dbabd5735ff7128fa9ac5ab3e05e99d41c3d7a4502d33959b7c3464da7567,9,"DENVIR, Frank John",,True,Other/Independent,102,36753,True
vic_la_2010,Mornington,mornington,299,https://www.vec.vic.gov.au/-/media/08680c0035b34af4b6ea2074edc763a4.pdf,be2dbabd5735ff7128fa9ac5ab3e05e99d41c3d7a4502d33959b7c3464da7567,1,"MORRIS, David",LIBERAL,False,Coalition,22238,36197,True
vic_la_2010,Mornington,mornington,299,https://www.vec.vic.gov.au/-/media/08680c0035b34af4b6ea2074edc763a4.pdf,be2dbabd5735ff7128fa9ac5ab3e05e99d41c3d7a4502d33959b7c3464da7567,2,"DOOLEY, James",AUSTRALIAN LABOR PARTY,False,ALP,9119,36197,True
vic_la_2010,Mornington,mornington,299,https://www.vec.vic.gov.au/-/media/08680c0035b34af4b6ea2074edc763a4.pdf,be2dbabd5735ff7128fa9ac5ab3e05e99d41c3d7a4502d33959b7c3464da7567,3,"TAYLOR, Matt",,True,Other/Independent,606,36197,True
vic_la_2010,Mornington,mornington,299,https://www.vec.vic.gov.au/-/media/08680c0035b34af4b6ea2074edc763a4.pdf,be2dbabd5735ff7128fa9ac5ab3e05e99d41c3d7a4502d33959b7c3464da7567,4,"SCHAFER, Stephen",COUNTRY ALLIANCE,False,Other/Independent,411,36197,True
vic_la_2010,Mornington,mornington,299,https://www.vec.vic.gov.au/-/media/08680c0035b34af4b6ea2074edc763a4.pdf,be2dbabd5735ff7128fa9ac5ab3e05e99d41c3d7a4502d33959b7c3464da7567,5,"RUSH, Martin",AUSTRALIAN GREENS,False,Greens,3823,36197,True
vic_la_2010,Morwell,morwell,301,https://www.vec.vic.gov.au/-/media/08680c0035b34af4b6ea2074edc763a4.pdf,be2dbabd5735ff7128fa9ac5ab3e05e99d41c3d7a4502d33959b7c3464da7567,1,"GARDNER, Peter",,True,Other/Independent,574,34216,True
vic_la_2010,Morwell,morwell,301,https://www.vec.vic.gov.au/-/media/08680c0035b34af4b6ea2074edc763a4.pdf,be2dbabd5735ff7128fa9ac5ab3e05e99d41c3d7a4502d33959b7c3464da7567,2,"JORDAN, Dan",AUSTRALIAN GREENS,False,Greens,1645,34216,True
vic_la_2010,Morwell,morwell,301,https://www.vec.vic.gov.au/-/media/08680c0035b34af4b6ea2074edc763a4.pdf,be2dbabd5735ff7128fa9ac5ab3e05e99d41c3d7a4502d33959b7c3464da7567,3,"BAKER, Glyn",,True,Other/Independent,851,34216,True
vic_la_2010,Morwell,morwell,301,https://www.vec.vic.gov.au/-/media/08680c0035b34af4b6ea2074edc763a4.pdf,be2dbabd5735ff7128fa9ac5ab3e05e99d41c3d7a4502d33959b7c3464da7567,4,"KELLY, Peter",COUNTRY ALLIANCE,False,Other/Independent,1226,34216,True
vic_la_2010,Morwell,morwell,301,https://www.vec.vic.gov.au/-/media/08680c0035b34af4b6ea2074edc763a4.pdf,be2dbabd5735ff7128fa9ac5ab3e05e99d41c3d7a4502d33959b7c3464da7567,5,"SIGMUND, Lou",,True,Other/Independent,968,34216,True
vic_la_2010,Morwell,morwell,301,https://www.vec.vic.gov.au/-/media/08680c0035b34af4b6ea2074edc763a4.pdf,be2dbabd5735ff7128fa9ac5ab3e05e99d41c3d7a4502d33959b7c3464da7567,6,"NORTHE, Russell",THE NATIONALS,False,Coalition,19200,34216,True
vic_la_2010,Morwell,morwell,301,https://www.vec.vic.gov.au/-/media/08680c0035b34af4b6ea2074edc763a4.pdf,be2dbabd5735ff7128fa9ac5ab3e05e99d41c3d7a4502d33959b7c3464da7567,7,"MIDDLEMISS, Graeme",AUSTRALIAN LABOR PARTY,False,ALP,9752,34216,True
vic_la_2010,Mount Waverley,mount-waverley,303,https://www.vec.vic.gov.au/-/media/08680c0035b34af4b6ea2074edc763a4.pdf,be2dbabd5735ff7128fa9ac5ab3e05e99d41c3d7a4502d33959b7c3464da7567,1,"CANAVAN, John",FAMILY FIRST,False,Other/Independent,815,33358,True
vic_la_2010,Mount Waverley,mount-waverley,303,https://www.vec.vic.gov.au/-/media/08680c0035b34af4b6ea2074edc763a4.pdf,be2dbabd5735ff7128fa9ac5ab3e05e99d41c3d7a4502d33959b7c3464da7567,2,"KHAN, Ali",,True,Other/Independent,336,33358,True
vic_la_2010,Mount Waverley,mount-waverley,303,https://www.vec.vic.gov.au/-/media/08680c0035b34af4b6ea2074edc763a4.pdf,be2dbabd5735ff7128fa9ac5ab3e05e99d41c3d7a4502d33959b7c3464da7567,3,"FERGEUS, Josh",AUSTRALIAN GREENS,False,Greens,2548,33358,True
vic_la_2010,Mount Waverley,mount-waverley,303,https://www.vec.vic.gov.au/-/media/08680c0035b34af4b6ea2074edc763a4.pdf,be2dbabd5735ff7128fa9ac5ab3e05e99d41c3d7a4502d33959b7c3464da7567,4,"GIDLEY, Michael",LIBERAL,False,Coalition,17126,33358,True
vic_la_2010,Mount Waverley,mount-waverley,303,https://www.vec.vic.gov.au/-/media/08680c0035b34af4b6ea2074edc763a4.pdf,be2dbabd5735ff7128fa9ac5ab3e05e99d41c3d7a4502d33959b7c3464da7567,5,"MORAND, Maxine",AUSTRALIAN LABOR PARTY,False,ALP,11420,33358,True
vic_la_2010,Mount Waverley,mount-waverley,303,https://www.vec.vic.gov.au/-/media/08680c0035b34af4b6ea2074edc763a4.pdf,be2dbabd5735ff7128fa9ac5ab3e05e99d41c3d7a4502d33959b7c3464da7567,6,"CHEVALLIER, Lisa Alexandra",SEX PARTY,False,Other/Independent,578,33358,True
vic_la_2010,Mount Waverley,mount-waverley,303,https://www.vec.vic.gov.au/-/media/08680c0035b34af4b6ea2074edc763a4.pdf,be2dbabd5735ff7128fa9ac5ab3e05e99d41c3d7a4502d33959b7c3464da7567,7,"KELLY, Des",D.L.P. - DEMOCRATIC LABOR PARTY,False,Other/Independent,535,33358,True
vic_la_2010,Mulgrave,mulgrave,305,https://www.vec.vic.gov.au/-/media/08680c0035b34af4b6ea2074edc763a4.pdf,be2dbabd5735ff7128fa9ac5ab3e05e99d41c3d7a4502d33959b7c3464da7567,1,"ANDREWS, Daniel",AUSTRALIAN LABOR PARTY,False,ALP,15392,30368,True
vic_la_2010,Mulgrave,mulgrave,305,https://www.vec.vic.gov.au/-/media/08680c0035b34af4b6ea2074edc763a4.pdf,be2dbabd5735ff7128fa9ac5ab3e05e99d41c3d7a4502d33959b7c3464da7567,2,"MANN, Courtney",LIBERAL,False,Coalition,11166,30368,True
vic_la_2010,Mulgrave,mulgrave,305,https://www.vec.vic.gov.au/-/media/08680c0035b34af4b6ea2074edc763a4.pdf,be2dbabd5735ff7128fa9ac5ab3e05e99d41c3d7a4502d33959b7c3464da7567,3,"JOHNSON, Jim",FAMILY FIRST,False,Other/Independent,1041,30368,True
vic_la_2010,Mulgrave,mulgrave,305,https://www.vec.vic.gov.au/-/media/08680c0035b34af4b6ea2074edc763a4.pdf,be2dbabd5735ff7128fa9ac5ab3e05e99d41c3d7a4502d33959b7c3464da7567,4,"JANETZKI, John",AUSTRALIAN GREENS,False,Greens,2173,30368,True
vic_la_2010,Mulgrave,mulgrave,305,https://www.vec.vic.gov.au/-/media/08680c0035b34af4b6ea2074edc763a4.pdf,be2dbabd5735ff7128fa9ac5ab3e05e99d41c3d7a4502d33959b7c3464da7567,5,"KOKOSZKA, Geraldine",D.L.P. - DEMOCRATIC LABOR PARTY,False,Other/Independent,596,30368,True
vic_la_2010,Murray Valley,murray-valley,307,https://www.vec.vic.gov.au/-/media/08680c0035b34af4b6ea2074edc763a4.pdf,be2dbabd5735ff7128fa9ac5ab3e05e99d41c3d7a4502d33959b7c3464da7567,1,"ENSHAW, Lachlan",AUSTRALIAN LABOR PARTY,False,ALP,7065,34100,True
vic_la_2010,Murray Valley,murray-valley,307,https://www.vec.vic.gov.au/-/media/08680c0035b34af4b6ea2074edc763a4.pdf,be2dbabd5735ff7128fa9ac5ab3e05e99d41c3d7a4502d33959b7c3464da7567,2,"HUNGERFORD, Ray",FAMILY FIRST,False,Other/Independent,1073,34100,True
vic_la_2010,Murray Valley,murray-valley,307,https://www.vec.vic.gov.au/-/media/08680c0035b34af4b6ea2074edc763a4.pdf,be2dbabd5735ff7128fa9ac5ab3e05e99d41c3d7a4502d33959b7c3464da7567,3,"WATSON, Peter",COUNTRY ALLIANCE,False,Other/Independent,2668,34100,True
vic_la_2010,Murray Valley,murray-valley,307,https://www.vec.vic.gov.au/-/media/08680c0035b34af4b6ea2074edc763a4.pdf,be2dbabd5735ff7128fa9ac5ab3e05e99d41c3d7a4502d33959b7c3464da7567,4,"McCURDY, Tim",THE NATIONALS,False,Coalition,18357,34100,True
vic_la_2010,Murray Valley,murray-valley,307,https://www.vec.vic.gov.au/-/media/08680c0035b34af4b6ea2074edc763a4.pdf,be2dbabd5735ff7128fa9ac5ab3e05e99d41c3d7a4502d33959b7c3464da7567,5,"PAINO, Roberto",,True,Other/Independent,3339,34100,True
vic_la_2010,Murray Valley,murray-valley,307,https://www.vec.vic.gov.au/-/media/08680c0035b34af4b6ea2074edc763a4.pdf,be2dbabd5735ff7128fa9ac5ab3e05e99d41c3d7a4502d33959b7c3464da7567,6,"RALPH, Doug",AUSTRALIAN GREENS,False,Greens,1598,34100,True
vic_la_2010,Narracan,narracan,309,https://www.vec.vic.gov.au/-/media/08680c0035b34af4b6ea2074edc763a4.pdf,be2dbabd5735ff7128fa9ac5ab3e05e99d41c3d7a4502d33959b7c3464da7567,1,"ROGERS, Belinda",AUSTRALIAN GREENS,False,Greens,2967,38179,True
vic_la_2010,Narracan,narracan,309,https://www.vec.vic.gov.au/-/media/08680c0035b34af4b6ea2074edc763a4.pdf,be2dbabd5735ff7128fa9ac5ab3e05e99d41c3d7a4502d33959b7c3464da7567,2,"WEBB, Jenny",,True,Other/Independent,777,38179,True
vic_la_2010,Narracan,narracan,309,https://www.vec.vic.gov.au/-/media/08680c0035b34af4b6ea2074edc763a4.pdf,be2dbabd5735ff7128fa9ac5ab3e05e99d41c3d7a4502d33959b7c3464da7567,3,"DUNGEY, Brian",COUNTRY ALLIANCE,False,Other/Independent,1638,38179,True
vic_la_2010,Narracan,narracan,309,https://www.vec.vic.gov.au/-/media/08680c0035b34af4b6ea2074edc763a4.pdf,be2dbabd5735ff7128fa9ac5ab3e05e99d41c3d7a4502d33959b7c3464da7567,4,"FLYNN, Tony",AUSTRALIAN LABOR PARTY,False,ALP,11161,38179,True
vic_la_2010,Narracan,narracan,309,https://www.vec.vic.gov.au/-/media/08680c0035b34af4b6ea2074edc763a4.pdf,be2dbabd5735ff7128fa9ac5ab3e05e99d41c3d7a4502d33959b7c3464da7567,5,"BLACKWOOD, Gary",LIBERAL,False,Coalition,21636,38179,True
vic_la_2010,Narre Warren North,narre-warren-north,311,https://www.vec.vic.gov.au/-/media/08680c0035b34af4b6ea2074edc763a4.pdf,be2dbabd5735ff7128fa9ac5ab3e05e99d41c3d7a4502d33959b7c3464da7567,1,"SANT, Carmen",D.L.P. - DEMOCRATIC LABOR PARTY,False,Other/Independent,1094,35377,True
vic_la_2010,Narre Warren North,narre-warren-north,311,https://www.vec.vic.gov.au/-/media/08680c0035b34af4b6ea2074edc763a4.pdf,be2dbabd5735ff7128fa9ac5ab3e05e99d41c3d7a4502d33959b7c3464da7567,2,"SCHILLING, Michael",AUSTRALIAN GREENS,False,Greens,2443,35377,True
vic_la_2010,Narre Warren North,narre-warren-north,311,https://www.vec.vic.gov.au/-/media/08680c0035b34af4b6ea2074edc763a4.pdf,be2dbabd5735ff7128fa9ac5ab3e05e99d41c3d7a4502d33959b7c3464da7567,3,"RICHARDSON, Paul",,True,Other/Independent,604,35377,True
vic_la_2010,Narre Warren North,narre-warren-north,311,https://www.vec.vic.gov.au/-/media/08680c0035b34af4b6ea2074edc763a4.pdf,be2dbabd5735ff7128fa9ac5ab3e05e99d41c3d7a4502d33959b7c3464da7567,4,"DONNELLAN, Luke",AUSTRALIAN LABOR PARTY,False,ALP,15043,35377,True
vic_la_2010,Narre Warren North,narre-warren-north,311,https://www.vec.vic.gov.au/-/media/08680c0035b34af4b6ea2074edc763a4.pdf,be2dbabd5735ff7128fa9ac5ab3e05e99d41c3d7a4502d33959b7c3464da7567,5,"McKENZIE, Lissa",FAMILY FIRST,False,Other/Independent,1222,35377,True
vic_la_2010,Narre Warren North,narre-warren-north,311,https://www.vec.vic.gov.au/-/media/08680c0035b34af4b6ea2074edc763a4.pdf,be2dbabd5735ff7128fa9ac5ab3e05e99d41c3d7a4502d33959b7c3464da7567,6,"HASSAN, Taimour",,True,Other/Independent,228,35377,True
vic_la_2010,Narre Warren North,narre-warren-north,311,https://www.vec.vic.gov.au/-/media/08680c0035b34af4b6ea2074edc763a4.pdf,be2dbabd5735ff7128fa9ac5ab3e05e99d41c3d7a4502d33959b7c3464da7567,7,"FRAZER, Michelle",LIBERAL,False,Coalition,14743,35377,True
vic_la_2010,Narre Warren South,narre-warren-south,314,https://www.vec.vic.gov.au/-/media/08680c0035b34af4b6ea2074edc763a4.pdf,be2dbabd5735ff7128fa9ac5ab3e05e99d41c3d7a4502d33959b7c3464da7567,1,"ENDRES, Claus",AUSTRALIAN GREENS,False,Greens,3244,45892,True
vic_la_2010,Narre Warren South,narre-warren-south,314,https://www.vec.vic.gov.au/-/media/08680c0035b34af4b6ea2074edc763a4.pdf,be2dbabd5735ff7128fa9ac5ab3e05e99d41c3d7a4502d33959b7c3464da7567,2,"M. GRALEY, Judith",AUSTRALIAN LABOR PARTY,False,ALP,22007,45892,True
vic_la_2010,Narre Warren South,narre-warren-south,314,https://www.vec.vic.gov.au/-/media/08680c0035b34af4b6ea2074edc763a4.pdf,be2dbabd5735ff7128fa9ac5ab3e05e99d41c3d7a4502d33959b7c3464da7567,3,"ROWE, Gary",LIBERAL,False,Coalition,17402,45892,True
vic_la_2010,Narre Warren South,narre-warren-south,314,https://www.vec.vic.gov.au/-/media/08680c0035b34af4b6ea2074edc763a4.pdf,be2dbabd5735ff7128fa9ac5ab3e05e99d41c3d7a4502d33959b7c3464da7567,4,"GEORGE, Ian",,True,Other/Independent,493,45892,True
vic_la_2010,Narre Warren South,narre-warren-south,314,https://www.vec.vic.gov.au/-/media/08680c0035b34af4b6ea2074edc763a4.pdf,be2dbabd5735ff7128fa9ac5ab3e05e99d41c3d7a4502d33959b7c3464da7567,5,"DUNLEAVY, Angela",,True,Other/Independent,416,45892,True
vic_la_2010,Narre Warren South,narre-warren-south,314,https://www.vec.vic.gov.au/-/media/08680c0035b34af4b6ea2074edc763a4.pdf,be2dbabd5735ff7128fa9ac5ab3e05e99d41c3d7a4502d33959b7c3464da7567,6,"DODD, Nathan",D.L.P. - DEMOCRATIC LABOR PARTY,False,Other/Independent,685,45892,True
vic_la_2010,Narre Warren South,narre-warren-south,314,https://www.vec.vic.gov.au/-/media/08680c0035b34af4b6ea2074edc763a4.pdf,be2dbabd5735ff7128fa9ac5ab3e05e99d41c3d7a4502d33959b7c3464da7567,7,"KONKEL, Mark",FAMILY FIRST,False,Other/Independent,1645,45892,True
vic_la_2010,Nepean,nepean,317,https://www.vec.vic.gov.au/-/media/08680c0035b34af4b6ea2074edc763a4.pdf,be2dbabd5735ff7128fa9ac5ab3e05e99d41c3d7a4502d33959b7c3464da7567,1,"DIXON, Martin",LIBERAL,False,Coalition,20700,34648,True
vic_la_2010,Nepean,nepean,317,https://www.vec.vic.gov.au/-/media/08680c0035b34af4b6ea2074edc763a4.pdf,be2dbabd5735ff7128fa9ac5ab3e05e99d41c3d7a4502d33959b7c3464da7567,2,"VIGENSER, Anton",AUSTRALIAN GREENS,False,Greens,4176,34648,True
vic_la_2010,Nepean,nepean,317,https://www.vec.vic.gov.au/-/media/08680c0035b34af4b6ea2074edc763a4.pdf,be2dbabd5735ff7128fa9ac5ab3e05e99d41c3d7a4502d33959b7c3464da7567,3,"LYON, Keith",COUNTRY ALLIANCE,False,Other/Independent,439,34648,True
vic_la_2010,Nepean,nepean,317,https://www.vec.vic.gov.au/-/media/08680c0035b34af4b6ea2074edc763a4.pdf,be2dbabd5735ff7128fa9ac5ab3e05e99d41c3d7a4502d33959b7c3464da7567,4,"LANNAN, John",AUSTRALIAN LABOR PARTY,False,ALP,9333,34648,True
vic_la_2010,Niddrie,niddrie,319,https://www.vec.vic.gov.au/-/media/08680c0035b34af4b6ea2074edc763a4.pdf,be2dbabd5735ff7128fa9ac5ab3e05e99d41c3d7a4502d33959b7c3464da7567,1,"MARKOVIC, Mark",FAMILY FIRST,False,Other/Independent,1263,31597,True
vic_la_2010,Niddrie,niddrie,319,https://www.vec.vic.gov.au/-/media/08680c0035b34af4b6ea2074edc763a4.pdf,be2dbabd5735ff7128fa9ac5ab3e05e99d41c3d7a4502d33959b7c3464da7567,2,"HULLS, Rob",AUSTRALIAN LABOR PARTY,False,ALP,14435,31597,True
vic_la_2010,Niddrie,niddrie,319,https://www.vec.vic.gov.au/-/media/08680c0035b34af4b6ea2074edc763a4.pdf,be2dbabd5735ff7128fa9ac5ab3e05e99d41c3d7a4502d33959b7c3464da7567,3,"NOTT, John David",,True,Other/Independent,140,31597,True
vic_la_2010,Niddrie,niddrie,319,https://www.vec.vic.gov.au/-/media/08680c0035b34af4b6ea2074edc763a4.pdf,be2dbabd5735ff7128fa9ac5ab3e05e99d41c3d7a4502d33959b7c3464da7567,4,"ROBERTS, Brian",,True,Other/Independent,162,31597,True
vic_la_2010,Niddrie,niddrie,319,https://www.vec.vic.gov.au/-/media/08680c0035b34af4b6ea2074edc763a4.pdf,be2dbabd5735ff7128fa9ac5ab3e05e99d41c3d7a4502d33959b7c3464da7567,5,"LITTLE, Jim",,True,Other/Independent,1516,31597,True
vic_la_2010,Niddrie,niddrie,319,https://www.vec.vic.gov.au/-/media/08680c0035b34af4b6ea2074edc763a4.pdf,be2dbabd5735ff7128fa9ac5ab3e05e99d41c3d7a4502d33959b7c3464da7567,6,"LIVESAY, Robert",,True,Other/Independent,131,31597,True
vic_la_2010,Niddrie,niddrie,319,https://www.vec.vic.gov.au/-/media/08680c0035b34af4b6ea2074edc763a4.pdf,be2dbabd5735ff7128fa9ac5ab3e05e99d41c3d7a4502d33959b7c3464da7567,7,"MEDCRAFT, Steve",,True,Other/Independent,499,31597,True
vic_la_2010,Niddrie,niddrie,319,https://www.vec.vic.gov.au/-/media/08680c0035b34af4b6ea2074edc763a4.pdf,be2dbabd5735ff7128fa9ac5ab3e05e99d41c3d7a4502d33959b7c3464da7567,8,"BAUCH, Joh",LIBERAL,False,Coalition,11000,31597,True
vic_la_2010,Niddrie,niddrie,319,https://www.vec.vic.gov.au/-/media/08680c0035b34af4b6ea2074edc763a4.pdf,be2dbabd5735ff7128fa9ac5ab3e05e99d41c3d7a4502d33959b7c3464da7567,9,"BLACK, Leharna",AUSTRALIAN GREENS,False,Greens,2451,31597,True
vic_la_2010,Northcote,northcote,322,https://www.vec.vic.gov.au/-/media/08680c0035b34af4b6ea2074edc763a4.pdf,be2dbabd5735ff7128fa9ac5ab3e05e99d41c3d7a4502d33959b7c3464da7567,1,"MARTINELLI, Anne",AUSTRALIAN GREENS,False,Greens,10927,35422,True
vic_la_2010,Northcote,northcote,322,https://www.vec.vic.gov.au/-/media/08680c0035b34af4b6ea2074edc763a4.pdf,be2dbabd5735ff7128fa9ac5ab3e05e99d41c3d7a4502d33959b7c3464da7567,2,"BISHOP, Robert",SEX PARTY,False,Other/Independent,1098,35422,True
vic_la_2010,Northcote,northcote,322,https://www.vec.vic.gov.au/-/media/08680c0035b34af4b6ea2074edc763a4.pdf,be2dbabd5735ff7128fa9ac5ab3e05e99d41c3d7a4502d33959b7c3464da7567,3,"MARINO, Dominic",,True,Other/Independent,213,35422,True
vic_la_2010,Northcote,northcote,322,https://www.vec.vic.gov.au/-/media/08680c0035b34af4b6ea2074edc763a4.pdf,be2dbabd5735ff7128fa9ac5ab3e05e99d41c3d7a4502d33959b7c3464da7567,4,"RICHARDSON, Fiona",AUSTRALIAN LABOR PARTY,False,ALP,15917,35422,True
vic_la_2010,Northcote,northcote,322,https://www.vec.vic.gov.au/-/media/08680c0035b34af4b6ea2074edc763a4.pdf,be2dbabd5735ff7128fa9ac5ab3e05e99d41c3d7a4502d33959b7c3464da7567,5,"MORAN, Steve",LIBERAL,False,Coalition,6863,35422,True
vic_la_2010,Northcote,northcote,322,https://www.vec.vic.gov.au/-/media/08680c0035b34af4b6ea2074edc763a4.pdf,be2dbabd5735ff7128fa9ac5ab3e05e99d41c3d7a4502d33959b7c3464da7567,6,"LEWIN-HILL, Darren",,True,Other/Independent,404,35422,True
vic_la_2010,Oakleigh,oakleigh,326,https://www.vec.vic.gov.au/-/media/08680c0035b34af4b6ea2074edc763a4.pdf,be2dbabd5735ff7128fa9ac5ab3e05e99d41c3d7a4502d33959b7c3464da7567,1,"BARKER, Ann",AUSTRALIAN LABOR PARTY,False,ALP,12888,31457,True
vic_la_2010,Oakleigh,oakleigh,326,https://www.vec.vic.gov.au/-/media/08680c0035b34af4b6ea2074edc763a4.pdf,be2dbabd5735ff7128fa9ac5ab3e05e99d41c3d7a4502d33959b7c3464da7567,2,"WHYTE, Eleanor",AUSTRALIAN GREENS,False,Greens,4719,31457,True
vic_la_2010,Oakleigh,oakleigh,326,https://www.vec.vic.gov.au/-/media/08680c0035b34af4b6ea2074edc763a4.pdf,be2dbabd5735ff7128fa9ac5ab3e05e99d41c3d7a4502d33959b7c3464da7567,3,"IDE, Alan",,True,Other/Independent,323,31457,True
vic_la_2010,Oakleigh,oakleigh,326,https://www.vec.vic.gov.au/-/media/08680c0035b34af4b6ea2074edc763a4.pdf,be2dbabd5735ff7128fa9ac5ab3e05e99d41c3d7a4502d33959b7c3464da7567,4,"ZOGRAPHOS, Theo",LIBERAL,False,Coalition,12616,31457,True
vic_la_2010,Oakleigh,oakleigh,326,https://www.vec.vic.gov.au/-/media/08680c0035b34af4b6ea2074edc763a4.pdf,be2dbabd5735ff7128fa9ac5ab3e05e99d41c3d7a4502d33959b7c3464da7567,5,"GRIGAS, George",FAMILY FIRST,False,Other/Independent,423,31457,True
vic_la_2010,Oakleigh,oakleigh,326,https://www.vec.vic.gov.au/-/media/08680c0035b34af4b6ea2074edc763a4.pdf,be2dbabd5735ff7128fa9ac5ab3e05e99d41c3d7a4502d33959b7c3464da7567,6,"GRINTER, Matthew",D.L.P. - DEMOCRATIC LABOR PARTY,False,Other/Independent,488,31457,True
vic_la_2010,Pascoe Vale,pascoe-vale,329,https://www.vec.vic.gov.au/-/media/08680c0035b34af4b6ea2074edc763a4.pdf,be2dbabd5735ff7128fa9ac5ab3e05e99d41c3d7a4502d33959b7c3464da7567,1,"CAMPBELL, Christine",AUSTRALIAN LABOR PARTY,False,ALP,18795,34980,True
vic_la_2010,Pascoe Vale,pascoe-vale,329,https://www.vec.vic.gov.au/-/media/08680c0035b34af4b6ea2074edc763a4.pdf,be2dbabd5735ff7128fa9ac5ab3e05e99d41c3d7a4502d33959b7c3464da7567,2,"TOMISICH, Claude",LIBERAL,False,Coalition,9823,34980,True
vic_la_2010,Pascoe Vale,pascoe-vale,329,https://www.vec.vic.gov.au/-/media/08680c0035b34af4b6ea2074edc763a4.pdf,be2dbabd5735ff7128fa9ac5ab3e05e99d41c3d7a4502d33959b7c3464da7567,3,"HICKEY, Alf Angelo",,True,Other/Independent,679,34980,True
vic_la_2010,Pascoe Vale,pascoe-vale,329,https://www.vec.vic.gov.au/-/media/08680c0035b34af4b6ea2074edc763a4.pdf,be2dbabd5735ff7128fa9ac5ab3e05e99d41c3d7a4502d33959b7c3464da7567,4,"FARRELLY, Liam Shaun",AUSTRALIAN GREENS,False,Greens,5683,34980,True
vic_la_2010,Polwarth,polwarth,331,https://www.vec.vic.gov.au/-/media/08680c0035b34af4b6ea2074edc763a4.pdf,be2dbabd5735ff7128fa9ac5ab3e05e99d41c3d7a4502d33959b7c3464da7567,1,"MODRA, John",FAMILY FIRST,False,Other/Independent,1211,38409,True
vic_la_2010,Polwarth,polwarth,331,https://www.vec.vic.gov.au/-/media/08680c0035b34af4b6ea2074edc763a4.pdf,be2dbabd5735ff7128fa9ac5ab3e05e99d41c3d7a4502d33959b7c3464da7567,2,"KERR, Garry",COUNTRY ALLIANCE,False,Other/Independent,1502,38409,True
vic_la_2010,Polwarth,polwarth,331,https://www.vec.vic.gov.au/-/media/08680c0035b34af4b6ea2074edc763a4.pdf,be2dbabd5735ff7128fa9ac5ab3e05e99d41c3d7a4502d33959b7c3464da7567,3,"MULDER, Terry",LIBERAL,False,Coalition,21245,38409,True
vic_la_2010,Polwarth,polwarth,331,https://www.vec.vic.gov.au/-/media/08680c0035b34af4b6ea2074edc763a4.pdf,be2dbabd5735ff7128fa9ac5ab3e05e99d41c3d7a4502d33959b7c3464da7567,4,"CROOK, Brian",AUSTRALIAN LABOR PARTY,False,ALP,10432,38409,True
vic_la_2010,Polwarth,polwarth,331,https://www.vec.vic.gov.au/-/media/08680c0035b34af4b6ea2074edc763a4.pdf,be2dbabd5735ff7128fa9ac5ab3e05e99d41c3d7a4502d33959b7c3464da7567,5,"ATHERDEN, Natalie",AUSTRALIAN GREENS,False,Greens,3235,38409,True
vic_la_2010,Polwarth,polwarth,331,https://www.vec.vic.gov.au/-/media/08680c0035b34af4b6ea2074edc763a4.pdf,be2dbabd5735ff7128fa9ac5ab3e05e99d41c3d7a4502d33959b7c3464da7567,6,"BEALE, Grant",,True,Other/Independent,784,38409,True
vic_la_2010,Prahran,prahran,333,https://www.vec.vic.gov.au/-/media/08680c0035b34af4b6ea2074edc763a4.pdf,be2dbabd5735ff7128fa9ac5ab3e05e99d41c3d7a4502d33959b7c3464da7567,1,"NEWTON-BROWN, Clem",LIBERAL,False,Coalition,16197,33776,True
vic_la_2010,Prahran,prahran,333,https://www.vec.vic.gov.au/-/media/08680c0035b34af4b6ea2074edc763a4.pdf,be2dbabd5735ff7128fa9ac5ab3e05e99d41c3d7a4502d33959b7c3464da7567,2,"CHRISTOFAKIS, Meni",AUSTRALIAN GREENS,False,Greens,6685,33776,True
vic_la_2010,Prahran,prahran,333,https://www.vec.vic.gov.au/-/media/08680c0035b34af4b6ea2074edc763a4.pdf,be2dbabd5735ff7128fa9ac5ab3e05e99d41c3d7a4502d33959b7c3464da7567,3,"ANDERSON, Katharine",,True,Other/Independent,239,33776,True
vic_la_2010,Prahran,prahran,333,https://www.vec.vic.gov.au/-/media/08680c0035b34af4b6ea2074edc763a4.pdf,be2dbabd5735ff7128fa9ac5ab3e05e99d41c3d7a4502d33959b7c3464da7567,4,"RONCHI, Simon",FAMILY FIRST,False,Other/Independent,198,33776,True
vic_la_2010,Prahran,prahran,333,https://www.vec.vic.gov.au/-/media/08680c0035b34af4b6ea2074edc763a4.pdf,be2dbabd5735ff7128fa9ac5ab3e05e99d41c3d7a4502d33959b7c3464da7567,5,"VEGA, Christian",SEX PARTY,False,Other/Independent,1073,33776,True
vic_la_2010,Prahran,prahran,333,https://www.vec.vic.gov.au/-/media/08680c0035b34af4b6ea2074edc763a4.pdf,be2dbabd5735ff7128fa9ac5ab3e05e99d41c3d7a4502d33959b7c3464da7567,6,"LUPTON, Tony",AUSTRALIAN LABOR PARTY,False,ALP,9384,33776,True
vic_la_2010,Preston,preston,336,https://www.vec.vic.gov.au/-/media/08680c0035b34af4b6ea2074edc763a4.pdf,be2dbabd5735ff7128fa9ac5ab3e05e99d41c3d7a4502d33959b7c3464da7567,1,"McCARTHY, Trent",AUSTRALIAN GREENS,False,Greens,7058,33051,True
vic_la_2010,Preston,preston,336,https://www.vec.vic.gov.au/-/media/08680c0035b34af4b6ea2074edc763a4.pdf,be2dbabd5735ff7128fa9ac5ab3e05e99d41c3d7a4502d33959b7c3464da7567,2,"SCOTT, Robin",AUSTRALIAN LABOR PARTY,False,ALP,17400,33051,True
vic_la_2010,Preston,preston,336,https://www.vec.vic.gov.au/-/media/08680c0035b34af4b6ea2074edc763a4.pdf,be2dbabd5735ff7128fa9ac5ab3e05e99d41c3d7a4502d33959b7c3464da7567,3,"McGARVIE, Adin",LIBERAL,False,Coalition,8593,33051,True
vic_la_2010,Richmond,richmond,338,https://www.vec.vic.gov.au/-/media/08680c0035b34af4b6ea2074edc763a4.pdf,be2dbabd5735ff7128fa9ac5ab3e05e99d41c3d7a4502d33959b7c3464da7567,1,"WYNNE, Richard",AUSTRALIAN LABOR PARTY,False,ALP,13328,35773,True
vic_la_2010,Richmond,richmond,338,https://www.vec.vic.gov.au/-/media/08680c0035b34af4b6ea2074edc763a4.pdf,be2dbabd5735ff7128fa9ac5ab3e05e99d41c3d7a4502d33959b7c3464da7567,2,"JOLLY, Stephen",,True,Other/Independent,3097,35773,True
vic_la_2010,Richmond,richmond,338,https://www.vec.vic.gov.au/-/media/08680c0035b34af4b6ea2074edc763a4.pdf,be2dbabd5735ff7128fa9ac5ab3e05e99d41c3d7a4502d33959b7c3464da7567,3,"McFEELY, Tom",LIBERAL,False,Coalition,8154,35773,True
vic_la_2010,Richmond,richmond,338,https://www.vec.vic.gov.au/-/media/08680c0035b34af4b6ea2074edc763a4.pdf,be2dbabd5735ff7128fa9ac5ab3e05e99d41c3d7a4502d33959b7c3464da7567,4,"MALTZAHN, Kathleen",AUSTRALIAN GREENS,False,Greens,10174,35773,True
vic_la_2010,Richmond,richmond,338,https://www.vec.vic.gov.au/-/media/08680c0035b34af4b6ea2074edc763a4.pdf,be2dbabd5735ff7128fa9ac5ab3e05e99d41c3d7a4502d33959b7c3464da7567,5,"WHITE, Angela",SEX PARTY,False,Other/Independent,1020,35773,True
vic_la_2010,Ripon,ripon,342,https://www.vec.vic.gov.au/-/media/08680c0035b34af4b6ea2074edc763a4.pdf,be2dbabd5735ff7128fa9ac5ab3e05e99d41c3d7a4502d33959b7c3464da7567,1,"McIVOR, Wendy",THE NATIONALS,False,Coalition,3850,33686,True
vic_la_2010,Ripon,ripon,342,https://www.vec.vic.gov.au/-/media/08680c0035b34af4b6ea2074edc763a4.pdf,be2dbabd5735ff7128fa9ac5ab3e05e99d41c3d7a4502d33959b7c3464da7567,2,"HELPER, Joe",AUSTRALIAN LABOR PARTY,False,ALP,14169,33686,True
vic_la_2010,Ripon,ripon,342,https://www.vec.vic.gov.au/-/media/08680c0035b34af4b6ea2074edc763a4.pdf,be2dbabd5735ff7128fa9ac5ab3e05e99d41c3d7a4502d33959b7c3464da7567,3,"BOER, Jesse",FAMILY FIRST,False,Other/Independent,776,33686,True
vic_la_2010,Ripon,ripon,342,https://www.vec.vic.gov.au/-/media/08680c0035b34af4b6ea2074edc763a4.pdf,be2dbabd5735ff7128fa9ac5ab3e05e99d41c3d7a4502d33959b7c3464da7567,4,"DUNN, Vic",LIBERAL,False,Coalition,11596,33686,True
vic_la_2010,Ripon,ripon,342,https://www.vec.vic.gov.au/-/media/08680c0035b34af4b6ea2074edc763a4.pdf,be2dbabd5735ff7128fa9ac5ab3e05e99d41c3d7a4502d33959b7c3464da7567,5,"WATTS, Scott",COUNTRY ALLIANCE,False,Other/Independent,1211,33686,True
vic_la_2010,Ripon,ripon,342,https://www.vec.vic.gov.au/-/media/08680c0035b34af4b6ea2074edc763a4.pdf,be2dbabd5735ff7128fa9ac5ab3e05e99d41c3d7a4502d33959b7c3464da7567,6,"MORSE, Steve",AUSTRALIAN GREENS,False,Greens,2084,33686,True
vic_la_2010,Rodney,rodney,345,https://www.vec.vic.gov.au/-/media/08680c0035b34af4b6ea2074edc763a4.pdf,be2dbabd5735ff7128fa9ac5ab3e05e99d41c3d7a4502d33959b7c3464da7567,1,"MOORE, Serena",FAMILY FIRST,False,Other/Independent,1872,32731,True
vic_la_2010,Rodney,rodney,345,https://www.vec.vic.gov.au/-/media/08680c0035b34af4b6ea2074edc763a4.pdf,be2dbabd5735ff7128fa9ac5ab3e05e99d41c3d7a4502d33959b7c3464da7567,2,"CHRISTOE, Ian",AUSTRALIAN GREENS,False,Greens,1348,32731,True
vic_la_2010,Rodney,rodney,345,https://www.vec.vic.gov.au/-/media/08680c0035b34af4b6ea2074edc763a4.pdf,be2dbabd5735ff7128fa9ac5ab3e05e99d41c3d7a4502d33959b7c3464da7567,3,"D'ANGELO, Gino",COUNTRY ALLIANCE,False,Other/Independent,3697,32731,True
vic_la_2010,Rodney,rodney,345,https://www.vec.vic.gov.au/-/media/08680c0035b34af4b6ea2074edc763a4.pdf,be2dbabd5735ff7128fa9ac5ab3e05e99d41c3d7a4502d33959b7c3464da7567,4,"LANGFORD, Vanessa",AUSTRALIAN LABOR PARTY,False,ALP,5290,32731,True
vic_la_2010,Rodney,rodney,345,https://www.vec.vic.gov.au/-/media/08680c0035b34af4b6ea2074edc763a4.pdf,be2dbabd5735ff7128fa9ac5ab3e05e99d41c3d7a4502d33959b7c3464da7567,5,"WELLER, Paul",THE NATIONALS,False,Coalition,20524,32731,True
vic_la_2010,Sandringham,sandringham,347,https://www.vec.vic.gov.au/-/media/08680c0035b34af4b6ea2074edc763a4.pdf,be2dbabd5735ff7128fa9ac5ab3e05e99d41c3d7a4502d33959b7c3464da7567,1,"REID, Malcolm",FAMILY FIRST,False,Other/Independent,548,33995,True
vic_la_2010,Sandringham,sandringham,347,https://www.vec.vic.gov.au/-/media/08680c0035b34af4b6ea2074edc763a4.pdf,be2dbabd5735ff7128fa9ac5ab3e05e99d41c3d7a4502d33959b7c3464da7567,2,"NYAGUY, Robbie",AUSTRALIAN LABOR PARTY,False,ALP,7313,33995,True
vic_la_2010,Sandringham,sandringham,347,https://www.vec.vic.gov.au/-/media/08680c0035b34af4b6ea2074edc763a4.pdf,be2dbabd5735ff7128fa9ac5ab3e05e99d41c3d7a4502d33959b7c3464da7567,3,"THOMPSON, Murray",LIBERAL,False,Coalition,20704,33995,True
vic_la_2010,Sandringham,sandringham,347,https://www.vec.vic.gov.au/-/media/08680c0035b34af4b6ea2074edc763a4.pdf,be2dbabd5735ff7128fa9ac5ab3e05e99d41c3d7a4502d33959b7c3464da7567,4,"WILSON, Derek",AUSTRALIAN GREENS,False,Greens,5430,33995,True
vic_la_2010,Scoresby,scoresby,349,https://www.vec.vic.gov.au/-/media/08680c0035b34af4b6ea2074edc763a4.pdf,be2dbabd5735ff7128fa9ac5ab3e05e99d41c3d7a4502d33959b7c3464da7567,1,"NIGHTINGALE, Garry",AUSTRALIAN LABOR PARTY,False,ALP,10388,35132,True
vic_la_2010,Scoresby,scoresby,349,https://www.vec.vic.gov.au/-/media/08680c0035b34af4b6ea2074edc763a4.pdf,be2dbabd5735ff7128fa9ac5ab3e05e99d41c3d7a4502d33959b7c3464da7567,2,"CRAIG, Salore",AUSTRALIAN GREENS,False,Greens,2821,35132,True
vic_la_2010,Scoresby,scoresby,349,https://www.vec.vic.gov.au/-/media/08680c0035b34af4b6ea2074edc763a4.pdf,be2dbabd5735ff7128fa9ac5ab3e05e99d41c3d7a4502d33959b7c3464da7567,3,"WELLS, Kim",LIBERAL,False,Coalition,20745,35132,True
vic_la_2010,Scoresby,scoresby,349,https://www.vec.vic.gov.au/-/media/08680c0035b34af4b6ea2074edc763a4.pdf,be2dbabd5735ff7128fa9ac5ab3e05e99d41c3d7a4502d33959b7c3464da7567,4,"HANNA, Rachel",FAMILY FIRST,False,Other/Independent,1178,35132,True
vic_la_2010,Seymour,seymour,351,https://www.vec.vic.gov.au/-/media/08680c0035b34af4b6ea2074edc763a4.pdf,be2dbabd5735ff7128fa9ac5ab3e05e99d41c3d7a4502d33959b7c3464da7567,1,"SLATER, Huw",AUSTRALIAN GREENS,False,Greens,3230,36462,True
vic_la_2010,Seymour,seymour,351,https://www.vec.vic.gov.au/-/media/08680c0035b34af4b6ea2074edc763a4.pdf,be2dbabd5735ff7128fa9ac5ab3e05e99d41c3d7a4502d33959b7c3464da7567,2,"HARDMAN, Ben",AUSTRALIAN LABOR PARTY,False,ALP,12813,36462,True
vic_la_2010,Seymour,seymour,351,https://www.vec.vic.gov.au/-/media/08680c0035b34af4b6ea2074edc763a4.pdf,be2dbabd5735ff7128fa9ac5ab3e05e99d41c3d7a4502d33959b7c3464da7567,3,"BEER, Jan",,True,Other/Independent,3738,36462,True
vic_la_2010,Seymour,seymour,351,https://www.vec.vic.gov.au/-/media/08680c0035b34af4b6ea2074edc763a4.pdf,be2dbabd5735ff7128fa9ac5ab3e05e99d41c3d7a4502d33959b7c3464da7567,4,"McLEISH, Cindy",LIBERAL,False,Coalition,12992,36462,True
vic_la_2010,Seymour,seymour,351,https://www.vec.vic.gov.au/-/media/08680c0035b34af4b6ea2074edc763a4.pdf,be2dbabd5735ff7128fa9ac5ab3e05e99d41c3d7a4502d33959b7c3464da7567,5,"TAURIAN, Adam",COUNTRY ALLIANCE,False,Other/Independent,1587,36462,True
vic_la_2010,Seymour,seymour,351,https://www.vec.vic.gov.au/-/media/08680c0035b34af4b6ea2074edc763a4.pdf,be2dbabd5735ff7128fa9ac5ab3e05e99d41c3d7a4502d33959b7c3464da7567,6,"ROLANDO, Anthony",THE NATIONALS,False,Coalition,1391,36462,True
vic_la_2010,Seymour,seymour,351,https://www.vec.vic.gov.au/-/media/08680c0035b34af4b6ea2074edc763a4.pdf,be2dbabd5735ff7128fa9ac5ab3e05e99d41c3d7a4502d33959b7c3464da7567,7,"GUERRA, Robert",FAMILY FIRST,False,Other/Independent,711,36462,True
vic_la_2010,Shepparton,shepparton,354,https://www.vec.vic.gov.au/-/media/08680c0035b34af4b6ea2074edc763a4.pdf,be2dbabd5735ff7128fa9ac5ab3e05e99d41c3d7a4502d33959b7c3464da7567,1,"POWELL, Jeanette",THE NATIONALS,False,Coalition,17609,33270,True
vic_la_2010,Shepparton,shepparton,354,https://www.vec.vic.gov.au/-/media/08680c0035b34af4b6ea2074edc763a4.pdf,be2dbabd5735ff7128fa9ac5ab3e05e99d41c3d7a4502d33959b7c3464da7567,2,"SMITH, Shannon Ross",,True,Other/Independent,232,33270,True
vic_la_2010,Shepparton,shepparton,354,https://www.vec.vic.gov.au/-/media/08680c0035b34af4b6ea2074edc763a4.pdf,be2dbabd5735ff7128fa9ac5ab3e05e99d41c3d7a4502d33959b7c3464da7567,3,"SLADE, Lachlan Pitman",AUSTRALIAN GREENS,False,Greens,1631,33270,True
vic_la_2010,Shepparton,shepparton,354,https://www.vec.vic.gov.au/-/media/08680c0035b34af4b6ea2074edc763a4.pdf,be2dbabd5735ff7128fa9ac5ab3e05e99d41c3d7a4502d33959b7c3464da7567,4,"WICKHAM, Paul",,True,Other/Independent,958,33270,True
vic_la_2010,Shepparton,shepparton,354,https://www.vec.vic.gov.au/-/media/08680c0035b34af4b6ea2074edc763a4.pdf,be2dbabd5735ff7128fa9ac5ab3e05e99d41c3d7a4502d33959b7c3464da7567,5,"MOORE, Malcolm",FAMILY FIRST,False,Other/Independent,769,33270,True
vic_la_2010,Shepparton,shepparton,354,https://www.vec.vic.gov.au/-/media/08680c0035b34af4b6ea2074edc763a4.pdf,be2dbabd5735ff7128fa9ac5ab3e05e99d41c3d7a4502d33959b7c3464da7567,6,"PATTERSON, Dennis",COUNTRY ALLIANCE,False,Other/Independent,6826,33270,True
vic_la_2010,Shepparton,shepparton,354,https://www.vec.vic.gov.au/-/media/08680c0035b34af4b6ea2074edc763a4.pdf,be2dbabd5735ff7128fa9ac5ab3e05e99d41c3d7a4502d33959b7c3464da7567,7,"FULLARTON, Anthony",AUSTRALIAN LABOR PARTY,False,ALP,5245,33270,True
vic_la_2010,South Barwon,south-barwon,356,https://www.vec.vic.gov.au/-/media/08680c0035b34af4b6ea2074edc763a4.pdf,be2dbabd5735ff7128fa9ac5ab3e05e99d41c3d7a4502d33959b7c3464da7567,1,"DOBINSON, John",,True,Other/Independent,323,43837,True
vic_la_2010,South Barwon,south-barwon,356,https://www.vec.vic.gov.au/-/media/08680c0035b34af4b6ea2074edc763a4.pdf,be2dbabd5735ff7128fa9ac5ab3e05e99d41c3d7a4502d33959b7c3464da7567,2,"BARRON, Alan",D.L.P. - DEMOCRATIC LABOR PARTY,False,Other/Independent,577,43837,True
vic_la_2010,South Barwon,south-barwon,356,https://www.vec.vic.gov.au/-/media/08680c0035b34af4b6ea2074edc763a4.pdf,be2dbabd5735ff7128fa9ac5ab3e05e99d41c3d7a4502d33959b7c3464da7567,3,"OAKLEY, Keith",,True,Other/Independent,295,43837,True
vic_la_2010,South Barwon,south-barwon,356,https://www.vec.vic.gov.au/-/media/08680c0035b34af4b6ea2074edc763a4.pdf,be2dbabd5735ff7128fa9ac5ab3e05e99d41c3d7a4502d33959b7c3464da7567,4,"KATOS, Andrew",LIBERAL,False,Coalition,20133,43837,True
vic_la_2010,South Barwon,south-barwon,356,https://www.vec.vic.gov.au/-/media/08680c0035b34af4b6ea2074edc763a4.pdf,be2dbabd5735ff7128fa9ac5ab3e05e99d41c3d7a4502d33959b7c3464da7567,5,"O'CONNOR, Kathleen",FAMILY FIRST,False,Other/Independent,810,43837,True
vic_la_2010,South Barwon,south-barwon,356,https://www.vec.vic.gov.au/-/media/08680c0035b34af4b6ea2074edc763a4.pdf,be2dbabd5735ff7128fa9ac5ab3e05e99d41c3d7a4502d33959b7c3464da7567,6,"CRUTCHFIELD, Michael",AUSTRALIAN LABOR PARTY,False,ALP,15759,43837,True
vic_la_2010,South Barwon,south-barwon,356,https://www.vec.vic.gov.au/-/media/08680c0035b34af4b6ea2074edc763a4.pdf,be2dbabd5735ff7128fa9ac5ab3e05e99d41c3d7a4502d33959b7c3464da7567,7,"WELLINGTON, Heather",,True,Other/Independent,1185,43837,True
vic_la_2010,South Barwon,south-barwon,356,https://www.vec.vic.gov.au/-/media/08680c0035b34af4b6ea2074edc763a4.pdf,be2dbabd5735ff7128fa9ac5ab3e05e99d41c3d7a4502d33959b7c3464da7567,8,"LEEN, Tony",COUNTRY ALLIANCE,False,Other/Independent,547,43837,True
vic_la_2010,South Barwon,south-barwon,356,https://www.vec.vic.gov.au/-/media/08680c0035b34af4b6ea2074edc763a4.pdf,be2dbabd5735ff7128fa9ac5ab3e05e99d41c3d7a4502d33959b7c3464da7567,9,"NORTHEAST, Simon",AUSTRALIAN GREENS,False,Greens,4208,43837,True
vic_la_2010,South-West Coast,south-west-coast,359,https://www.vec.vic.gov.au/-/media/08680c0035b34af4b6ea2074edc763a4.pdf,be2dbabd5735ff7128fa9ac5ab3e05e99d41c3d7a4502d33959b7c3464da7567,1,"NAPTHINE, Denis",LIBERAL,False,Coalition,19316,39196,True
vic_la_2010,South-West Coast,south-west-coast,359,https://www.vec.vic.gov.au/-/media/08680c0035b34af4b6ea2074edc763a4.pdf,be2dbabd5735ff7128fa9ac5ab3e05e99d41c3d7a4502d33959b7c3464da7567,2,"HOWARD, Jack",AUSTRALIAN GREENS,False,Greens,3228,39196,True
vic_la_2010,South-West Coast,south-west-coast,359,https://www.vec.vic.gov.au/-/media/08680c0035b34af4b6ea2074edc763a4.pdf,be2dbabd5735ff7128fa9ac5ab3e05e99d41c3d7a4502d33959b7c3464da7567,3,"HABERFIELD, Craig",FAMILY FIRST,False,Other/Independent,1081,39196,True
vic_la_2010,South-West Coast,south-west-coast,359,https://www.vec.vic.gov.au/-/media/08680c0035b34af4b6ea2074edc763a4.pdf,be2dbabd5735ff7128fa9ac5ab3e05e99d41c3d7a4502d33959b7c3464da7567,4,"HERBERTSON, John",AUSTRALIAN LABOR PARTY,False,ALP,9658,39196,True
vic_la_2010,South-West Coast,south-west-coast,359,https://www.vec.vic.gov.au/-/media/08680c0035b34af4b6ea2074edc763a4.pdf,be2dbabd5735ff7128fa9ac5ab3e05e99d41c3d7a4502d33959b7c3464da7567,5,"ARSCOTT, Tony",COUNTRY ALLIANCE,False,Other/Independent,1394,39196,True
vic_la_2010,South-West Coast,south-west-coast,359,https://www.vec.vic.gov.au/-/media/08680c0035b34af4b6ea2074edc763a4.pdf,be2dbabd5735ff7128fa9ac5ab3e05e99d41c3d7a4502d33959b7c3464da7567,6,"PURCELL, James",,True,Other/Independent,4519,39196,True
vic_la_2010,Swan Hill,swan-hill,362,https://www.vec.vic.gov.au/-/media/08680c0035b34af4b6ea2074edc763a4.pdf,be2dbabd5735ff7128fa9ac5ab3e05e99d41c3d7a4502d33959b7c3464da7567,1,"WALSH, Peter",THE NATIONALS,False,Coalition,22086,29433,True
vic_la_2010,Swan Hill,swan-hill,362,https://www.vec.vic.gov.au/-/media/08680c0035b34af4b6ea2074edc763a4.pdf,be2dbabd5735ff7128fa9ac5ab3e05e99d41c3d7a4502d33959b7c3464da7567,2,"GARRICK, Sharon",AUSTRALIAN LABOR PARTY,False,ALP,4802,29433,True
vic_la_2010,Swan Hill,swan-hill,362,https://www.vec.vic.gov.au/-/media/08680c0035b34af4b6ea2074edc763a4.pdf,be2dbabd5735ff7128fa9ac5ab3e05e99d41c3d7a4502d33959b7c3464da7567,3,"PEARSE, Garion",FAMILY FIRST,False,Other/Independent,1219,29433,True
vic_la_2010,Swan Hill,swan-hill,362,https://www.vec.vic.gov.au/-/media/08680c0035b34af4b6ea2074edc763a4.pdf,be2dbabd5735ff7128fa9ac5ab3e05e99d41c3d7a4502d33959b7c3464da7567,4,"RUSSELL, Morgana",AUSTRALIAN GREENS,False,Greens,1326,29433,True
vic_la_2010,Tarneit,tarneit,364,https://www.vec.vic.gov.au/-/media/08680c0035b34af4b6ea2074edc763a4.pdf,be2dbabd5735ff7128fa9ac5ab3e05e99d41c3d7a4502d33959b7c3464da7567,1,"FREEMAN, Michael",D.L.P. - DEMOCRATIC LABOR PARTY,False,Other/Independent,1988,41811,True
vic_la_2010,Tarneit,tarneit,364,https://www.vec.vic.gov.au/-/media/08680c0035b34af4b6ea2074edc763a4.pdf,be2dbabd5735ff7128fa9ac5ab3e05e99d41c3d7a4502d33959b7c3464da7567,2,"McLEAN, Lori",FAMILY FIRST,False,Other/Independent,2128,41811,True
vic_la_2010,Tarneit,tarneit,364,https://www.vec.vic.gov.au/-/media/08680c0035b34af4b6ea2074edc763a4.pdf,be2dbabd5735ff7128fa9ac5ab3e05e99d41c3d7a4502d33959b7c3464da7567,3,"PALLAS, Tim",AUSTRALIAN LABOR PARTY,False,ALP,20521,41811,True
vic_la_2010,Tarneit,tarneit,364,https://www.vec.vic.gov.au/-/media/08680c0035b34af4b6ea2074edc763a4.pdf,be2dbabd5735ff7128fa9ac5ab3e05e99d41c3d7a4502d33959b7c3464da7567,4,"GOODFELLOW, Glenn",LIBERAL,False,Coalition,13458,41811,True
vic_la_2010,Tarneit,tarneit,364,https://www.vec.vic.gov.au/-/media/08680c0035b34af4b6ea2074edc763a4.pdf,be2dbabd5735ff7128fa9ac5ab3e05e99d41c3d7a4502d33959b7c3464da7567,5,"SHEFFIELD-BROTHERTON, Bro",AUSTRALIAN GREENS,False,Greens,3716,41811,True
vic_la_2010,Thomastown,thomastown,367,https://www.vec.vic.gov.au/-/media/08680c0035b34af4b6ea2074edc763a4.pdf,be2dbabd5735ff7128fa9ac5ab3e05e99d41c3d7a4502d33959b7c3464da7567,1,"BURGE, Michael",LIBERAL,False,Coalition,7591,31309,True
vic_la_2010,Thomastown,thomastown,367,https://www.vec.vic.gov.au/-/media/08680c0035b34af4b6ea2074edc763a4.pdf,be2dbabd5735ff7128fa9ac5ab3e05e99d41c3d7a4502d33959b7c3464da7567,2,"McINTOSH, Jacquie",FAMILY FIRST,False,Other/Independent,1576,31309,True
vic_la_2010,Thomastown,thomastown,367,https://www.vec.vic.gov.au/-/media/08680c0035b34af4b6ea2074edc763a4.pdf,be2dbabd5735ff7128fa9ac5ab3e05e99d41c3d7a4502d33959b7c3464da7567,3,"CALLEJA, Andrew",AUSTRALIAN GREENS,False,Greens,2952,31309,True
vic_la_2010,Thomastown,thomastown,367,https://www.vec.vic.gov.au/-/media/08680c0035b34af4b6ea2074edc763a4.pdf,be2dbabd5735ff7128fa9ac5ab3e05e99d41c3d7a4502d33959b7c3464da7567,4,"HALFPENNY, Bronwyn",AUSTRALIAN LABOR PARTY,False,ALP,19190,31309,True
vic_la_2010,Warrandyte,warrandyte,369,https://www.vec.vic.gov.au/-/media/08680c0035b34af4b6ea2074edc763a4.pdf,be2dbabd5735ff7128fa9ac5ab3e05e99d41c3d7a4502d33959b7c3464da7567,1,"PADGHAM, Chris De",AUSTRALIAN GREENS,False,Greens,4221,37843,True
vic_la_2010,Warrandyte,warrandyte,369,https://www.vec.vic.gov.au/-/media/08680c0035b34af4b6ea2074edc763a4.pdf,be2dbabd5735ff7128fa9ac5ab3e05e99d41c3d7a4502d33959b7c3464da7567,2,"ZILWA, Yasmin",FAMILY FIRST,False,Other/Independent,1106,37843,True
vic_la_2010,Warrandyte,warrandyte,369,https://www.vec.vic.gov.au/-/media/08680c0035b34af4b6ea2074edc763a4.pdf,be2dbabd5735ff7128fa9ac5ab3e05e99d41c3d7a4502d33959b7c3464da7567,3,"SLATTERY, Paul",,True,Other/Independent,446,37843,True
vic_la_2010,Warrandyte,warrandyte,369,https://www.vec.vic.gov.au/-/media/08680c0035b34af4b6ea2074edc763a4.pdf,be2dbabd5735ff7128fa9ac5ab3e05e99d41c3d7a4502d33959b7c3464da7567,4,"HOPPER, Meghan",AUSTRALIAN LABOR PARTY,False,ALP,9920,37843,True
vic_la_2010,Warrandyte,warrandyte,369,https://www.vec.vic.gov.au/-/media/08680c0035b34af4b6ea2074edc763a4.pdf,be2dbabd5735ff7128fa9ac5ab3e05e99d41c3d7a4502d33959b7c3464da7567,5,"SMITH, Ryan",LIBERAL,False,Coalition,22150,37843,True
vic_la_2010,Williamstown,williamstown,371,https://www.vec.vic.gov.au/-/media/08680c0035b34af4b6ea2074edc763a4.pdf,be2dbabd5735ff7128fa9ac5ab3e05e99d41c3d7a4502d33959b7c3464da7567,1,"FOGARTY, Paul",AUSTRALIAN GREENS,False,Greens,7040,33922,True
vic_la_2010,Williamstown,williamstown,371,https://www.vec.vic.gov.au/-/media/08680c0035b34af4b6ea2074edc763a4.pdf,be2dbabd5735ff7128fa9ac5ab3e05e99d41c3d7a4502d33959b7c3464da7567,2,"McCONNELL, David",LIBERAL,False,Coalition,11023,33922,True
vic_la_2010,Williamstown,williamstown,371,https://www.vec.vic.gov.au/-/media/08680c0035b34af4b6ea2074edc763a4.pdf,be2dbabd5735ff7128fa9ac5ab3e05e99d41c3d7a4502d33959b7c3464da7567,3,"NOONAN, Wade",AUSTRALIAN LABOR PARTY,False,ALP,15859,33922,True
vic_la_2010,Yan Yean,yan-yean,374,https://www.vec.vic.gov.au/-/media/08680c0035b34af4b6ea2074edc763a4.pdf,be2dbabd5735ff7128fa9ac5ab3e05e99d41c3d7a4502d33959b7c3464da7567,1,"SHEA, Patrick",D.L.P. - DEMOCRATIC LABOR PARTY,False,Other/Independent,1728,48930,True
vic_la_2010,Yan Yean,yan-yean,374,https://www.vec.vic.gov.au/-/media/08680c0035b34af4b6ea2074edc763a4.pdf,be2dbabd5735ff7128fa9ac5ab3e05e99d41c3d7a4502d33959b7c3464da7567,2,"GANGE, Jack",LIBERAL,False,Coalition,19612,48930,True
vic_la_2010,Yan Yean,yan-yean,374,https://www.vec.vic.gov.au/-/media/08680c0035b34af4b6ea2074edc763a4.pdf,be2dbabd5735ff7128fa9ac5ab3e05e99d41c3d7a4502d33959b7c3464da7567,3,"McPHERSON, Andrew",FAMILY FIRST,False,Other/Independent,1684,48930,True
vic_la_2010,Yan Yean,yan-yean,374,https://www.vec.vic.gov.au/-/media/08680c0035b34af4b6ea2074edc763a4.pdf,be2dbabd5735ff7128fa9ac5ab3e05e99d41c3d7a4502d33959b7c3464da7567,4,"GREEN, Danielle",AUSTRALIAN LABOR PARTY,False,ALP,20990,48930,True
vic_la_2010,Yan Yean,yan-yean,374,https://www.vec.vic.gov.au/-/media/08680c0035b34af4b6ea2074edc763a4.pdf,be2dbabd5735ff7128fa9ac5ab3e05e99d41c3d7a4502d33959b7c3464da7567,5,"GERADTS, Karin",AUSTRALIAN GREENS,False,Greens,4916,48930,True
vic_la_2010,Yuroke,yuroke,377,https://www.vec.vic.gov.au/-/media/08680c0035b34af4b6ea2074edc763a4.pdf,be2dbabd5735ff7128fa9ac5ab3e05e99d41c3d7a4502d33959b7c3464da7567,1,"DAWSON, Graham",AUSTRALIAN GREENS,False,Greens,4128,42626,True
vic_la_2010,Yuroke,yuroke,377,https://www.vec.vic.gov.au/-/media/08680c0035b34af4b6ea2074edc763a4.pdf,be2dbabd5735ff7128fa9ac5ab3e05e99d41c3d7a4502d33959b7c3464da7567,2,"BEATTIE, Liz",AUSTRALIAN LABOR PARTY,False,ALP,23537,42626,True
vic_la_2010,Yuroke,yuroke,377,https://www.vec.vic.gov.au/-/media/08680c0035b34af4b6ea2074edc763a4.pdf,be2dbabd5735ff7128fa9ac5ab3e05e99d41c3d7a4502d33959b7c3464da7567,3,"CRANSON, Ian",FAMILY FIRST,False,Other/Independent,1702,42626,True
vic_la_2010,Yuroke,yuroke,377,https://www.vec.vic.gov.au/-/media/08680c0035b34af4b6ea2074edc763a4.pdf,be2dbabd5735ff7128fa9ac5ab3e05e99d41c3d7a4502d33959b7c3464da7567,4,"CUTLER, Philip",LIBERAL,False,Coalition,13259,42626,True
