election_id,district_name,district_id,contest,source_url,source_sha256,candidate_order,candidate_name,party_raw,independent_status,party_family,first_preference_votes,formal_votes,district_reconciled
vic_la_2022,Albert Park,albert-park,general-election,https://www.vec.vic.gov.au/results/state-election-results/2022-state-election-results/results-by-district/albert-park-district-results,63939ae3d5359ed3b39b76630db98a639716146f2b9ed8dca51950966508e252,1,"DRAGWIDGE, Georgie",,True,Other/Independent,2294,39110,True
vic_la_2022,Albert Park,albert-park,general-election,https://www.vec.vic.gov.au/results/state-election-results/2022-state-election-results/results-by-district/albert-park-district-results,63939ae3d5359ed3b39b76630db98a639716146f2b9ed8dca51950966508e252,2,"TAYLOR, Nina",Australian Labor Party - Victorian Branch,False,ALP,14254,39110,True
vic_la_2022,Albert Park,albert-park,general-election,https://www.vec.vic.gov.au/results/state-election-results/2022-state-election-results/results-by-district/albert-park-district-results,63939ae3d5359ed3b39b76630db98a639716146f2b9ed8dca51950966508e252,3,"SAMIOTIS, Kim",Australian Greens,False,Greens,8178,39110,True
vic_la_2022,Albert Park,albert-park,general-election,https://www.vec.vic.gov.au/results/state-election-results/2022-state-election-results/results-by-district/albert-park-district-results,63939ae3d5359ed3b39b76630db98a639716146f2b9ed8dca51950966508e252,4,"ANTUNOVIC, Elizabeth",Freedom Party of Victoria,False,Other/Independent,518,39110,True
vic_la_2022,Albert Park,albert-park,general-election,https://www.vec.vic.gov.au/results/state-election-results/2022-state-election-results/results-by-district/albert-park-district-results,63939ae3d5359ed3b39b76630db98a639716146f2b9ed8dca51950966508e252,5,"BRADEA, Viorel",Family First Victoria,False,Other/Independent,466,39110,True
vic_la_2022,Albert Park,albert-park,general-election,https://www.vec.vic.gov.au/results/state-election-results/2022-state-election-results/results-by-district/albert-park-district-results,63939ae3d5359ed3b39b76630db98a639716146f2b9ed8dca51950966508e252,6,"SHERSON, Lauren",Liberal,False,Coalition,11659,39110,True
vic_la_2022,Albert Park,albert-park,general-election,https://www.vec.vic.gov.au/results/state-election-results/2022-state-election-results/results-by-district/albert-park-district-results,63939ae3d5359ed3b39b76630db98a639716146f2b9ed8dca51950966508e252,7,"SMART, Lance",Liberal Democrats,False,Other/Independent,534,39110,True
vic_la_2022,Albert Park,albert-park,general-election,https://www.vec.vic.gov.au/results/state-election-results/2022-state-election-results/results-by-district/albert-park-district-results,63939ae3d5359ed3b39b76630db98a639716146f2b9ed8dca51950966508e252,8,"WESTWOOD, Cassandra",Animal Justice Party,False,Other/Independent,1207,39110,True
vic_la_2022,Ashwood,ashwood,general-election,https://www.vec.vic.gov.au/results/state-election-results/2022-state-election-results/results-by-district/ashwood-district-results,7657c2ea937c3ef022defb69174cd1b98b83a479a7fde29d035a1f353e26bda3,1,"JUDAH, Asher",Liberal,False,Coalition,16618,44710,True
vic_la_2022,Ashwood,ashwood,general-election,https://www.vec.vic.gov.au/results/state-election-results/2022-state-election-results/results-by-district/ashwood-district-results,7657c2ea937c3ef022defb69174cd1b98b83a479a7fde29d035a1f353e26bda3,2,"SALOUMI, Lynnette",,True,Other/Independent,704,44710,True
vic_la_2022,Ashwood,ashwood,general-election,https://www.vec.vic.gov.au/results/state-election-results/2022-state-election-results/results-by-district/ashwood-district-results,7657c2ea937c3ef022defb69174cd1b98b83a479a7fde29d035a1f353e26bda3,3,"FREGON, Matt",Australian Labor Party - Victorian Branch,False,ALP,18014,44710,True
vic_la_2022,Ashwood,ashwood,general-election,https://www.vec.vic.gov.au/results/state-election-results/2022-state-election-results/results-by-district/ashwood-district-results,7657c2ea937c3ef022defb69174cd1b98b83a479a7fde29d035a1f353e26bda3,4,"MORGAN, Peter",Australian Greens,False,Greens,6612,44710,True
vic_la_2022,Ashwood,ashwood,general-election,https://www.vec.vic.gov.au/results/state-election-results/2022-state-election-results/results-by-district/ashwood-district-results,7657c2ea937c3ef022defb69174cd1b98b83a479a7fde29d035a1f353e26bda3,5,"BAKER, Norman F.",Freedom Party of Victoria,False,Other/Independent,568,44710,True
vic_la_2022,Ashwood,ashwood,general-election,https://www.vec.vic.gov.au/results/state-election-results/2022-state-election-results/results-by-district/ashwood-district-results,7657c2ea937c3ef022defb69174cd1b98b83a479a7fde29d035a1f353e26bda3,6,"GRIFFITHS, Milton",Animal Justice Party,False,Other/Independent,880,44710,True
vic_la_2022,Ashwood,ashwood,general-election,https://www.vec.vic.gov.au/results/state-election-results/2022-state-election-results/results-by-district/ashwood-district-results,7657c2ea937c3ef022defb69174cd1b98b83a479a7fde29d035a1f353e26bda3,7,"GEYER, Keith",Family First Victoria,False,Other/Independent,847,44710,True
vic_la_2022,Ashwood,ashwood,general-election,https://www.vec.vic.gov.au/results/state-election-results/2022-state-election-results/results-by-district/ashwood-district-results,7657c2ea937c3ef022defb69174cd1b98b83a479a7fde29d035a1f353e26bda3,8,"DOYLE, Michael",,True,Other/Independent,467,44710,True
vic_la_2022,Bass,bass,general-election,https://www.vec.vic.gov.au/results/state-election-results/2022-state-election-results/results-by-district/bass-district-results,1d3c3180b841a8fbf57ec3cfe6defda95aa64b6eef2be4d1a173bc8ed7d64631,1,"TESSARI, Brett",The Nationals,False,Coalition,5506,41404,True
vic_la_2022,Bass,bass,general-election,https://www.vec.vic.gov.au/results/state-election-results/2022-state-election-results/results-by-district/bass-district-results,1d3c3180b841a8fbf57ec3cfe6defda95aa64b6eef2be4d1a173bc8ed7d64631,2,"O'NEILL, Mark",Labour DLP,False,Other/Independent,1465,41404,True
vic_la_2022,Bass,bass,general-election,https://www.vec.vic.gov.au/results/state-election-results/2022-state-election-results/results-by-district/bass-district-results,1d3c3180b841a8fbf57ec3cfe6defda95aa64b6eef2be4d1a173bc8ed7d64631,3,"MUNDAY, Marcus",Freedom Party of Victoria,False,Other/Independent,1013,41404,True
vic_la_2022,Bass,bass,general-election,https://www.vec.vic.gov.au/results/state-election-results/2022-state-election-results/results-by-district/bass-district-results,1d3c3180b841a8fbf57ec3cfe6defda95aa64b6eef2be4d1a173bc8ed7d64631,4,"VERHAGEN, Martin",Family First Victoria,False,Other/Independent,1164,41404,True
vic_la_2022,Bass,bass,general-election,https://www.vec.vic.gov.au/results/state-election-results/2022-state-election-results/results-by-district/bass-district-results,1d3c3180b841a8fbf57ec3cfe6defda95aa64b6eef2be4d1a173bc8ed7d64631,5,"CRUGNALE, Jordan",Australian Labor Party - Victorian Branch,False,ALP,13478,41404,True
vic_la_2022,Bass,bass,general-election,https://www.vec.vic.gov.au/results/state-election-results/2022-state-election-results/results-by-district/bass-district-results,1d3c3180b841a8fbf57ec3cfe6defda95aa64b6eef2be4d1a173bc8ed7d64631,6,"MOUSELLIS, Elly",Animal Justice Party,False,Other/Independent,1085,41404,True
vic_la_2022,Bass,bass,general-election,https://www.vec.vic.gov.au/results/state-election-results/2022-state-election-results/results-by-district/bass-district-results,1d3c3180b841a8fbf57ec3cfe6defda95aa64b6eef2be4d1a173bc8ed7d64631,7,"BROWN, Aaron",Liberal,False,Coalition,12482,41404,True
vic_la_2022,Bass,bass,general-election,https://www.vec.vic.gov.au/results/state-election-results/2022-state-election-results/results-by-district/bass-district-results,1d3c3180b841a8fbf57ec3cfe6defda95aa64b6eef2be4d1a173bc8ed7d64631,8,"EDWARDS, Meg",,True,Other/Independent,872,41404,True
vic_la_2022,Bass,bass,general-election,https://www.vec.vic.gov.au/results/state-election-results/2022-state-election-results/results-by-district/bass-district-results,1d3c3180b841a8fbf57ec3cfe6defda95aa64b6eef2be4d1a173bc8ed7d64631,9,"BUGBIRD, Callum",Australian Greens,False,Greens,3369,41404,True
vic_la_2022,Bass,bass,general-election,https://www.vec.vic.gov.au/results/state-election-results/2022-state-election-results/results-by-district/bass-district-results,1d3c3180b841a8fbf57ec3cfe6defda95aa64b6eef2be4d1a173bc8ed7d64631,10,"JOBE, Jeni",,True,Other/Independent,970,41404,True
vic_la_2022,Bayswater,bayswater,general-election,https://www.vec.vic.gov.au/results/state-election-results/2022-state-election-results/results-by-district/bayswater-district-results,eaa3def0a24b20019f4908d3ed1192e9c03ed1295dcff25928d3c571d7d1d19d,1,"COOMBES, Gary",Family First Victoria,False,Other/Independent,1397,42599,True
vic_la_2022,Bayswater,bayswater,general-election,https://www.vec.vic.gov.au/results/state-election-results/2022-state-election-results/results-by-district/bayswater-district-results,eaa3def0a24b20019f4908d3ed1192e9c03ed1295dcff25928d3c571d7d1d19d,2,"FIELD, Chris",Freedom Party of Victoria,False,Other/Independent,937,42599,True
vic_la_2022,Bayswater,bayswater,general-election,https://www.vec.vic.gov.au/results/state-election-results/2022-state-election-results/results-by-district/bayswater-district-results,eaa3def0a24b20019f4908d3ed1192e9c03ed1295dcff25928d3c571d7d1d19d,3,"WORMALD, Alyssa",Animal Justice Party,False,Other/Independent,840,42599,True
vic_la_2022,Bayswater,bayswater,general-election,https://www.vec.vic.gov.au/results/state-election-results/2022-state-election-results/results-by-district/bayswater-district-results,eaa3def0a24b20019f4908d3ed1192e9c03ed1295dcff25928d3c571d7d1d19d,4,"MACKALLAH, Chloe",,True,Other/Independent,890,42599,True
vic_la_2022,Bayswater,bayswater,general-election,https://www.vec.vic.gov.au/results/state-election-results/2022-state-election-results/results-by-district/bayswater-district-results,eaa3def0a24b20019f4908d3ed1192e9c03ed1295dcff25928d3c571d7d1d19d,5,"WAKELING, Nick",Liberal,False,Coalition,15174,42599,True
vic_la_2022,Bayswater,bayswater,general-election,https://www.vec.vic.gov.au/results/state-election-results/2022-state-election-results/results-by-district/bayswater-district-results,eaa3def0a24b20019f4908d3ed1192e9c03ed1295dcff25928d3c571d7d1d19d,6,"DOLAN, Thomas",Labour DLP,False,Other/Independent,948,42599,True
vic_la_2022,Bayswater,bayswater,general-election,https://www.vec.vic.gov.au/results/state-election-results/2022-state-election-results/results-by-district/bayswater-district-results,eaa3def0a24b20019f4908d3ed1192e9c03ed1295dcff25928d3c571d7d1d19d,7,"TAYLOR, Jackson",Australian Labor Party - Victorian Branch,False,ALP,17609,42599,True
vic_la_2022,Bayswater,bayswater,general-election,https://www.vec.vic.gov.au/results/state-election-results/2022-state-election-results/results-by-district/bayswater-district-results,eaa3def0a24b20019f4908d3ed1192e9c03ed1295dcff25928d3c571d7d1d19d,8,"HEAP, Ashley",Legalise Cannabis Victoria,False,Other/Independent,1653,42599,True
vic_la_2022,Bayswater,bayswater,general-election,https://www.vec.vic.gov.au/results/state-election-results/2022-state-election-results/results-by-district/bayswater-district-results,eaa3def0a24b20019f4908d3ed1192e9c03ed1295dcff25928d3c571d7d1d19d,9,"SIRNINGER RANKIN, Nadia",Australian Greens,False,Greens,3151,42599,True
vic_la_2022,Bellarine,bellarine,general-election,https://www.vec.vic.gov.au/results/state-election-results/2022-state-election-results/results-by-district/bellarine-district-results,77bb1ea9f1449edae23ff1a439809eb55c490438d5dfd7a72cda0695d2722b02,1,"SEMMENS, Rachel",Australian Greens,False,Greens,5537,47153,True
vic_la_2022,Bellarine,bellarine,general-election,https://www.vec.vic.gov.au/results/state-election-results/2022-state-election-results/results-by-district/bellarine-district-results,77bb1ea9f1449edae23ff1a439809eb55c490438d5dfd7a72cda0695d2722b02,2,"GRIGAU, Donnie",Liberal,False,Coalition,15617,47153,True
vic_la_2022,Bellarine,bellarine,general-election,https://www.vec.vic.gov.au/results/state-election-results/2022-state-election-results/results-by-district/bellarine-district-results,77bb1ea9f1449edae23ff1a439809eb55c490438d5dfd7a72cda0695d2722b02,3,"MANUELL, Guy",Family First Victoria,False,Other/Independent,1033,47153,True
vic_la_2022,Bellarine,bellarine,general-election,https://www.vec.vic.gov.au/results/state-election-results/2022-state-election-results/results-by-district/bellarine-district-results,77bb1ea9f1449edae23ff1a439809eb55c490438d5dfd7a72cda0695d2722b02,4,"RITCHIE, Brett Anthony",Derryn Hinch's Justice Party,False,Other/Independent,770,47153,True
vic_la_2022,Bellarine,bellarine,general-election,https://www.vec.vic.gov.au/results/state-election-results/2022-state-election-results/results-by-district/bellarine-district-results,77bb1ea9f1449edae23ff1a439809eb55c490438d5dfd7a72cda0695d2722b02,5,"MUSE, Kylee",Freedom Party of Victoria,False,Other/Independent,458,47153,True
vic_la_2022,Bellarine,bellarine,general-election,https://www.vec.vic.gov.au/results/state-election-results/2022-state-election-results/results-by-district/bellarine-district-results,77bb1ea9f1449edae23ff1a439809eb55c490438d5dfd7a72cda0695d2722b02,6,"TAYLOR, Brendan",Angry Victorians Party,False,Other/Independent,389,47153,True
vic_la_2022,Bellarine,bellarine,general-election,https://www.vec.vic.gov.au/results/state-election-results/2022-state-election-results/results-by-district/bellarine-district-results,77bb1ea9f1449edae23ff1a439809eb55c490438d5dfd7a72cda0695d2722b02,7,"MARCHANT, Alison",Australian Labor Party - Victorian Branch,False,ALP,20103,47153,True
vic_la_2022,Bellarine,bellarine,general-election,https://www.vec.vic.gov.au/results/state-election-results/2022-state-election-results/results-by-district/bellarine-district-results,77bb1ea9f1449edae23ff1a439809eb55c490438d5dfd7a72cda0695d2722b02,8,"CARDILINI, Adam",Animal Justice Party,False,Other/Independent,1088,47153,True
vic_la_2022,Bellarine,bellarine,general-election,https://www.vec.vic.gov.au/results/state-election-results/2022-state-election-results/results-by-district/bellarine-district-results,77bb1ea9f1449edae23ff1a439809eb55c490438d5dfd7a72cda0695d2722b02,9,"FENTON, Sarah",,True,Other/Independent,2158,47153,True
vic_la_2022,Benambra,benambra,general-election,https://www.vec.vic.gov.au/results/state-election-results/2022-state-election-results/results-by-district/benambra-district-results,04654a7d4d4234525c77da9b56bc39b6cff59fd4f4ad999ad96eae3d8037bc42,1,"FUERY, Mike",Animal Justice Party,False,Other/Independent,1170,41135,True
vic_la_2022,Benambra,benambra,general-election,https://www.vec.vic.gov.au/results/state-election-results/2022-state-election-results/results-by-district/benambra-district-results,04654a7d4d4234525c77da9b56bc39b6cff59fd4f4ad999ad96eae3d8037bc42,2,"ROSSITER, Dean",Liberal Democrats,False,Other/Independent,804,41135,True
vic_la_2022,Benambra,benambra,general-election,https://www.vec.vic.gov.au/results/state-election-results/2022-state-election-results/results-by-district/benambra-district-results,04654a7d4d4234525c77da9b56bc39b6cff59fd4f4ad999ad96eae3d8037bc42,3,"BRADY, Luke",Australian Greens,False,Greens,1592,41135,True
vic_la_2022,Benambra,benambra,general-election,https://www.vec.vic.gov.au/results/state-election-results/2022-state-election-results/results-by-district/benambra-district-results,04654a7d4d4234525c77da9b56bc39b6cff59fd4f4ad999ad96eae3d8037bc42,4,"HAWKINS, Jacqui",,True,Other/Independent,13038,41135,True
vic_la_2022,Benambra,benambra,general-election,https://www.vec.vic.gov.au/results/state-election-results/2022-state-election-results/results-by-district/benambra-district-results,04654a7d4d4234525c77da9b56bc39b6cff59fd4f4ad999ad96eae3d8037bc42,5,"STRATTON, Janelle",Family First Victoria,False,Other/Independent,815,41135,True
vic_la_2022,Benambra,benambra,general-election,https://www.vec.vic.gov.au/results/state-election-results/2022-state-election-results/results-by-district/benambra-district-results,04654a7d4d4234525c77da9b56bc39b6cff59fd4f4ad999ad96eae3d8037bc42,6,"TILLEY, Bill",Liberal,False,Coalition,17658,41135,True
vic_la_2022,Benambra,benambra,general-election,https://www.vec.vic.gov.au/results/state-election-results/2022-state-election-results/results-by-district/benambra-district-results,04654a7d4d4234525c77da9b56bc39b6cff59fd4f4ad999ad96eae3d8037bc42,7,"TAIT, Mark",Australian Labor Party - Victorian Branch,False,ALP,5375,41135,True
vic_la_2022,Benambra,benambra,general-election,https://www.vec.vic.gov.au/results/state-election-results/2022-state-election-results/results-by-district/benambra-district-results,04654a7d4d4234525c77da9b56bc39b6cff59fd4f4ad999ad96eae3d8037bc42,8,"O'BRIEN, Adrian James",Freedom Party of Victoria,False,Other/Independent,683,41135,True
vic_la_2022,Bendigo East,bendigo-east,general-election,https://www.vec.vic.gov.au/results/state-election-results/2022-state-election-results/results-by-district/bendigo-east-district-results,01bd6dc9d3726471dee56666804f1252876ff354622e1e53310906dfa78c2f10,1,"McLELLAND-HOWE, Vyonne",Animal Justice Party,False,Other/Independent,1574,45568,True
vic_la_2022,Bendigo East,bendigo-east,general-election,https://www.vec.vic.gov.au/results/state-election-results/2022-state-election-results/results-by-district/bendigo-east-district-results,01bd6dc9d3726471dee56666804f1252876ff354622e1e53310906dfa78c2f10,2,"SCHADE, Darin",Liberal,False,Coalition,12478,45568,True
vic_la_2022,Bendigo East,bendigo-east,general-election,https://www.vec.vic.gov.au/results/state-election-results/2022-state-election-results/results-by-district/bendigo-east-district-results,01bd6dc9d3726471dee56666804f1252876ff354622e1e53310906dfa78c2f10,3,"MIHAIL, Ben",Pauline Hanson's One Nation,False,One Nation,2597,45568,True
vic_la_2022,Bendigo East,bendigo-east,general-election,https://www.vec.vic.gov.au/results/state-election-results/2022-state-election-results/results-by-district/bendigo-east-district-results,01bd6dc9d3726471dee56666804f1252876ff354622e1e53310906dfa78c2f10,4,"KEETELAAR, Evelyn",Family First Victoria,False,Other/Independent,1362,45568,True
vic_la_2022,Bendigo East,bendigo-east,general-election,https://www.vec.vic.gov.au/results/state-election-results/2022-state-election-results/results-by-district/bendigo-east-district-results,01bd6dc9d3726471dee56666804f1252876ff354622e1e53310906dfa78c2f10,5,"TOLHURST, Michael James",Australian Greens,False,Greens,3944,45568,True
vic_la_2022,Bendigo East,bendigo-east,general-election,https://www.vec.vic.gov.au/results/state-election-results/2022-state-election-results/results-by-district/bendigo-east-district-results,01bd6dc9d3726471dee56666804f1252876ff354622e1e53310906dfa78c2f10,6,"LAURIE, James",,True,Other/Independent,1603,45568,True
vic_la_2022,Bendigo East,bendigo-east,general-election,https://www.vec.vic.gov.au/results/state-election-results/2022-state-election-results/results-by-district/bendigo-east-district-results,01bd6dc9d3726471dee56666804f1252876ff354622e1e53310906dfa78c2f10,7,"ALLAN, Jacinta",Australian Labor Party - Victorian Branch,False,ALP,22010,45568,True
vic_la_2022,Bendigo West,bendigo-west,general-election,https://www.vec.vic.gov.au/results/state-election-results/2022-state-election-results/results-by-district/bendigo-west-district-results,a7ef868515b4b36e959c46c3a0bd749fd93942773b4d50ac374e2bec5832ee45,1,"SERPELL, Steve",Family First Victoria,False,Other/Independent,1704,40248,True
vic_la_2022,Bendigo West,bendigo-west,general-election,https://www.vec.vic.gov.au/results/state-election-results/2022-state-election-results/results-by-district/bendigo-west-district-results,a7ef868515b4b36e959c46c3a0bd749fd93942773b4d50ac374e2bec5832ee45,2,"PRICE, Ken",Liberal,False,Coalition,10057,40248,True
vic_la_2022,Bendigo West,bendigo-west,general-election,https://www.vec.vic.gov.au/results/state-election-results/2022-state-election-results/results-by-district/bendigo-west-district-results,a7ef868515b4b36e959c46c3a0bd749fd93942773b4d50ac374e2bec5832ee45,3,"MAXWELL, Victoria",Animal Justice Party,False,Other/Independent,1040,40248,True
vic_la_2022,Bendigo West,bendigo-west,general-election,https://www.vec.vic.gov.au/results/state-election-results/2022-state-election-results/results-by-district/bendigo-west-district-results,a7ef868515b4b36e959c46c3a0bd749fd93942773b4d50ac374e2bec5832ee45,4,"NUSKE, Marilyn",,True,Other/Independent,349,40248,True
vic_la_2022,Bendigo West,bendigo-west,general-election,https://www.vec.vic.gov.au/results/state-election-results/2022-state-election-results/results-by-district/bendigo-west-district-results,a7ef868515b4b36e959c46c3a0bd749fd93942773b4d50ac374e2bec5832ee45,5,"WOOLLEY, Richard James",Freedom Party of Victoria,False,Other/Independent,606,40248,True
vic_la_2022,Bendigo West,bendigo-west,general-election,https://www.vec.vic.gov.au/results/state-election-results/2022-state-election-results/results-by-district/bendigo-west-district-results,a7ef868515b4b36e959c46c3a0bd749fd93942773b4d50ac374e2bec5832ee45,6,"BANSEMER, Matt",,True,Other/Independent,979,40248,True
vic_la_2022,Bendigo West,bendigo-west,general-election,https://www.vec.vic.gov.au/results/state-election-results/2022-state-election-results/results-by-district/bendigo-west-district-results,a7ef868515b4b36e959c46c3a0bd749fd93942773b4d50ac374e2bec5832ee45,7,"EDWARDS, Maree",Australian Labor Party - Victorian Branch,False,ALP,18704,40248,True
vic_la_2022,Bendigo West,bendigo-west,general-election,https://www.vec.vic.gov.au/results/state-election-results/2022-state-election-results/results-by-district/bendigo-west-district-results,a7ef868515b4b36e959c46c3a0bd749fd93942773b4d50ac374e2bec5832ee45,8,"SEARLE, James",Australian Greens,False,Greens,4634,40248,True
vic_la_2022,Bendigo West,bendigo-west,general-election,https://www.vec.vic.gov.au/results/state-election-results/2022-state-election-results/results-by-district/bendigo-west-district-results,a7ef868515b4b36e959c46c3a0bd749fd93942773b4d50ac374e2bec5832ee45,9,"TAYLOR, Wayne",Legalise Cannabis Victoria,False,Other/Independent,2175,40248,True
vic_la_2022,Bentleigh,bentleigh,general-election,https://www.vec.vic.gov.au/results/state-election-results/2022-state-election-results/results-by-district/bentleigh-district-results,c6015fe8b65df7acad2d875d3abf5e045b6147986682a4ffa2eac3a0550dbc75,1,"GNIESLAW, Simon",,True,Other/Independent,789,45120,True
vic_la_2022,Bentleigh,bentleigh,general-election,https://www.vec.vic.gov.au/results/state-election-results/2022-state-election-results/results-by-district/bentleigh-district-results,c6015fe8b65df7acad2d875d3abf5e045b6147986682a4ffa2eac3a0550dbc75,2,"STAIKOS, Nick",Australian Labor Party - Victorian Branch,False,ALP,20656,45120,True
vic_la_2022,Bentleigh,bentleigh,general-election,https://www.vec.vic.gov.au/results/state-election-results/2022-state-election-results/results-by-district/bentleigh-district-results,c6015fe8b65df7acad2d875d3abf5e045b6147986682a4ffa2eac3a0550dbc75,3,"GALLI-MCROSTIE, Alana",Australian Greens,False,Greens,4845,45120,True
vic_la_2022,Bentleigh,bentleigh,general-election,https://www.vec.vic.gov.au/results/state-election-results/2022-state-election-results/results-by-district/bentleigh-district-results,c6015fe8b65df7acad2d875d3abf5e045b6147986682a4ffa2eac3a0550dbc75,4,"HARRIS, David",Animal Justice Party,False,Other/Independent,1098,45120,True
vic_la_2022,Bentleigh,bentleigh,general-election,https://www.vec.vic.gov.au/results/state-election-results/2022-state-election-results/results-by-district/bentleigh-district-results,c6015fe8b65df7acad2d875d3abf5e045b6147986682a4ffa2eac3a0550dbc75,5,"RYAN, Paul",Family First Victoria,False,Other/Independent,1331,45120,True
vic_la_2022,Bentleigh,bentleigh,general-election,https://www.vec.vic.gov.au/results/state-election-results/2022-state-election-results/results-by-district/bentleigh-district-results,c6015fe8b65df7acad2d875d3abf5e045b6147986682a4ffa2eac3a0550dbc75,6,"TAYLOR-HAYNES, Debbie",Liberal,False,Coalition,16401,45120,True
vic_la_2022,Berwick,berwick,general-election,https://www.vec.vic.gov.au/results/state-election-results/2022-state-election-results/results-by-district/berwick-district-results,929e97b6ebb29ee2a841ea0bb7c37a6c8ba14d36232a034a174014c1f25a0859,1,"PERRY, Hayley",Australian Greens,False,Greens,4297,44289,True
vic_la_2022,Berwick,berwick,general-election,https://www.vec.vic.gov.au/results/state-election-results/2022-state-election-results/results-by-district/berwick-district-results,929e97b6ebb29ee2a841ea0bb7c37a6c8ba14d36232a034a174014c1f25a0859,2,"HAUPT, Kerry",Freedom Party of Victoria,False,Other/Independent,1570,44289,True
vic_la_2022,Berwick,berwick,general-election,https://www.vec.vic.gov.au/results/state-election-results/2022-state-election-results/results-by-district/berwick-district-results,929e97b6ebb29ee2a841ea0bb7c37a6c8ba14d36232a034a174014c1f25a0859,3,"DOLHEGUY, Katherine",Animal Justice Party,False,Other/Independent,1029,44289,True
vic_la_2022,Berwick,berwick,general-election,https://www.vec.vic.gov.au/results/state-election-results/2022-state-election-results/results-by-district/berwick-district-results,929e97b6ebb29ee2a841ea0bb7c37a6c8ba14d36232a034a174014c1f25a0859,4,"BATTIN, Brad",Liberal,False,Coalition,20031,44289,True
vic_la_2022,Berwick,berwick,general-election,https://www.vec.vic.gov.au/results/state-election-results/2022-state-election-results/results-by-district/berwick-district-results,929e97b6ebb29ee2a841ea0bb7c37a6c8ba14d36232a034a174014c1f25a0859,5,"van der HORST, Joel",Family First Victoria,False,Other/Independent,1488,44289,True
vic_la_2022,Berwick,berwick,general-election,https://www.vec.vic.gov.au/results/state-election-results/2022-state-election-results/results-by-district/berwick-district-results,929e97b6ebb29ee2a841ea0bb7c37a6c8ba14d36232a034a174014c1f25a0859,6,"ZAVEER, Malik",Australian Labor Party - Victorian Branch,False,ALP,15874,44289,True
vic_la_2022,Box Hill,box-hill,general-election,https://www.vec.vic.gov.au/results/state-election-results/2022-state-election-results/results-by-district/box-hill-district-results,ece02591a7f3bb77ff55363b0031e2baa3ec4340b730b9af768831bd456bb2cb,1,"TSENG, Wayne",,True,Other/Independent,464,44356,True
vic_la_2022,Box Hill,box-hill,general-election,https://www.vec.vic.gov.au/results/state-election-results/2022-state-election-results/results-by-district/box-hill-district-results,ece02591a7f3bb77ff55363b0031e2baa3ec4340b730b9af768831bd456bb2cb,2,"FOLLONI, Sebastian",Animal Justice Party,False,Other/Independent,824,44356,True
vic_la_2022,Box Hill,box-hill,general-election,https://www.vec.vic.gov.au/results/state-election-results/2022-state-election-results/results-by-district/box-hill-district-results,ece02591a7f3bb77ff55363b0031e2baa3ec4340b730b9af768831bd456bb2cb,3,"LISTON, Cameron",,True,Other/Independent,435,44356,True
vic_la_2022,Box Hill,box-hill,general-election,https://www.vec.vic.gov.au/results/state-election-results/2022-state-election-results/results-by-district/box-hill-district-results,ece02591a7f3bb77ff55363b0031e2baa3ec4340b730b9af768831bd456bb2cb,4,"RIERA, Alicia",Freedom Party of Victoria,False,Other/Independent,541,44356,True
vic_la_2022,Box Hill,box-hill,general-election,https://www.vec.vic.gov.au/results/state-election-results/2022-state-election-results/results-by-district/box-hill-district-results,ece02591a7f3bb77ff55363b0031e2baa3ec4340b730b9af768831bd456bb2cb,5,"WERNER, Nicole Ta-Ei",Liberal,False,Coalition,15593,44356,True
vic_la_2022,Box Hill,box-hill,general-election,https://www.vec.vic.gov.au/results/state-election-results/2022-state-election-results/results-by-district/box-hill-district-results,ece02591a7f3bb77ff55363b0031e2baa3ec4340b730b9af768831bd456bb2cb,6,"SHAN, Joanne",Australian Greens,False,Greens,6267,44356,True
vic_la_2022,Box Hill,box-hill,general-election,https://www.vec.vic.gov.au/results/state-election-results/2022-state-election-results/results-by-district/box-hill-district-results,ece02591a7f3bb77ff55363b0031e2baa3ec4340b730b9af768831bd456bb2cb,7,"DEAN, Paul",Labour DLP,False,Other/Independent,1083,44356,True
vic_la_2022,Box Hill,box-hill,general-election,https://www.vec.vic.gov.au/results/state-election-results/2022-state-election-results/results-by-district/box-hill-district-results,ece02591a7f3bb77ff55363b0031e2baa3ec4340b730b9af768831bd456bb2cb,8,"ONG, Gary",Family First Victoria,False,Other/Independent,809,44356,True
vic_la_2022,Box Hill,box-hill,general-election,https://www.vec.vic.gov.au/results/state-election-results/2022-state-election-results/results-by-district/box-hill-district-results,ece02591a7f3bb77ff55363b0031e2baa3ec4340b730b9af768831bd456bb2cb,9,"HAMER, Paul",Australian Labor Party - Victorian Branch,False,ALP,18340,44356,True
vic_la_2022,Brighton,brighton,general-election,https://www.vec.vic.gov.au/results/state-election-results/2022-state-election-results/results-by-district/brighton-district-results,ab1e645b1867ac65c12eae8f877b8e62da094b8d1784b5c3ac259c44ee98a23f,1,"TIMMS, Allan L.",,True,Other/Independent,211,41196,True
vic_la_2022,Brighton,brighton,general-election,https://www.vec.vic.gov.au/results/state-election-results/2022-state-election-results/results-by-district/brighton-district-results,ab1e645b1867ac65c12eae8f877b8e62da094b8d1784b5c3ac259c44ee98a23f,2,"SCIOLA, Nick",Family First Victoria,False,Other/Independent,558,41196,True
vic_la_2022,Brighton,brighton,general-election,https://www.vec.vic.gov.au/results/state-election-results/2022-state-election-results/results-by-district/brighton-district-results,ab1e645b1867ac65c12eae8f877b8e62da094b8d1784b5c3ac259c44ee98a23f,3,"DEKIERE, Sarah",Australian Greens,False,Greens,5680,41196,True
vic_la_2022,Brighton,brighton,general-election,https://www.vec.vic.gov.au/results/state-election-results/2022-state-election-results/results-by-district/brighton-district-results,ab1e645b1867ac65c12eae8f877b8e62da094b8d1784b5c3ac259c44ee98a23f,4,"GIBSON, Sally",,True,Other/Independent,941,41196,True
vic_la_2022,Brighton,brighton,general-election,https://www.vec.vic.gov.au/results/state-election-results/2022-state-election-results/results-by-district/brighton-district-results,ab1e645b1867ac65c12eae8f877b8e62da094b8d1784b5c3ac259c44ee98a23f,5,"FREDERICO, Felicity",,True,Other/Independent,3749,41196,True
vic_la_2022,Brighton,brighton,general-election,https://www.vec.vic.gov.au/results/state-election-results/2022-state-election-results/results-by-district/brighton-district-results,ab1e645b1867ac65c12eae8f877b8e62da094b8d1784b5c3ac259c44ee98a23f,6,"WALKER, Alicia",Animal Justice Party,False,Other/Independent,851,41196,True
vic_la_2022,Brighton,brighton,general-election,https://www.vec.vic.gov.au/results/state-election-results/2022-state-election-results/results-by-district/brighton-district-results,ab1e645b1867ac65c12eae8f877b8e62da094b8d1784b5c3ac259c44ee98a23f,7,"NEWBURY, James",Liberal,False,Coalition,18791,41196,True
vic_la_2022,Brighton,brighton,general-election,https://www.vec.vic.gov.au/results/state-election-results/2022-state-election-results/results-by-district/brighton-district-results,ab1e645b1867ac65c12eae8f877b8e62da094b8d1784b5c3ac259c44ee98a23f,8,"CRAWFORD, Louise",Australian Labor Party - Victorian Branch,False,ALP,10164,41196,True
vic_la_2022,Brighton,brighton,general-election,https://www.vec.vic.gov.au/results/state-election-results/2022-state-election-results/results-by-district/brighton-district-results,ab1e645b1867ac65c12eae8f877b8e62da094b8d1784b5c3ac259c44ee98a23f,9,"CASLEY, John Tiger",,True,Other/Independent,251,41196,True
vic_la_2022,Broadmeadows,broadmeadows,general-election,https://www.vec.vic.gov.au/results/state-election-results/2022-state-election-results/results-by-district/broadmeadows-district-results,02a6200c789c4392d4c125b01069609409bb248245463f5a8a8022e854901132,1,"DUZOVA, Baris",Liberal,False,Coalition,8044,34780,True
vic_la_2022,Broadmeadows,broadmeadows,general-election,https://www.vec.vic.gov.au/results/state-election-results/2022-state-election-results/results-by-district/broadmeadows-district-results,02a6200c789c4392d4c125b01069609409bb248245463f5a8a8022e854901132,2,"HASSAN, Omar",Victorian Socialists,False,Other/Independent,2795,34780,True
vic_la_2022,Broadmeadows,broadmeadows,general-election,https://www.vec.vic.gov.au/results/state-election-results/2022-state-election-results/results-by-district/broadmeadows-district-results,02a6200c789c4392d4c125b01069609409bb248245463f5a8a8022e854901132,3,"HUYBREGTS, Arie",,True,Other/Independent,362,34780,True
vic_la_2022,Broadmeadows,broadmeadows,general-election,https://www.vec.vic.gov.au/results/state-election-results/2022-state-election-results/results-by-district/broadmeadows-district-results,02a6200c789c4392d4c125b01069609409bb248245463f5a8a8022e854901132,4,"MATTHEWS-WARD, Kathleen",Australian Labor Party - Victorian Branch,False,ALP,15899,34780,True
vic_la_2022,Broadmeadows,broadmeadows,general-election,https://www.vec.vic.gov.au/results/state-election-results/2022-state-election-results/results-by-district/broadmeadows-district-results,02a6200c789c4392d4c125b01069609409bb248245463f5a8a8022e854901132,5,"SUTTER, Ben",Fiona Patten's Reason Party,False,Other/Independent,815,34780,True
vic_la_2022,Broadmeadows,broadmeadows,general-election,https://www.vec.vic.gov.au/results/state-election-results/2022-state-election-results/results-by-district/broadmeadows-district-results,02a6200c789c4392d4c125b01069609409bb248245463f5a8a8022e854901132,6,"ELMUSTAPHA, Mohamad",,True,Other/Independent,1316,34780,True
vic_la_2022,Broadmeadows,broadmeadows,general-election,https://www.vec.vic.gov.au/results/state-election-results/2022-state-election-results/results-by-district/broadmeadows-district-results,02a6200c789c4392d4c125b01069609409bb248245463f5a8a8022e854901132,7,"TAM, Bienne",Family First Victoria,False,Other/Independent,1611,34780,True
vic_la_2022,Broadmeadows,broadmeadows,general-election,https://www.vec.vic.gov.au/results/state-election-results/2022-state-election-results/results-by-district/broadmeadows-district-results,02a6200c789c4392d4c125b01069609409bb248245463f5a8a8022e854901132,8,"AGUILUS, Joe",Australian Greens,False,Greens,2908,34780,True
vic_la_2022,Broadmeadows,broadmeadows,general-election,https://www.vec.vic.gov.au/results/state-election-results/2022-state-election-results/results-by-district/broadmeadows-district-results,02a6200c789c4392d4c125b01069609409bb248245463f5a8a8022e854901132,9,"FEILD, Candace",Animal Justice Party,False,Other/Independent,1030,34780,True
vic_la_2022,Brunswick,brunswick,general-election,https://www.vec.vic.gov.au/results/state-election-results/2022-state-election-results/results-by-district/brunswick-district-results,c314913983d22537525ce3f2fee29868a8d553928dfeb202928f1086b058303d,1,"HELOU, Anthony",,True,Other/Independent,551,43445,True
vic_la_2022,Brunswick,brunswick,general-election,https://www.vec.vic.gov.au/results/state-election-results/2022-state-election-results/results-by-district/brunswick-district-results,c314913983d22537525ce3f2fee29868a8d553928dfeb202928f1086b058303d,2,"WILLIAMS, Mike",Australian Labor Party - Victorian Branch,False,ALP,12392,43445,True
vic_la_2022,Brunswick,brunswick,general-election,https://www.vec.vic.gov.au/results/state-election-results/2022-state-election-results/results-by-district/brunswick-district-results,c314913983d22537525ce3f2fee29868a8d553928dfeb202928f1086b058303d,3,"JIMENEZ, Nahui",Victorian Socialists,False,Other/Independent,3506,43445,True
vic_la_2022,Brunswick,brunswick,general-election,https://www.vec.vic.gov.au/results/state-election-results/2022-state-election-results/results-by-district/brunswick-district-results,c314913983d22537525ce3f2fee29868a8d553928dfeb202928f1086b058303d,4,"EVANS, Shea",Fiona Patten's Reason Party,False,Other/Independent,1933,43445,True
vic_la_2022,Brunswick,brunswick,general-election,https://www.vec.vic.gov.au/results/state-election-results/2022-state-election-results/results-by-district/brunswick-district-results,c314913983d22537525ce3f2fee29868a8d553928dfeb202928f1086b058303d,5,"SHAKER, Lilian Sabry",Family First Victoria,False,Other/Independent,529,43445,True
vic_la_2022,Brunswick,brunswick,general-election,https://www.vec.vic.gov.au/results/state-election-results/2022-state-election-results/results-by-district/brunswick-district-results,c314913983d22537525ce3f2fee29868a8d553928dfeb202928f1086b058303d,6,"NGUYEN, Minh Quan",Liberal,False,Coalition,4723,43445,True
vic_la_2022,Brunswick,brunswick,general-election,https://www.vec.vic.gov.au/results/state-election-results/2022-state-election-results/results-by-district/brunswick-district-results,c314913983d22537525ce3f2fee29868a8d553928dfeb202928f1086b058303d,7,"LAMARCHE-BEAUCHESNE, Rachel",Animal Justice Party,False,Other/Independent,699,43445,True
vic_la_2022,Brunswick,brunswick,general-election,https://www.vec.vic.gov.au/results/state-election-results/2022-state-election-results/results-by-district/brunswick-district-results,c314913983d22537525ce3f2fee29868a8d553928dfeb202928f1086b058303d,8,"TAYLOR, Kenneth Charles",,True,Other/Independent,153,43445,True
vic_la_2022,Brunswick,brunswick,general-election,https://www.vec.vic.gov.au/results/state-election-results/2022-state-election-results/results-by-district/brunswick-district-results,c314913983d22537525ce3f2fee29868a8d553928dfeb202928f1086b058303d,9,"READ, Tim",Australian Greens,False,Greens,18959,43445,True
vic_la_2022,Bulleen,bulleen,general-election,https://www.vec.vic.gov.au/results/state-election-results/2022-state-election-results/results-by-district/bulleen-district-results,1b5d9c42d307544c36211dab0d62e92a3f785d3c78b78a96598f85e85ae2f64e,1,"STAFFORD, Kellie",Australian Greens,False,Greens,4576,42959,True
vic_la_2022,Bulleen,bulleen,general-election,https://www.vec.vic.gov.au/results/state-election-results/2022-state-election-results/results-by-district/bulleen-district-results,1b5d9c42d307544c36211dab0d62e92a3f785d3c78b78a96598f85e85ae2f64e,2,"SABHLOK, Sanjeev",,True,Other/Independent,419,42959,True
vic_la_2022,Bulleen,bulleen,general-election,https://www.vec.vic.gov.au/results/state-election-results/2022-state-election-results/results-by-district/bulleen-district-results,1b5d9c42d307544c36211dab0d62e92a3f785d3c78b78a96598f85e85ae2f64e,3,"STOKES, Jason",Family First Victoria,False,Other/Independent,1014,42959,True
vic_la_2022,Bulleen,bulleen,general-election,https://www.vec.vic.gov.au/results/state-election-results/2022-state-election-results/results-by-district/bulleen-district-results,1b5d9c42d307544c36211dab0d62e92a3f785d3c78b78a96598f85e85ae2f64e,4,"VINCENT, David",,True,Other/Independent,214,42959,True
vic_la_2022,Bulleen,bulleen,general-election,https://www.vec.vic.gov.au/results/state-election-results/2022-state-election-results/results-by-district/bulleen-district-results,1b5d9c42d307544c36211dab0d62e92a3f785d3c78b78a96598f85e85ae2f64e,5,"GUY, Matthew",Liberal,False,Coalition,20645,42959,True
vic_la_2022,Bulleen,bulleen,general-election,https://www.vec.vic.gov.au/results/state-election-results/2022-state-election-results/results-by-district/bulleen-district-results,1b5d9c42d307544c36211dab0d62e92a3f785d3c78b78a96598f85e85ae2f64e,6,"PATRIKIOS, Voula",Freedom Party of Victoria,False,Other/Independent,1172,42959,True
vic_la_2022,Bulleen,bulleen,general-election,https://www.vec.vic.gov.au/results/state-election-results/2022-state-election-results/results-by-district/bulleen-district-results,1b5d9c42d307544c36211dab0d62e92a3f785d3c78b78a96598f85e85ae2f64e,7,"ROGERS, Ian",Australian Labor Party - Victorian Branch,False,ALP,14052,42959,True
vic_la_2022,Bulleen,bulleen,general-election,https://www.vec.vic.gov.au/results/state-election-results/2022-state-election-results/results-by-district/bulleen-district-results,1b5d9c42d307544c36211dab0d62e92a3f785d3c78b78a96598f85e85ae2f64e,8,"JAFARI, Elnaz",Animal Justice Party,False,Other/Independent,867,42959,True
vic_la_2022,Bundoora,bundoora,general-election,https://www.vec.vic.gov.au/results/state-election-results/2022-state-election-results/results-by-district/bundoora-district-results,b8763598388772bc7299fe56d729d1c7751d4e2b7d076bf2bdd6e2cdb3053e01,1,"O'BRIEN, Julie",Australian Greens,False,Greens,5311,40336,True
vic_la_2022,Bundoora,bundoora,general-election,https://www.vec.vic.gov.au/results/state-election-results/2022-state-election-results/results-by-district/bundoora-district-results,b8763598388772bc7299fe56d729d1c7751d4e2b7d076bf2bdd6e2cdb3053e01,2,"TOMAR, Sahil",Liberal,False,Coalition,11167,40336,True
vic_la_2022,Bundoora,bundoora,general-election,https://www.vec.vic.gov.au/results/state-election-results/2022-state-election-results/results-by-district/bundoora-district-results,b8763598388772bc7299fe56d729d1c7751d4e2b7d076bf2bdd6e2cdb3053e01,3,"KOELMEYER, Eric",,True,Other/Independent,408,40336,True
vic_la_2022,Bundoora,bundoora,general-election,https://www.vec.vic.gov.au/results/state-election-results/2022-state-election-results/results-by-district/bundoora-district-results,b8763598388772bc7299fe56d729d1c7751d4e2b7d076bf2bdd6e2cdb3053e01,4,"BROOKS, Colin",Australian Labor Party - Victorian Branch,False,ALP,19288,40336,True
vic_la_2022,Bundoora,bundoora,general-election,https://www.vec.vic.gov.au/results/state-election-results/2022-state-election-results/results-by-district/bundoora-district-results,b8763598388772bc7299fe56d729d1c7751d4e2b7d076bf2bdd6e2cdb3053e01,5,"JONES, Ethan",Family First Victoria,False,Other/Independent,1294,40336,True
vic_la_2022,Bundoora,bundoora,general-election,https://www.vec.vic.gov.au/results/state-election-results/2022-state-election-results/results-by-district/bundoora-district-results,b8763598388772bc7299fe56d729d1c7751d4e2b7d076bf2bdd6e2cdb3053e01,6,"LU, Andrew",Freedom Party of Victoria,False,Other/Independent,1637,40336,True
vic_la_2022,Bundoora,bundoora,general-election,https://www.vec.vic.gov.au/results/state-election-results/2022-state-election-results/results-by-district/bundoora-district-results,b8763598388772bc7299fe56d729d1c7751d4e2b7d076bf2bdd6e2cdb3053e01,7,"HOLGATE, Bella",Animal Justice Party,False,Other/Independent,1231,40336,True
vic_la_2022,Carrum,carrum,general-election,https://www.vec.vic.gov.au/results/state-election-results/2022-state-election-results/results-by-district/carrum-district-results,baf663d9886cc5b25791a171e730bfa410e6bc940d2081f427844dad6c25abd7,1,"WILLIS, Damian",,True,Other/Independent,986,43300,True
vic_la_2022,Carrum,carrum,general-election,https://www.vec.vic.gov.au/results/state-election-results/2022-state-election-results/results-by-district/carrum-district-results,baf663d9886cc5b25791a171e730bfa410e6bc940d2081f427844dad6c25abd7,2,"EREVNIDIS, Georgia",Freedom Party of Victoria,False,Other/Independent,1750,43300,True
vic_la_2022,Carrum,carrum,general-election,https://www.vec.vic.gov.au/results/state-election-results/2022-state-election-results/results-by-district/carrum-district-results,baf663d9886cc5b25791a171e730bfa410e6bc940d2081f427844dad6c25abd7,3,"CAMERON, Jeremy",Family First Victoria,False,Other/Independent,1354,43300,True
vic_la_2022,Carrum,carrum,general-election,https://www.vec.vic.gov.au/results/state-election-results/2022-state-election-results/results-by-district/carrum-district-results,baf663d9886cc5b25791a171e730bfa410e6bc940d2081f427844dad6c25abd7,4,"MACGREGOR OWEN, Taylor",Animal Justice Party,False,Other/Independent,1201,43300,True
vic_la_2022,Carrum,carrum,general-election,https://www.vec.vic.gov.au/results/state-election-results/2022-state-election-results/results-by-district/carrum-district-results,baf663d9886cc5b25791a171e730bfa410e6bc940d2081f427844dad6c25abd7,5,"LILLICO, Jayde",Australian Greens,False,Greens,3282,43300,True
vic_la_2022,Carrum,carrum,general-election,https://www.vec.vic.gov.au/results/state-election-results/2022-state-election-results/results-by-district/carrum-district-results,baf663d9886cc5b25791a171e730bfa410e6bc940d2081f427844dad6c25abd7,6,"BUCHANAN, Bec",Liberal,False,Coalition,13141,43300,True
vic_la_2022,Carrum,carrum,general-election,https://www.vec.vic.gov.au/results/state-election-results/2022-state-election-results/results-by-district/carrum-district-results,baf663d9886cc5b25791a171e730bfa410e6bc940d2081f427844dad6c25abd7,7,"KILKENNY, Sonya",Australian Labor Party - Victorian Branch,False,ALP,21586,43300,True
vic_la_2022,Caulfield,caulfield,general-election,https://www.vec.vic.gov.au/results/state-election-results/2022-state-election-results/results-by-district/caulfield-district-results,d72f2fba34c5e36c87d9ac03dbc13e0ea2d03eee286610c5cdcfdf3653812cd6,1,"KALTMANN, Nomi",,True,Other/Independent,2643,40683,True
vic_la_2022,Caulfield,caulfield,general-election,https://www.vec.vic.gov.au/results/state-election-results/2022-state-election-results/results-by-district/caulfield-district-results,d72f2fba34c5e36c87d9ac03dbc13e0ea2d03eee286610c5cdcfdf3653812cd6,2,"EDWELL, Lynne",Family First Victoria,False,Other/Independent,557,40683,True
vic_la_2022,Caulfield,caulfield,general-election,https://www.vec.vic.gov.au/results/state-election-results/2022-state-election-results/results-by-district/caulfield-district-results,d72f2fba34c5e36c87d9ac03dbc13e0ea2d03eee286610c5cdcfdf3653812cd6,3,"IAMPOLSKI, Rachel",Australian Greens,False,Greens,6447,40683,True
vic_la_2022,Caulfield,caulfield,general-election,https://www.vec.vic.gov.au/results/state-election-results/2022-state-election-results/results-by-district/caulfield-district-results,d72f2fba34c5e36c87d9ac03dbc13e0ea2d03eee286610c5cdcfdf3653812cd6,4,"MYERSON, Asher",Animal Justice Party,False,Other/Independent,908,40683,True
vic_la_2022,Caulfield,caulfield,general-election,https://www.vec.vic.gov.au/results/state-election-results/2022-state-election-results/results-by-district/caulfield-district-results,d72f2fba34c5e36c87d9ac03dbc13e0ea2d03eee286610c5cdcfdf3653812cd6,5,"SOUTHWICK, David",Liberal,False,Coalition,18088,40683,True
vic_la_2022,Caulfield,caulfield,general-election,https://www.vec.vic.gov.au/results/state-election-results/2022-state-election-results/results-by-district/caulfield-district-results,d72f2fba34c5e36c87d9ac03dbc13e0ea2d03eee286610c5cdcfdf3653812cd6,6,"HAREL, Lior",Australian Labor Party - Victorian Branch,False,ALP,11301,40683,True
vic_la_2022,Caulfield,caulfield,general-election,https://www.vec.vic.gov.au/results/state-election-results/2022-state-election-results/results-by-district/caulfield-district-results,d72f2fba34c5e36c87d9ac03dbc13e0ea2d03eee286610c5cdcfdf3653812cd6,7,"ABELMAN, Michael",Liberal Democrats,False,Other/Independent,739,40683,True
vic_la_2022,Clarinda,clarinda,general-election,https://www.vec.vic.gov.au/results/state-election-results/2022-state-election-results/results-by-district/clarinda-district-results,3d8ba095748eb507bafefa4d789ad6fd1f673203e3c1362c9c740d75e4e5506b,1,"WHITE, Caroline",,True,Other/Independent,3167,40564,True
vic_la_2022,Clarinda,clarinda,general-election,https://www.vec.vic.gov.au/results/state-election-results/2022-state-election-results/results-by-district/clarinda-district-results,3d8ba095748eb507bafefa4d789ad6fd1f673203e3c1362c9c740d75e4e5506b,2,"HASTINGS, Karen",Family First Victoria,False,Other/Independent,1215,40564,True
vic_la_2022,Clarinda,clarinda,general-election,https://www.vec.vic.gov.au/results/state-election-results/2022-state-election-results/results-by-district/clarinda-district-results,3d8ba095748eb507bafefa4d789ad6fd1f673203e3c1362c9c740d75e4e5506b,3,"WOLFE, Steve",Freedom Party of Victoria,False,Other/Independent,794,40564,True
vic_la_2022,Clarinda,clarinda,general-election,https://www.vec.vic.gov.au/results/state-election-results/2022-state-election-results/results-by-district/clarinda-district-results,3d8ba095748eb507bafefa4d789ad6fd1f673203e3c1362c9c740d75e4e5506b,4,"VO, Hung",,True,Other/Independent,1122,40564,True
vic_la_2022,Clarinda,clarinda,general-election,https://www.vec.vic.gov.au/results/state-election-results/2022-state-election-results/results-by-district/clarinda-district-results,3d8ba095748eb507bafefa4d789ad6fd1f673203e3c1362c9c740d75e4e5506b,5,"TAK, Meng Heang",Australian Labor Party - Victorian Branch,False,ALP,18441,40564,True
vic_la_2022,Clarinda,clarinda,general-election,https://www.vec.vic.gov.au/results/state-election-results/2022-state-election-results/results-by-district/clarinda-district-results,3d8ba095748eb507bafefa4d789ad6fd1f673203e3c1362c9c740d75e4e5506b,6,"RICHARDSON, Anthony",Liberal,False,Coalition,11593,40564,True
vic_la_2022,Clarinda,clarinda,general-election,https://www.vec.vic.gov.au/results/state-election-results/2022-state-election-results/results-by-district/clarinda-district-results,3d8ba095748eb507bafefa4d789ad6fd1f673203e3c1362c9c740d75e4e5506b,7,"MOFFETT, Jessamine",Australian Greens,False,Greens,3227,40564,True
vic_la_2022,Clarinda,clarinda,general-election,https://www.vec.vic.gov.au/results/state-election-results/2022-state-election-results/results-by-district/clarinda-district-results,3d8ba095748eb507bafefa4d789ad6fd1f673203e3c1362c9c740d75e4e5506b,8,"LITCHFIELD, Sue",Animal Justice Party,False,Other/Independent,1005,40564,True
vic_la_2022,Cranbourne,cranbourne,general-election,https://www.vec.vic.gov.au/results/state-election-results/2022-state-election-results/results-by-district/cranbourne-district-results,484cb64e241722a990bde3a9b83920387d696c436c54167b218354c7c9af3ef8,1,"HARVEY, Bradley",Family First Victoria,False,Other/Independent,2249,40822,True
vic_la_2022,Cranbourne,cranbourne,general-election,https://www.vec.vic.gov.au/results/state-election-results/2022-state-election-results/results-by-district/cranbourne-district-results,484cb64e241722a990bde3a9b83920387d696c436c54167b218354c7c9af3ef8,2,"NORTON, Chris",Labour DLP,False,Other/Independent,2044,40822,True
vic_la_2022,Cranbourne,cranbourne,general-election,https://www.vec.vic.gov.au/results/state-election-results/2022-state-election-results/results-by-district/cranbourne-district-results,484cb64e241722a990bde3a9b83920387d696c436c54167b218354c7c9af3ef8,3,"PHILPOTT, Peter Bernard",Derryn Hinch's Justice Party,False,Other/Independent,1126,40822,True
vic_la_2022,Cranbourne,cranbourne,general-election,https://www.vec.vic.gov.au/results/state-election-results/2022-state-election-results/results-by-district/cranbourne-district-results,484cb64e241722a990bde3a9b83920387d696c436c54167b218354c7c9af3ef8,4,"SINGH, Jagdeep",Liberal,False,Coalition,11230,40822,True
vic_la_2022,Cranbourne,cranbourne,general-election,https://www.vec.vic.gov.au/results/state-election-results/2022-state-election-results/results-by-district/cranbourne-district-results,484cb64e241722a990bde3a9b83920387d696c436c54167b218354c7c9af3ef8,5,"RICHARDS, Pauline",Australian Labor Party - Victorian Branch,False,ALP,18853,40822,True
vic_la_2022,Cranbourne,cranbourne,general-election,https://www.vec.vic.gov.au/results/state-election-results/2022-state-election-results/results-by-district/cranbourne-district-results,484cb64e241722a990bde3a9b83920387d696c436c54167b218354c7c9af3ef8,6,"BRENNAN, Gwynne",Animal Justice Party,False,Other/Independent,1006,40822,True
vic_la_2022,Cranbourne,cranbourne,general-election,https://www.vec.vic.gov.au/results/state-election-results/2022-state-election-results/results-by-district/cranbourne-district-results,484cb64e241722a990bde3a9b83920387d696c436c54167b218354c7c9af3ef8,7,"RAGUPATHY, Ravi",,True,Other/Independent,242,40822,True
vic_la_2022,Cranbourne,cranbourne,general-election,https://www.vec.vic.gov.au/results/state-election-results/2022-state-election-results/results-by-district/cranbourne-district-results,484cb64e241722a990bde3a9b83920387d696c436c54167b218354c7c9af3ef8,8,"HANSEN, Gerardine Frances",Freedom Party of Victoria,False,Other/Independent,1790,40822,True
vic_la_2022,Cranbourne,cranbourne,general-election,https://www.vec.vic.gov.au/results/state-election-results/2022-state-election-results/results-by-district/cranbourne-district-results,484cb64e241722a990bde3a9b83920387d696c436c54167b218354c7c9af3ef8,9,"VEMPATI, Kiran",Australian Greens,False,Greens,2282,40822,True
vic_la_2022,Croydon,croydon,general-election,https://www.vec.vic.gov.au/results/state-election-results/2022-state-election-results/results-by-district/croydon-district-results,1f90cbe98edef0119ff5fbaad64bca00a3dc1eea4242ef65a9f719e1a0c7331f,1,"de WIT, Sophia",Labour DLP,False,Other/Independent,1978,45639,True
vic_la_2022,Croydon,croydon,general-election,https://www.vec.vic.gov.au/results/state-election-results/2022-state-election-results/results-by-district/croydon-district-results,1f90cbe98edef0119ff5fbaad64bca00a3dc1eea4242ef65a9f719e1a0c7331f,2,"McDONALD-ECKERSALL, Harley",Animal Justice Party,False,Other/Independent,1501,45639,True
vic_la_2022,Croydon,croydon,general-election,https://www.vec.vic.gov.au/results/state-election-results/2022-state-election-results/results-by-district/croydon-district-results,1f90cbe98edef0119ff5fbaad64bca00a3dc1eea4242ef65a9f719e1a0c7331f,3,"GRASSO, Sorina",Australian Labor Party - Victorian Branch,False,ALP,15564,45639,True
vic_la_2022,Croydon,croydon,general-election,https://www.vec.vic.gov.au/results/state-election-results/2022-state-election-results/results-by-district/croydon-district-results,1f90cbe98edef0119ff5fbaad64bca00a3dc1eea4242ef65a9f719e1a0c7331f,4,"HODGETT, David",Liberal,False,Coalition,19605,45639,True
vic_la_2022,Croydon,croydon,general-election,https://www.vec.vic.gov.au/results/state-election-results/2022-state-election-results/results-by-district/croydon-district-results,1f90cbe98edef0119ff5fbaad64bca00a3dc1eea4242ef65a9f719e1a0c7331f,5,"POWELL, Brendan",Australian Greens,False,Greens,4940,45639,True
vic_la_2022,Croydon,croydon,general-election,https://www.vec.vic.gov.au/results/state-election-results/2022-state-election-results/results-by-district/croydon-district-results,1f90cbe98edef0119ff5fbaad64bca00a3dc1eea4242ef65a9f719e1a0c7331f,6,"NEBAUER, Dan",Family First Victoria,False,Other/Independent,2051,45639,True
vic_la_2022,Dandenong,dandenong,general-election,https://www.vec.vic.gov.au/results/state-election-results/2022-state-election-results/results-by-district/dandenong-district-results,74406caf169576154d11e320eb96a28c1d78ab98e2ea97f8c0159c2970d1d05b,1,"HARMSE, Audrey",Family First Victoria,False,Other/Independent,2719,39507,True
vic_la_2022,Dandenong,dandenong,general-election,https://www.vec.vic.gov.au/results/state-election-results/2022-state-election-results/results-by-district/dandenong-district-results,74406caf169576154d11e320eb96a28c1d78ab98e2ea97f8c0159c2970d1d05b,2,"LEVCHENKO, Anthony",Freedom Party of Victoria,False,Other/Independent,1478,39507,True
vic_la_2022,Dandenong,dandenong,general-election,https://www.vec.vic.gov.au/results/state-election-results/2022-state-election-results/results-by-district/dandenong-district-results,74406caf169576154d11e320eb96a28c1d78ab98e2ea97f8c0159c2970d1d05b,3,"WILLIAMS, Gabrielle",Australian Labor Party - Victorian Branch,False,ALP,21677,39507,True
vic_la_2022,Dandenong,dandenong,general-election,https://www.vec.vic.gov.au/results/state-election-results/2022-state-election-results/results-by-district/dandenong-district-results,74406caf169576154d11e320eb96a28c1d78ab98e2ea97f8c0159c2970d1d05b,4,"KIRWAN, Matthew",Australian Greens,False,Greens,3215,39507,True
vic_la_2022,Dandenong,dandenong,general-election,https://www.vec.vic.gov.au/results/state-election-results/2022-state-election-results/results-by-district/dandenong-district-results,74406caf169576154d11e320eb96a28c1d78ab98e2ea97f8c0159c2970d1d05b,5,"BROADLEY, Karen",Liberal,False,Coalition,8475,39507,True
vic_la_2022,Dandenong,dandenong,general-election,https://www.vec.vic.gov.au/results/state-election-results/2022-state-election-results/results-by-district/dandenong-district-results,74406caf169576154d11e320eb96a28c1d78ab98e2ea97f8c0159c2970d1d05b,6,"KLOP, Andrew",Animal Justice Party,False,Other/Independent,982,39507,True
vic_la_2022,Dandenong,dandenong,general-election,https://www.vec.vic.gov.au/results/state-election-results/2022-state-election-results/results-by-district/dandenong-district-results,74406caf169576154d11e320eb96a28c1d78ab98e2ea97f8c0159c2970d1d05b,7,"TURNER, Tham",Liberal Democrats,False,Other/Independent,961,39507,True
vic_la_2022,Eildon,eildon,general-election,https://www.vec.vic.gov.au/results/state-election-results/2022-state-election-results/results-by-district/eildon-district-results,2e3bc80b5eeb173a7e65f2737faffa6d06bcfe0b73e5eda2318a57514fb15bb7,1,"JUDD, Jane",Australian Labor Party - Victorian Branch,False,ALP,12284,42399,True
vic_la_2022,Eildon,eildon,general-election,https://www.vec.vic.gov.au/results/state-election-results/2022-state-election-results/results-by-district/eildon-district-results,2e3bc80b5eeb173a7e65f2737faffa6d06bcfe0b73e5eda2318a57514fb15bb7,2,"BOND, Chloe",Animal Justice Party,False,Other/Independent,1340,42399,True
vic_la_2022,Eildon,eildon,general-election,https://www.vec.vic.gov.au/results/state-election-results/2022-state-election-results/results-by-district/eildon-district-results,2e3bc80b5eeb173a7e65f2737faffa6d06bcfe0b73e5eda2318a57514fb15bb7,3,"McLEISH, Cindy",Liberal,False,Coalition,20119,42399,True
vic_la_2022,Eildon,eildon,general-election,https://www.vec.vic.gov.au/results/state-election-results/2022-state-election-results/results-by-district/eildon-district-results,2e3bc80b5eeb173a7e65f2737faffa6d06bcfe0b73e5eda2318a57514fb15bb7,4,"THORNTON, Robert",,True,Other/Independent,459,42399,True
vic_la_2022,Eildon,eildon,general-election,https://www.vec.vic.gov.au/results/state-election-results/2022-state-election-results/results-by-district/eildon-district-results,2e3bc80b5eeb173a7e65f2737faffa6d06bcfe0b73e5eda2318a57514fb15bb7,5,"MIKELSONS, Wil",Australian Greens,False,Greens,4753,42399,True
vic_la_2022,Eildon,eildon,general-election,https://www.vec.vic.gov.au/results/state-election-results/2022-state-election-results/results-by-district/eildon-district-results,2e3bc80b5eeb173a7e65f2737faffa6d06bcfe0b73e5eda2318a57514fb15bb7,6,"RUSIC, Joshua",Freedom Party of Victoria,False,Other/Independent,1426,42399,True
vic_la_2022,Eildon,eildon,general-election,https://www.vec.vic.gov.au/results/state-election-results/2022-state-election-results/results-by-district/eildon-district-results,2e3bc80b5eeb173a7e65f2737faffa6d06bcfe0b73e5eda2318a57514fb15bb7,7,"CORDNER HUNT, Kammy",,True,Other/Independent,581,42399,True
vic_la_2022,Eildon,eildon,general-election,https://www.vec.vic.gov.au/results/state-election-results/2022-state-election-results/results-by-district/eildon-district-results,2e3bc80b5eeb173a7e65f2737faffa6d06bcfe0b73e5eda2318a57514fb15bb7,8,"LACEY, Tim",Family First Victoria,False,Other/Independent,1437,42399,True
vic_la_2022,Eltham,eltham,general-election,https://www.vec.vic.gov.au/results/state-election-results/2022-state-election-results/results-by-district/eltham-district-results,4b951a1739d5c1ccae9968f96558fc18542160e0627db073eb44cc507982ff9a,1,"WARD, Vicki",Australian Labor Party - Victorian Branch,False,ALP,19509,43844,True
vic_la_2022,Eltham,eltham,general-election,https://www.vec.vic.gov.au/results/state-election-results/2022-state-election-results/results-by-district/eltham-district-results,4b951a1739d5c1ccae9968f96558fc18542160e0627db073eb44cc507982ff9a,2,"KARIMI, Leila",Labour DLP,False,Other/Independent,710,43844,True
vic_la_2022,Eltham,eltham,general-election,https://www.vec.vic.gov.au/results/state-election-results/2022-state-election-results/results-by-district/eltham-district-results,4b951a1739d5c1ccae9968f96558fc18542160e0627db073eb44cc507982ff9a,3,"McCLINTOCK, Jason",Liberal,False,Coalition,15615,43844,True
vic_la_2022,Eltham,eltham,general-election,https://www.vec.vic.gov.au/results/state-election-results/2022-state-election-results/results-by-district/eltham-district-results,4b951a1739d5c1ccae9968f96558fc18542160e0627db073eb44cc507982ff9a,4,"MARSHALL, Catriona",Animal Justice Party,False,Other/Independent,995,43844,True
vic_la_2022,Eltham,eltham,general-election,https://www.vec.vic.gov.au/results/state-election-results/2022-state-election-results/results-by-district/eltham-district-results,4b951a1739d5c1ccae9968f96558fc18542160e0627db073eb44cc507982ff9a,5,"GRIMES, Alex",Australian Greens,False,Greens,5897,43844,True
vic_la_2022,Eltham,eltham,general-election,https://www.vec.vic.gov.au/results/state-election-results/2022-state-election-results/results-by-district/eltham-district-results,4b951a1739d5c1ccae9968f96558fc18542160e0627db073eb44cc507982ff9a,6,"STUBLEY, Hugh",Family First Victoria,False,Other/Independent,1118,43844,True
vic_la_2022,Essendon,essendon,general-election,https://www.vec.vic.gov.au/results/state-election-results/2022-state-election-results/results-by-district/essendon-district-results,72b48b6db260f54be5dcaf26735227e9a7e26f369f037a75ccb3050553d84f89,1,"WILLIAMS, Gayle",Animal Justice Party,False,Other/Independent,1173,41867,True
vic_la_2022,Essendon,essendon,general-election,https://www.vec.vic.gov.au/results/state-election-results/2022-state-election-results/results-by-district/essendon-district-results,72b48b6db260f54be5dcaf26735227e9a7e26f369f037a75ccb3050553d84f89,2,"WRIGHT, David",Freedom Party of Victoria,False,Other/Independent,1006,41867,True
vic_la_2022,Essendon,essendon,general-election,https://www.vec.vic.gov.au/results/state-election-results/2022-state-election-results/results-by-district/essendon-district-results,72b48b6db260f54be5dcaf26735227e9a7e26f369f037a75ccb3050553d84f89,3,"PRENTIS, Jared",Australian Greens,False,Greens,6344,41867,True
vic_la_2022,Essendon,essendon,general-election,https://www.vec.vic.gov.au/results/state-election-results/2022-state-election-results/results-by-district/essendon-district-results,72b48b6db260f54be5dcaf26735227e9a7e26f369f037a75ccb3050553d84f89,4,"DADICH, Daniel Nair",Victorian Socialists,False,Other/Independent,1951,41867,True
vic_la_2022,Essendon,essendon,general-election,https://www.vec.vic.gov.au/results/state-election-results/2022-state-election-results/results-by-district/essendon-district-results,72b48b6db260f54be5dcaf26735227e9a7e26f369f037a75ccb3050553d84f89,5,"HOPE, Nicholas",Fiona Patten's Reason Party,False,Other/Independent,1018,41867,True
vic_la_2022,Essendon,essendon,general-election,https://www.vec.vic.gov.au/results/state-election-results/2022-state-election-results/results-by-district/essendon-district-results,72b48b6db260f54be5dcaf26735227e9a7e26f369f037a75ccb3050553d84f89,6,"BARONESSA, Angelo",Liberal,False,Coalition,12331,41867,True
vic_la_2022,Essendon,essendon,general-election,https://www.vec.vic.gov.au/results/state-election-results/2022-state-election-results/results-by-district/essendon-district-results,72b48b6db260f54be5dcaf26735227e9a7e26f369f037a75ccb3050553d84f89,7,"PEARSON, Danny",Australian Labor Party - Victorian Branch,False,ALP,17196,41867,True
vic_la_2022,Essendon,essendon,general-election,https://www.vec.vic.gov.au/results/state-election-results/2022-state-election-results/results-by-district/essendon-district-results,72b48b6db260f54be5dcaf26735227e9a7e26f369f037a75ccb3050553d84f89,8,"MUIR, Margaret",Family First Victoria,False,Other/Independent,848,41867,True
vic_la_2022,Eureka,eureka,general-election,https://www.vec.vic.gov.au/results/state-election-results/2022-state-election-results/results-by-district/eureka-district-results,659a8339712c9debfa4a4a6d8ff9e0b3dd3c8f4cfae1565cb9673f3a488f1005,1,"TATCHELL, Paul",Liberal,False,Coalition,14320,45247,True
vic_la_2022,Eureka,eureka,general-election,https://www.vec.vic.gov.au/results/state-election-results/2022-state-election-results/results-by-district/eureka-district-results,659a8339712c9debfa4a4a6d8ff9e0b3dd3c8f4cfae1565cb9673f3a488f1005,2,"GIAMPAOLO, Anthony Joseph",Freedom Party of Victoria,False,Other/Independent,967,45247,True
vic_la_2022,Eureka,eureka,general-election,https://www.vec.vic.gov.au/results/state-election-results/2022-state-election-results/results-by-district/eureka-district-results,659a8339712c9debfa4a4a6d8ff9e0b3dd3c8f4cfae1565cb9673f3a488f1005,3,"McCOLL, Sam",Australian Greens,False,Greens,4887,45247,True
vic_la_2022,Eureka,eureka,general-election,https://www.vec.vic.gov.au/results/state-election-results/2022-state-election-results/results-by-district/eureka-district-results,659a8339712c9debfa4a4a6d8ff9e0b3dd3c8f4cfae1565cb9673f3a488f1005,4,"GARCIA, Adrian",Family First Victoria,False,Other/Independent,1233,45247,True
vic_la_2022,Eureka,eureka,general-election,https://www.vec.vic.gov.au/results/state-election-results/2022-state-election-results/results-by-district/eureka-district-results,659a8339712c9debfa4a4a6d8ff9e0b3dd3c8f4cfae1565cb9673f3a488f1005,5,"RICKARD, Tabitha",Labour DLP,False,Other/Independent,1821,45247,True
vic_la_2022,Eureka,eureka,general-election,https://www.vec.vic.gov.au/results/state-election-results/2022-state-election-results/results-by-district/eureka-district-results,659a8339712c9debfa4a4a6d8ff9e0b3dd3c8f4cfae1565cb9673f3a488f1005,6,"MORRISON, Wendy",Animal Justice Party,False,Other/Independent,1519,45247,True
vic_la_2022,Eureka,eureka,general-election,https://www.vec.vic.gov.au/results/state-election-results/2022-state-election-results/results-by-district/eureka-district-results,659a8339712c9debfa4a4a6d8ff9e0b3dd3c8f4cfae1565cb9673f3a488f1005,7,"RAY, Michael",,True,Other/Independent,666,45247,True
vic_la_2022,Eureka,eureka,general-election,https://www.vec.vic.gov.au/results/state-election-results/2022-state-election-results/results-by-district/eureka-district-results,659a8339712c9debfa4a4a6d8ff9e0b3dd3c8f4cfae1565cb9673f3a488f1005,8,"REID, Nicola",,True,Other/Independent,1083,45247,True
vic_la_2022,Eureka,eureka,general-election,https://www.vec.vic.gov.au/results/state-election-results/2022-state-election-results/results-by-district/eureka-district-results,659a8339712c9debfa4a4a6d8ff9e0b3dd3c8f4cfae1565cb9673f3a488f1005,9,"BANWELL, Mark William",,True,Other/Independent,220,45247,True
vic_la_2022,Eureka,eureka,general-election,https://www.vec.vic.gov.au/results/state-election-results/2022-state-election-results/results-by-district/eureka-district-results,659a8339712c9debfa4a4a6d8ff9e0b3dd3c8f4cfae1565cb9673f3a488f1005,10,"SETTLE, Michaela",Australian Labor Party - Victorian Branch,False,ALP,18531,45247,True
vic_la_2022,Euroa,euroa,general-election,https://www.vec.vic.gov.au/results/state-election-results/2022-state-election-results/results-by-district/euroa-district-results,57418b8faf90a31edbf688e812f943c97249b0bd61f962519c140b76885bd797,1,"TOUGH, Angela",Australian Labor Party - Victorian Branch,False,ALP,12840,42242,True
vic_la_2022,Euroa,euroa,general-election,https://www.vec.vic.gov.au/results/state-election-results/2022-state-election-results/results-by-district/euroa-district-results,57418b8faf90a31edbf688e812f943c97249b0bd61f962519c140b76885bd797,2,"HADDOCK, Elaine",Animal Justice Party,False,Other/Independent,1170,42242,True
vic_la_2022,Euroa,euroa,general-election,https://www.vec.vic.gov.au/results/state-election-results/2022-state-election-results/results-by-district/euroa-district-results,57418b8faf90a31edbf688e812f943c97249b0bd61f962519c140b76885bd797,3,"CLEELAND, Annabelle",The Nationals,False,Coalition,13496,42242,True
vic_la_2022,Euroa,euroa,general-election,https://www.vec.vic.gov.au/results/state-election-results/2022-state-election-results/results-by-district/euroa-district-results,57418b8faf90a31edbf688e812f943c97249b0bd61f962519c140b76885bd797,4,"HEARN, Brad",Liberal,False,Coalition,9227,42242,True
vic_la_2022,Euroa,euroa,general-election,https://www.vec.vic.gov.au/results/state-election-results/2022-state-election-results/results-by-district/euroa-district-results,57418b8faf90a31edbf688e812f943c97249b0bd61f962519c140b76885bd797,5,"BENNETT, James",Australian Greens,False,Greens,2245,42242,True
vic_la_2022,Euroa,euroa,general-election,https://www.vec.vic.gov.au/results/state-election-results/2022-state-election-results/results-by-district/euroa-district-results,57418b8faf90a31edbf688e812f943c97249b0bd61f962519c140b76885bd797,6,"BACHELOR, Paul",Family First Victoria,False,Other/Independent,1494,42242,True
vic_la_2022,Euroa,euroa,general-election,https://www.vec.vic.gov.au/results/state-election-results/2022-state-election-results/results-by-district/euroa-district-results,57418b8faf90a31edbf688e812f943c97249b0bd61f962519c140b76885bd797,7,"ROWBOTHAM, Raymond Mark",Freedom Party of Victoria,False,Other/Independent,1770,42242,True
vic_la_2022,Evelyn,evelyn,general-election,https://www.vec.vic.gov.au/results/state-election-results/2022-state-election-results/results-by-district/evelyn-district-results,d63693e5e25ac8db45420d3d7718fd8a8e00d8130e4f28382088022b782e3b5c,1,"HEALD, Jan",Animal Justice Party,False,Other/Independent,1819,43665,True
vic_la_2022,Evelyn,evelyn,general-election,https://www.vec.vic.gov.au/results/state-election-results/2022-state-election-results/results-by-district/evelyn-district-results,d63693e5e25ac8db45420d3d7718fd8a8e00d8130e4f28382088022b782e3b5c,2,"DE FRANCESCO, Nat",,True,Other/Independent,448,43665,True
vic_la_2022,Evelyn,evelyn,general-election,https://www.vec.vic.gov.au/results/state-election-results/2022-state-election-results/results-by-district/evelyn-district-results,d63693e5e25ac8db45420d3d7718fd8a8e00d8130e4f28382088022b782e3b5c,3,"DENT, Lorna",Australian Labor Party - Victorian Branch,False,ALP,14277,43665,True
vic_la_2022,Evelyn,evelyn,general-election,https://www.vec.vic.gov.au/results/state-election-results/2022-state-election-results/results-by-district/evelyn-district-results,d63693e5e25ac8db45420d3d7718fd8a8e00d8130e4f28382088022b782e3b5c,4,"DE FRANCESCO, Rosalie",,True,Other/Independent,366,43665,True
vic_la_2022,Evelyn,evelyn,general-election,https://www.vec.vic.gov.au/results/state-election-results/2022-state-election-results/results-by-district/evelyn-district-results,d63693e5e25ac8db45420d3d7718fd8a8e00d8130e4f28382088022b782e3b5c,5,"VALLENCE, Bridget",Liberal,False,Coalition,20385,43665,True
vic_la_2022,Evelyn,evelyn,general-election,https://www.vec.vic.gov.au/results/state-election-results/2022-state-election-results/results-by-district/evelyn-district-results,d63693e5e25ac8db45420d3d7718fd8a8e00d8130e4f28382088022b782e3b5c,6,"DOBSON, Jeanette",Family First Victoria,False,Other/Independent,2318,43665,True
vic_la_2022,Evelyn,evelyn,general-election,https://www.vec.vic.gov.au/results/state-election-results/2022-state-election-results/results-by-district/evelyn-district-results,d63693e5e25ac8db45420d3d7718fd8a8e00d8130e4f28382088022b782e3b5c,7,"HENLEY, Andrew",Australian Greens,False,Greens,4052,43665,True
vic_la_2022,Footscray,footscray,general-election,https://www.vec.vic.gov.au/results/state-election-results/2022-state-election-results/results-by-district/footscray-district-results,d52c83ae799c2f055fea7f4a16d1e6234983ca6cc43d663a2ce01b52d2f7ceab,1,"PEREYRA, Elena",Australian Greens,False,Greens,9045,40340,True
vic_la_2022,Footscray,footscray,general-election,https://www.vec.vic.gov.au/results/state-election-results/2022-state-election-results/results-by-district/footscray-district-results,d52c83ae799c2f055fea7f4a16d1e6234983ca6cc43d663a2ce01b52d2f7ceab,2,"MANSOURI JAJAEE, Shohre",Animal Justice Party,False,Other/Independent,989,40340,True
vic_la_2022,Footscray,footscray,general-election,https://www.vec.vic.gov.au/results/state-election-results/2022-state-election-results/results-by-district/footscray-district-results,d52c83ae799c2f055fea7f4a16d1e6234983ca6cc43d663a2ce01b52d2f7ceab,3,"HALL, Katie",Australian Labor Party - Victorian Branch,False,ALP,17387,40340,True
vic_la_2022,Footscray,footscray,general-election,https://www.vec.vic.gov.au/results/state-election-results/2022-state-election-results/results-by-district/footscray-district-results,d52c83ae799c2f055fea7f4a16d1e6234983ca6cc43d663a2ce01b52d2f7ceab,4,"MUIR, Russell",Family First Victoria,False,Other/Independent,838,40340,True
vic_la_2022,Footscray,footscray,general-election,https://www.vec.vic.gov.au/results/state-election-results/2022-state-election-results/results-by-district/footscray-district-results,d52c83ae799c2f055fea7f4a16d1e6234983ca6cc43d663a2ce01b52d2f7ceab,5,"WILLIAMS, Alan",Labour DLP,False,Other/Independent,1098,40340,True
vic_la_2022,Footscray,footscray,general-election,https://www.vec.vic.gov.au/results/state-election-results/2022-state-election-results/results-by-district/footscray-district-results,d52c83ae799c2f055fea7f4a16d1e6234983ca6cc43d663a2ce01b52d2f7ceab,6,"JORQUERA, Jorge",Victorian Socialists,False,Other/Independent,3769,40340,True
vic_la_2022,Footscray,footscray,general-election,https://www.vec.vic.gov.au/results/state-election-results/2022-state-election-results/results-by-district/footscray-district-results,d52c83ae799c2f055fea7f4a16d1e6234983ca6cc43d663a2ce01b52d2f7ceab,7,"JOESIKA, Emete",Liberal,False,Coalition,7214,40340,True
vic_la_2022,Frankston,frankston,general-election,https://www.vec.vic.gov.au/results/state-election-results/2022-state-election-results/results-by-district/frankston-district-results,43d0558d532e7e5dc124ea1d7ff2f1f201549bde36428a30a1dcd37b625ec0ac,1,"SURIC, Dragan",Freedom Party of Victoria,False,Other/Independent,1443,39941,True
vic_la_2022,Frankston,frankston,general-election,https://www.vec.vic.gov.au/results/state-election-results/2022-state-election-results/results-by-district/frankston-district-results,43d0558d532e7e5dc124ea1d7ff2f1f201549bde36428a30a1dcd37b625ec0ac,2,"GREEN, Emily",Australian Greens,False,Greens,5060,39941,True
vic_la_2022,Frankston,frankston,general-election,https://www.vec.vic.gov.au/results/state-election-results/2022-state-election-results/results-by-district/frankston-district-results,43d0558d532e7e5dc124ea1d7ff2f1f201549bde36428a30a1dcd37b625ec0ac,3,"JOHNSTON, Elizabeth",Animal Justice Party,False,Other/Independent,1365,39941,True
vic_la_2022,Frankston,frankston,general-election,https://www.vec.vic.gov.au/results/state-election-results/2022-state-election-results/results-by-district/frankston-district-results,43d0558d532e7e5dc124ea1d7ff2f1f201549bde36428a30a1dcd37b625ec0ac,4,"BERGWERF, Darren Paul",,True,Other/Independent,844,39941,True
vic_la_2022,Frankston,frankston,general-election,https://www.vec.vic.gov.au/results/state-election-results/2022-state-election-results/results-by-district/frankston-district-results,43d0558d532e7e5dc124ea1d7ff2f1f201549bde36428a30a1dcd37b625ec0ac,5,"KELSALL, Henry",,True,Other/Independent,369,39941,True
vic_la_2022,Frankston,frankston,general-election,https://www.vec.vic.gov.au/results/state-election-results/2022-state-election-results/results-by-district/frankston-district-results,43d0558d532e7e5dc124ea1d7ff2f1f201549bde36428a30a1dcd37b625ec0ac,6,"BROWN, Richard",Family First Victoria,False,Other/Independent,1083,39941,True
vic_la_2022,Frankston,frankston,general-election,https://www.vec.vic.gov.au/results/state-election-results/2022-state-election-results/results-by-district/frankston-district-results,43d0558d532e7e5dc124ea1d7ff2f1f201549bde36428a30a1dcd37b625ec0ac,7,"EDBROOKE, Paul",Australian Labor Party - Victorian Branch,False,ALP,16595,39941,True
vic_la_2022,Frankston,frankston,general-election,https://www.vec.vic.gov.au/results/state-election-results/2022-state-election-results/results-by-district/frankston-district-results,43d0558d532e7e5dc124ea1d7ff2f1f201549bde36428a30a1dcd37b625ec0ac,8,"O'REILLY, Michael",Liberal,False,Coalition,11762,39941,True
vic_la_2022,Frankston,frankston,general-election,https://www.vec.vic.gov.au/results/state-election-results/2022-state-election-results/results-by-district/frankston-district-results,43d0558d532e7e5dc124ea1d7ff2f1f201549bde36428a30a1dcd37b625ec0ac,9,"ABRAHAM, Chrysten",Liberal Democrats,False,Other/Independent,1420,39941,True
vic_la_2022,Geelong,geelong,general-election,https://www.vec.vic.gov.au/results/state-election-results/2022-state-election-results/results-by-district/geelong-district-results,db5641285077a89b5c0c236797c5e1889acfc995d5d4852ae0ca48159f74dc9e,1,"PARKER-HILL, Madeleine",Family First Victoria,False,Other/Independent,2051,44762,True
vic_la_2022,Geelong,geelong,general-election,https://www.vec.vic.gov.au/results/state-election-results/2022-state-election-results/results-by-district/geelong-district-results,db5641285077a89b5c0c236797c5e1889acfc995d5d4852ae0ca48159f74dc9e,2,"CARR, Angela",,True,Other/Independent,994,44762,True
vic_la_2022,Geelong,geelong,general-election,https://www.vec.vic.gov.au/results/state-election-results/2022-state-election-results/results-by-district/geelong-district-results,db5641285077a89b5c0c236797c5e1889acfc995d5d4852ae0ca48159f74dc9e,3,"JUHASZ, Stephen",,True,Other/Independent,455,44762,True
vic_la_2022,Geelong,geelong,general-election,https://www.vec.vic.gov.au/results/state-election-results/2022-state-election-results/results-by-district/geelong-district-results,db5641285077a89b5c0c236797c5e1889acfc995d5d4852ae0ca48159f74dc9e,4,"BENNETT-HULLIN, James",Liberal,False,Coalition,12194,44762,True
vic_la_2022,Geelong,geelong,general-election,https://www.vec.vic.gov.au/results/state-election-results/2022-state-election-results/results-by-district/geelong-district-results,db5641285077a89b5c0c236797c5e1889acfc995d5d4852ae0ca48159f74dc9e,5,"COUZENS, Christine",Australian Labor Party - Victorian Branch,False,ALP,20754,44762,True
vic_la_2022,Geelong,geelong,general-election,https://www.vec.vic.gov.au/results/state-election-results/2022-state-election-results/results-by-district/geelong-district-results,db5641285077a89b5c0c236797c5e1889acfc995d5d4852ae0ca48159f74dc9e,6,"MOTTA, Bob",Animal Justice Party,False,Other/Independent,1465,44762,True
vic_la_2022,Geelong,geelong,general-election,https://www.vec.vic.gov.au/results/state-election-results/2022-state-election-results/results-by-district/geelong-district-results,db5641285077a89b5c0c236797c5e1889acfc995d5d4852ae0ca48159f74dc9e,7,"SMITH, Aleisha",Australian Greens,False,Greens,6849,44762,True
vic_la_2022,Gippsland East,gippsland-east,general-election,https://www.vec.vic.gov.au/results/state-election-results/2022-state-election-results/results-by-district/gippsland-east-district-results,b92788ef8adc68ab61ff3322a845c0d85b4ffd995173b15fd3637489dee554e7,1,"BULL, Tim",The Nationals,False,Coalition,26737,42212,True
vic_la_2022,Gippsland East,gippsland-east,general-election,https://www.vec.vic.gov.au/results/state-election-results/2022-state-election-results/results-by-district/gippsland-east-district-results,b92788ef8adc68ab61ff3322a845c0d85b4ffd995173b15fd3637489dee554e7,2,"FECHNER, Carl John",Family First Victoria,False,Other/Independent,1068,42212,True
vic_la_2022,Gippsland East,gippsland-east,general-election,https://www.vec.vic.gov.au/results/state-election-results/2022-state-election-results/results-by-district/gippsland-east-district-results,b92788ef8adc68ab61ff3322a845c0d85b4ffd995173b15fd3637489dee554e7,3,"RICHARDSON, Stephen",Australian Labor Party - Victorian Branch,False,ALP,7191,42212,True
vic_la_2022,Gippsland East,gippsland-east,general-election,https://www.vec.vic.gov.au/results/state-election-results/2022-state-election-results/results-by-district/gippsland-east-district-results,b92788ef8adc68ab61ff3322a845c0d85b4ffd995173b15fd3637489dee554e7,4,"MUIR, Ricky","Shooters, Fishers & Farmers Vic",False,Other/Independent,2460,42212,True
vic_la_2022,Gippsland East,gippsland-east,general-election,https://www.vec.vic.gov.au/results/state-election-results/2022-state-election-results/results-by-district/gippsland-east-district-results,b92788ef8adc68ab61ff3322a845c0d85b4ffd995173b15fd3637489dee554e7,5,"LING, Nissa",Australian Greens,False,Greens,2691,42212,True
vic_la_2022,Gippsland East,gippsland-east,general-election,https://www.vec.vic.gov.au/results/state-election-results/2022-state-election-results/results-by-district/gippsland-east-district-results,b92788ef8adc68ab61ff3322a845c0d85b4ffd995173b15fd3637489dee554e7,6,"COURT, Sally",Animal Justice Party,False,Other/Independent,725,42212,True
vic_la_2022,Gippsland East,gippsland-east,general-election,https://www.vec.vic.gov.au/results/state-election-results/2022-state-election-results/results-by-district/gippsland-east-district-results,b92788ef8adc68ab61ff3322a845c0d85b4ffd995173b15fd3637489dee554e7,7,"BARNES, Ed",Freedom Party of Victoria,False,Other/Independent,1340,42212,True
vic_la_2022,Gippsland South,gippsland-south,general-election,https://www.vec.vic.gov.au/results/state-election-results/2022-state-election-results/results-by-district/gippsland-south-district-results,c32cce4dd8e9db606a1909c12ccc23e60fb76ff60222ed761a88eb40ed2c6152,1,"ESLER, Clay",,True,Other/Independent,2414,42363,True
vic_la_2022,Gippsland South,gippsland-south,general-election,https://www.vec.vic.gov.au/results/state-election-results/2022-state-election-results/results-by-district/gippsland-south-district-results,c32cce4dd8e9db606a1909c12ccc23e60fb76ff60222ed761a88eb40ed2c6152,2,"TIZIANI-SIMPSON, Jay",Australian Greens,False,Greens,3538,42363,True
vic_la_2022,Gippsland South,gippsland-south,general-election,https://www.vec.vic.gov.au/results/state-election-results/2022-state-election-results/results-by-district/gippsland-south-district-results,c32cce4dd8e9db606a1909c12ccc23e60fb76ff60222ed761a88eb40ed2c6152,3,"FURLONG, Paul",Family First Victoria,False,Other/Independent,1218,42363,True
vic_la_2022,Gippsland South,gippsland-south,general-election,https://www.vec.vic.gov.au/results/state-election-results/2022-state-election-results/results-by-district/gippsland-south-district-results,c32cce4dd8e9db606a1909c12ccc23e60fb76ff60222ed761a88eb40ed2c6152,4,"RYAN, Denise",Australian Labor Party - Victorian Branch,False,ALP,9920,42363,True
vic_la_2022,Gippsland South,gippsland-south,general-election,https://www.vec.vic.gov.au/results/state-election-results/2022-state-election-results/results-by-district/gippsland-south-district-results,c32cce4dd8e9db606a1909c12ccc23e60fb76ff60222ed761a88eb40ed2c6152,5,"O'BRIEN, Danny",The Nationals,False,Coalition,22566,42363,True
vic_la_2022,Gippsland South,gippsland-south,general-election,https://www.vec.vic.gov.au/results/state-election-results/2022-state-election-results/results-by-district/gippsland-south-district-results,c32cce4dd8e9db606a1909c12ccc23e60fb76ff60222ed761a88eb40ed2c6152,6,"JEGES, Helen",Animal Justice Party,False,Other/Independent,1350,42363,True
vic_la_2022,Gippsland South,gippsland-south,general-election,https://www.vec.vic.gov.au/results/state-election-results/2022-state-election-results/results-by-district/gippsland-south-district-results,c32cce4dd8e9db606a1909c12ccc23e60fb76ff60222ed761a88eb40ed2c6152,7,"NEWNHAM, Angela",Freedom Party of Victoria,False,Other/Independent,1357,42363,True
vic_la_2022,Glen Waverley,glen-waverley,general-election,https://www.vec.vic.gov.au/results/state-election-results/2022-state-election-results/results-by-district/glen-waverley-district-results,3679e651c76d0c1986246399c7dc97279b1afce122635f5600c18b242d7713bc,1,"MARSH, Scott",Labour DLP,False,Other/Independent,1856,44667,True
vic_la_2022,Glen Waverley,glen-waverley,general-election,https://www.vec.vic.gov.au/results/state-election-results/2022-state-election-results/results-by-district/glen-waverley-district-results,3679e651c76d0c1986246399c7dc97279b1afce122635f5600c18b242d7713bc,2,"HARRIS, Joyce Maree",Freedom Party of Victoria,False,Other/Independent,664,44667,True
vic_la_2022,Glen Waverley,glen-waverley,general-election,https://www.vec.vic.gov.au/results/state-election-results/2022-state-election-results/results-by-district/glen-waverley-district-results,3679e651c76d0c1986246399c7dc97279b1afce122635f5600c18b242d7713bc,3,"PARTRIDGE, Steph",Australian Greens,False,Greens,4279,44667,True
vic_la_2022,Glen Waverley,glen-waverley,general-election,https://www.vec.vic.gov.au/results/state-election-results/2022-state-election-results/results-by-district/glen-waverley-district-results,3679e651c76d0c1986246399c7dc97279b1afce122635f5600c18b242d7713bc,4,"HANCE, Maddy",Animal Justice Party,False,Other/Independent,802,44667,True
vic_la_2022,Glen Waverley,glen-waverley,general-election,https://www.vec.vic.gov.au/results/state-election-results/2022-state-election-results/results-by-district/glen-waverley-district-results,3679e651c76d0c1986246399c7dc97279b1afce122635f5600c18b242d7713bc,5,"MULLAHY, John",Australian Labor Party - Victorian Branch,False,ALP,18153,44667,True
vic_la_2022,Glen Waverley,glen-waverley,general-election,https://www.vec.vic.gov.au/results/state-election-results/2022-state-election-results/results-by-district/glen-waverley-district-results,3679e651c76d0c1986246399c7dc97279b1afce122635f5600c18b242d7713bc,6,"HUISMAN, Kristeen",Family First Victoria,False,Other/Independent,972,44667,True
vic_la_2022,Glen Waverley,glen-waverley,general-election,https://www.vec.vic.gov.au/results/state-election-results/2022-state-election-results/results-by-district/glen-waverley-district-results,3679e651c76d0c1986246399c7dc97279b1afce122635f5600c18b242d7713bc,7,"ANGUS, Neil",Liberal,False,Coalition,17941,44667,True
vic_la_2022,Greenvale,greenvale,general-election,https://www.vec.vic.gov.au/results/state-election-results/2022-state-election-results/results-by-district/greenvale-district-results,714828cb9674f9ade45f3ef1959644f38a1bf215b1e9541eb5d46a5a6d5a41ca,1,"YOLBULAN, Mutullah Can",Victorian Socialists,False,Other/Independent,2582,37686,True
vic_la_2022,Greenvale,greenvale,general-election,https://www.vec.vic.gov.au/results/state-election-results/2022-state-election-results/results-by-district/greenvale-district-results,714828cb9674f9ade45f3ef1959644f38a1bf215b1e9541eb5d46a5a6d5a41ca,2,"ERCIYAS, Fatma",,True,Other/Independent,2416,37686,True
vic_la_2022,Greenvale,greenvale,general-election,https://www.vec.vic.gov.au/results/state-election-results/2022-state-election-results/results-by-district/greenvale-district-results,714828cb9674f9ade45f3ef1959644f38a1bf215b1e9541eb5d46a5a6d5a41ca,3,"GHANI, Usman",Liberal,False,Coalition,9568,37686,True
vic_la_2022,Greenvale,greenvale,general-election,https://www.vec.vic.gov.au/results/state-election-results/2022-state-election-results/results-by-district/greenvale-district-results,714828cb9674f9ade45f3ef1959644f38a1bf215b1e9541eb5d46a5a6d5a41ca,4,"BENGTSSON, Maria",Family First Victoria,False,Other/Independent,2778,37686,True
vic_la_2022,Greenvale,greenvale,general-election,https://www.vec.vic.gov.au/results/state-election-results/2022-state-election-results/results-by-district/greenvale-district-results,714828cb9674f9ade45f3ef1959644f38a1bf215b1e9541eb5d46a5a6d5a41ca,5,"SANTA-ISABEL, Cristina",Australian Greens,False,Greens,2194,37686,True
vic_la_2022,Greenvale,greenvale,general-election,https://www.vec.vic.gov.au/results/state-election-results/2022-state-election-results/results-by-district/greenvale-district-results,714828cb9674f9ade45f3ef1959644f38a1bf215b1e9541eb5d46a5a6d5a41ca,6,"STYLES, Lauren",Freedom Party of Victoria,False,Other/Independent,1225,37686,True
vic_la_2022,Greenvale,greenvale,general-election,https://www.vec.vic.gov.au/results/state-election-results/2022-state-election-results/results-by-district/greenvale-district-results,714828cb9674f9ade45f3ef1959644f38a1bf215b1e9541eb5d46a5a6d5a41ca,7,"WALTERS, Iwan",Australian Labor Party - Victorian Branch,False,ALP,15628,37686,True
vic_la_2022,Greenvale,greenvale,general-election,https://www.vec.vic.gov.au/results/state-election-results/2022-state-election-results/results-by-district/greenvale-district-results,714828cb9674f9ade45f3ef1959644f38a1bf215b1e9541eb5d46a5a6d5a41ca,8,"FURINA, Rosanna",Animal Justice Party,False,Other/Independent,1295,37686,True
vic_la_2022,Hastings,hastings,general-election,https://www.vec.vic.gov.au/results/state-election-results/2022-state-election-results/results-by-district/hastings-district-results,3c59b3d6791a173d6bbcf85c1937ded3b4bb864dfd0cb03840ec5543eb387fb7,1,"JACK, Tyson",Animal Justice Party,False,Other/Independent,1736,41232,True
vic_la_2022,Hastings,hastings,general-election,https://www.vec.vic.gov.au/results/state-election-results/2022-state-election-results/results-by-district/hastings-district-results,3c59b3d6791a173d6bbcf85c1937ded3b4bb864dfd0cb03840ec5543eb387fb7,2,"SAUNDERS, Paul",Australian Greens,False,Greens,4118,41232,True
vic_la_2022,Hastings,hastings,general-election,https://www.vec.vic.gov.au/results/state-election-results/2022-state-election-results/results-by-district/hastings-district-results,3c59b3d6791a173d6bbcf85c1937ded3b4bb864dfd0cb03840ec5543eb387fb7,3,"MERCURIO, Paul",Australian Labor Party - Victorian Branch,False,ALP,15361,41232,True
vic_la_2022,Hastings,hastings,general-election,https://www.vec.vic.gov.au/results/state-election-results/2022-state-election-results/results-by-district/hastings-district-results,3c59b3d6791a173d6bbcf85c1937ded3b4bb864dfd0cb03840ec5543eb387fb7,4,"de WIT, Camille",Labour DLP,False,Other/Independent,833,41232,True
vic_la_2022,Hastings,hastings,general-election,https://www.vec.vic.gov.au/results/state-election-results/2022-state-election-results/results-by-district/hastings-district-results,3c59b3d6791a173d6bbcf85c1937ded3b4bb864dfd0cb03840ec5543eb387fb7,5,"SABO, Tom",Family First Victoria,False,Other/Independent,1001,41232,True
vic_la_2022,Hastings,hastings,general-election,https://www.vec.vic.gov.au/results/state-election-results/2022-state-election-results/results-by-district/hastings-district-results,3c59b3d6791a173d6bbcf85c1937ded3b4bb864dfd0cb03840ec5543eb387fb7,6,"BENSON, Janet Felicity",Freedom Party of Victoria,False,Other/Independent,1235,41232,True
vic_la_2022,Hastings,hastings,general-election,https://www.vec.vic.gov.au/results/state-election-results/2022-state-election-results/results-by-district/hastings-district-results,3c59b3d6791a173d6bbcf85c1937ded3b4bb864dfd0cb03840ec5543eb387fb7,7,"HUTTON, Briony",Liberal,False,Coalition,16415,41232,True
vic_la_2022,Hastings,hastings,general-election,https://www.vec.vic.gov.au/results/state-election-results/2022-state-election-results/results-by-district/hastings-district-results,3c59b3d6791a173d6bbcf85c1937ded3b4bb864dfd0cb03840ec5543eb387fb7,8,"WHITEHILL, Robert",,True,Other/Independent,533,41232,True
vic_la_2022,Hawthorn,hawthorn,general-election,https://www.vec.vic.gov.au/results/state-election-results/2022-state-election-results/results-by-district/hawthorn-district-results,1a377a923cc13230e748ac7b4beb6b57a617d678a261d3507f9d53ae245cc9b4,1,"FUHRER, Faith",Animal Justice Party,False,Other/Independent,660,44310,True
vic_la_2022,Hawthorn,hawthorn,general-election,https://www.vec.vic.gov.au/results/state-election-results/2022-state-election-results/results-by-district/hawthorn-district-results,1a377a923cc13230e748ac7b4beb6b57a617d678a261d3507f9d53ae245cc9b4,2,"KENNEDY, John",Australian Labor Party - Victorian Branch,False,ALP,9799,44310,True
vic_la_2022,Hawthorn,hawthorn,general-election,https://www.vec.vic.gov.au/results/state-election-results/2022-state-election-results/results-by-district/hawthorn-district-results,1a377a923cc13230e748ac7b4beb6b57a617d678a261d3507f9d53ae245cc9b4,3,"TRIANTAFILLIS, Ken",Family First Victoria,False,Other/Independent,408,44310,True
vic_la_2022,Hawthorn,hawthorn,general-election,https://www.vec.vic.gov.au/results/state-election-results/2022-state-election-results/results-by-district/hawthorn-district-results,1a377a923cc13230e748ac7b4beb6b57a617d678a261d3507f9d53ae245cc9b4,4,"PEPPARD, Richard",Liberal Democrats,False,Other/Independent,583,44310,True
vic_la_2022,Hawthorn,hawthorn,general-election,https://www.vec.vic.gov.au/results/state-election-results/2022-state-election-results/results-by-district/hawthorn-district-results,1a377a923cc13230e748ac7b4beb6b57a617d678a261d3507f9d53ae245cc9b4,5,"LOWE, Melissa",,True,Other/Independent,8851,44310,True
vic_la_2022,Hawthorn,hawthorn,general-election,https://www.vec.vic.gov.au/results/state-election-results/2022-state-election-results/results-by-district/hawthorn-district-results,1a377a923cc13230e748ac7b4beb6b57a617d678a261d3507f9d53ae245cc9b4,6,"SAVAGE, Nick",Australian Greens,False,Greens,4927,44310,True
vic_la_2022,Hawthorn,hawthorn,general-election,https://www.vec.vic.gov.au/results/state-election-results/2022-state-election-results/results-by-district/hawthorn-district-results,1a377a923cc13230e748ac7b4beb6b57a617d678a261d3507f9d53ae245cc9b4,7,"PESUTTO, John",Liberal,False,Coalition,18728,44310,True
vic_la_2022,Hawthorn,hawthorn,general-election,https://www.vec.vic.gov.au/results/state-election-results/2022-state-election-results/results-by-district/hawthorn-district-results,1a377a923cc13230e748ac7b4beb6b57a617d678a261d3507f9d53ae245cc9b4,8,"BELL, Stratton",Labour DLP,False,Other/Independent,354,44310,True
vic_la_2022,Ivanhoe,ivanhoe,general-election,https://www.vec.vic.gov.au/results/state-election-results/2022-state-election-results/results-by-district/ivanhoe-district-results,45a5f11a724e057955a60778ced26986fd20bfb225b9b0bf7d4424a690812dc5,1,"CARBINES, Anthony",Australian Labor Party - Victorian Branch,False,ALP,17333,40599,True
vic_la_2022,Ivanhoe,ivanhoe,general-election,https://www.vec.vic.gov.au/results/state-election-results/2022-state-election-results/results-by-district/ivanhoe-district-results,45a5f11a724e057955a60778ced26986fd20bfb225b9b0bf7d4424a690812dc5,2,"HAYWARD, Sarah",Family First Victoria,False,Other/Independent,1216,40599,True
vic_la_2022,Ivanhoe,ivanhoe,general-election,https://www.vec.vic.gov.au/results/state-election-results/2022-state-election-results/results-by-district/ivanhoe-district-results,45a5f11a724e057955a60778ced26986fd20bfb225b9b0bf7d4424a690812dc5,3,"KHOURY, Bernadette",Liberal,False,Coalition,12566,40599,True
vic_la_2022,Ivanhoe,ivanhoe,general-election,https://www.vec.vic.gov.au/results/state-election-results/2022-state-election-results/results-by-district/ivanhoe-district-results,45a5f11a724e057955a60778ced26986fd20bfb225b9b0bf7d4424a690812dc5,4,"RISTEVSKI, Sonja",Animal Justice Party,False,Other/Independent,937,40599,True
vic_la_2022,Ivanhoe,ivanhoe,general-election,https://www.vec.vic.gov.au/results/state-election-results/2022-state-election-results/results-by-district/ivanhoe-district-results,45a5f11a724e057955a60778ced26986fd20bfb225b9b0bf7d4424a690812dc5,5,"LANGDON, Craig",,True,Other/Independent,739,40599,True
vic_la_2022,Ivanhoe,ivanhoe,general-election,https://www.vec.vic.gov.au/results/state-election-results/2022-state-election-results/results-by-district/ivanhoe-district-results,45a5f11a724e057955a60778ced26986fd20bfb225b9b0bf7d4424a690812dc5,6,"BIEBER, Emily",Australian Greens,False,Greens,7808,40599,True
vic_la_2022,Kalkallo,kalkallo,general-election,https://www.vec.vic.gov.au/results/state-election-results/2022-state-election-results/results-by-district/kalkallo-district-results,fb9cee852b6f78777bf7677e327fb3197b7c25de3c870ea603d0bdba4fc99c80,1,"SPENCE, Ros",Australian Labor Party - Victorian Branch,False,ALP,21531,39980,True
vic_la_2022,Kalkallo,kalkallo,general-election,https://www.vec.vic.gov.au/results/state-election-results/2022-state-election-results/results-by-district/kalkallo-district-results,fb9cee852b6f78777bf7677e327fb3197b7c25de3c870ea603d0bdba4fc99c80,2,"SINGH, Bikram",Liberal,False,Coalition,9154,39980,True
vic_la_2022,Kalkallo,kalkallo,general-election,https://www.vec.vic.gov.au/results/state-election-results/2022-state-election-results/results-by-district/kalkallo-district-results,fb9cee852b6f78777bf7677e327fb3197b7c25de3c870ea603d0bdba4fc99c80,3,"LOWE, Frances",Animal Justice Party,False,Other/Independent,1466,39980,True
vic_la_2022,Kalkallo,kalkallo,general-election,https://www.vec.vic.gov.au/results/state-election-results/2022-state-election-results/results-by-district/kalkallo-district-results,fb9cee852b6f78777bf7677e327fb3197b7c25de3c870ea603d0bdba4fc99c80,4,"PAREL, Jimmy George",,True,Other/Independent,610,39980,True
vic_la_2022,Kalkallo,kalkallo,general-election,https://www.vec.vic.gov.au/results/state-election-results/2022-state-election-results/results-by-district/kalkallo-district-results,fb9cee852b6f78777bf7677e327fb3197b7c25de3c870ea603d0bdba4fc99c80,5,"UL MURTAZA, Muhammad Nisar",Australian Greens,False,Greens,2116,39980,True
vic_la_2022,Kalkallo,kalkallo,general-election,https://www.vec.vic.gov.au/results/state-election-results/2022-state-election-results/results-by-district/kalkallo-district-results,fb9cee852b6f78777bf7677e327fb3197b7c25de3c870ea603d0bdba4fc99c80,6,"FRENCH, Callum John",,True,Other/Independent,299,39980,True
vic_la_2022,Kalkallo,kalkallo,general-election,https://www.vec.vic.gov.au/results/state-election-results/2022-state-election-results/results-by-district/kalkallo-district-results,fb9cee852b6f78777bf7677e327fb3197b7c25de3c870ea603d0bdba4fc99c80,7,"SANDHU, Smiley",New Democrats,False,Other/Independent,409,39980,True
vic_la_2022,Kalkallo,kalkallo,general-election,https://www.vec.vic.gov.au/results/state-election-results/2022-state-election-results/results-by-district/kalkallo-district-results,fb9cee852b6f78777bf7677e327fb3197b7c25de3c870ea603d0bdba4fc99c80,8,"SAYER, Das",Family First Victoria,False,Other/Independent,2457,39980,True
vic_la_2022,Kalkallo,kalkallo,general-election,https://www.vec.vic.gov.au/results/state-election-results/2022-state-election-results/results-by-district/kalkallo-district-results,fb9cee852b6f78777bf7677e327fb3197b7c25de3c870ea603d0bdba4fc99c80,9,"MONSALVE TOBON, Sergio",Victorian Socialists,False,Other/Independent,1938,39980,True
vic_la_2022,Kew,kew,general-election,https://www.vec.vic.gov.au/results/state-election-results/2022-state-election-results/results-by-district/kew-district-results,6dc3172c71ad940848adf152a2e74f7b083d365a7992ae4b7fb264637ce2875f,1,"TORNEY, Sophie",,True,Other/Independent,9200,43592,True
vic_la_2022,Kew,kew,general-election,https://www.vec.vic.gov.au/results/state-election-results/2022-state-election-results/results-by-district/kew-district-results,6dc3172c71ad940848adf152a2e74f7b083d365a7992ae4b7fb264637ce2875f,2,"SULLIVAN, Kym",,True,Other/Independent,147,43592,True
vic_la_2022,Kew,kew,general-election,https://www.vec.vic.gov.au/results/state-election-results/2022-state-election-results/results-by-district/kew-district-results,6dc3172c71ad940848adf152a2e74f7b083d365a7992ae4b7fb264637ce2875f,3,"DAVIS, Finlay",,True,Other/Independent,158,43592,True
vic_la_2022,Kew,kew,general-election,https://www.vec.vic.gov.au/results/state-election-results/2022-state-election-results/results-by-district/kew-district-results,6dc3172c71ad940848adf152a2e74f7b083d365a7992ae4b7fb264637ce2875f,4,"SKELTON, Lucy",Australian Labor Party - Victorian Branch,False,ALP,9896,43592,True
vic_la_2022,Kew,kew,general-election,https://www.vec.vic.gov.au/results/state-election-results/2022-state-election-results/results-by-district/kew-district-results,6dc3172c71ad940848adf152a2e74f7b083d365a7992ae4b7fb264637ce2875f,5,"SEELEY, Ann",Family First Victoria,False,Other/Independent,751,43592,True
vic_la_2022,Kew,kew,general-election,https://www.vec.vic.gov.au/results/state-election-results/2022-state-election-results/results-by-district/kew-district-results,6dc3172c71ad940848adf152a2e74f7b083d365a7992ae4b7fb264637ce2875f,6,"WILSON, Jess",Liberal,False,Coalition,19321,43592,True
vic_la_2022,Kew,kew,general-election,https://www.vec.vic.gov.au/results/state-election-results/2022-state-election-results/results-by-district/kew-district-results,6dc3172c71ad940848adf152a2e74f7b083d365a7992ae4b7fb264637ce2875f,7,"CARTER, Jackie",Australian Greens,False,Greens,3612,43592,True
vic_la_2022,Kew,kew,general-election,https://www.vec.vic.gov.au/results/state-election-results/2022-state-election-results/results-by-district/kew-district-results,6dc3172c71ad940848adf152a2e74f7b083d365a7992ae4b7fb264637ce2875f,8,"SCHOFIELD, Ruby",Animal Justice Party,False,Other/Independent,507,43592,True
vic_la_2022,Kororoit,kororoit,general-election,https://www.vec.vic.gov.au/results/state-election-results/2022-state-election-results/results-by-district/kororoit-district-results,6da0992b63f32c93797a39c1ff503827c971a50537514aed16d523de4c73d6d8,1,"GIBSON, Belle",Victorian Socialists,False,Other/Independent,2768,40373,True
vic_la_2022,Kororoit,kororoit,general-election,https://www.vec.vic.gov.au/results/state-election-results/2022-state-election-results/results-by-district/kororoit-district-results,6da0992b63f32c93797a39c1ff503827c971a50537514aed16d523de4c73d6d8,2,"CHANDOK, Jaz",New Democrats,False,Other/Independent,623,40373,True
vic_la_2022,Kororoit,kororoit,general-election,https://www.vec.vic.gov.au/results/state-election-results/2022-state-election-results/results-by-district/kororoit-district-results,6da0992b63f32c93797a39c1ff503827c971a50537514aed16d523de4c73d6d8,3,"BROWN, Zuzanna",Labour DLP,False,Other/Independent,2517,40373,True
vic_la_2022,Kororoit,kororoit,general-election,https://www.vec.vic.gov.au/results/state-election-results/2022-state-election-results/results-by-district/kororoit-district-results,6da0992b63f32c93797a39c1ff503827c971a50537514aed16d523de4c73d6d8,4,"DIVITA, Katherine",Animal Justice Party,False,Other/Independent,1242,40373,True
vic_la_2022,Kororoit,kororoit,general-election,https://www.vec.vic.gov.au/results/state-election-results/2022-state-election-results/results-by-district/kororoit-district-results,6da0992b63f32c93797a39c1ff503827c971a50537514aed16d523de4c73d6d8,5,"BAUCH, Joh",,True,Other/Independent,978,40373,True
vic_la_2022,Kororoit,kororoit,general-election,https://www.vec.vic.gov.au/results/state-election-results/2022-state-election-results/results-by-district/kororoit-district-results,6da0992b63f32c93797a39c1ff503827c971a50537514aed16d523de4c73d6d8,6,"MILUTINOVIC, Melanie",Family First Victoria,False,Other/Independent,2326,40373,True
vic_la_2022,Kororoit,kororoit,general-election,https://www.vec.vic.gov.au/results/state-election-results/2022-state-election-results/results-by-district/kororoit-district-results,6da0992b63f32c93797a39c1ff503827c971a50537514aed16d523de4c73d6d8,7,"GRIGOROVITCH, Luba",Australian Labor Party - Victorian Branch,False,ALP,17468,40373,True
vic_la_2022,Kororoit,kororoit,general-election,https://www.vec.vic.gov.au/results/state-election-results/2022-state-election-results/results-by-district/kororoit-district-results,6da0992b63f32c93797a39c1ff503827c971a50537514aed16d523de4c73d6d8,8,"CHESTER, Ben",Australian Greens,False,Greens,2650,40373,True
vic_la_2022,Kororoit,kororoit,general-election,https://www.vec.vic.gov.au/results/state-election-results/2022-state-election-results/results-by-district/kororoit-district-results,6da0992b63f32c93797a39c1ff503827c971a50537514aed16d523de4c73d6d8,9,"FLETCHER, John",Liberal,False,Coalition,9801,40373,True
vic_la_2022,Lara,lara,general-election,https://www.vec.vic.gov.au/results/state-election-results/2022-state-election-results/results-by-district/lara-district-results,06331d350c2307fe519d5c365f91a0382aaf03bd8411d19d1f5ddab3c8c9a3dd,1,"GARDNER, Courtney",Australian Greens,False,Greens,4473,39521,True
vic_la_2022,Lara,lara,general-election,https://www.vec.vic.gov.au/results/state-election-results/2022-state-election-results/results-by-district/lara-district-results,06331d350c2307fe519d5c365f91a0382aaf03bd8411d19d1f5ddab3c8c9a3dd,2,"HATHWAY, Sarah",,True,Other/Independent,1050,39521,True
vic_la_2022,Lara,lara,general-election,https://www.vec.vic.gov.au/results/state-election-results/2022-state-election-results/results-by-district/lara-district-results,06331d350c2307fe519d5c365f91a0382aaf03bd8411d19d1f5ddab3c8c9a3dd,3,"KREIN, Ralph",Liberal,False,Coalition,8460,39521,True
vic_la_2022,Lara,lara,general-election,https://www.vec.vic.gov.au/results/state-election-results/2022-state-election-results/results-by-district/lara-district-results,06331d350c2307fe519d5c365f91a0382aaf03bd8411d19d1f5ddab3c8c9a3dd,4,"RANKINE, Steve",Family First Victoria,False,Other/Independent,1775,39521,True
vic_la_2022,Lara,lara,general-election,https://www.vec.vic.gov.au/results/state-election-results/2022-state-election-results/results-by-district/lara-district-results,06331d350c2307fe519d5c365f91a0382aaf03bd8411d19d1f5ddab3c8c9a3dd,5,"GEORGE, Ella",Australian Labor Party - Victorian Branch,False,ALP,19635,39521,True
vic_la_2022,Lara,lara,general-election,https://www.vec.vic.gov.au/results/state-election-results/2022-state-election-results/results-by-district/lara-district-results,06331d350c2307fe519d5c365f91a0382aaf03bd8411d19d1f5ddab3c8c9a3dd,6,"KELLY, Peter",Animal Justice Party,False,Other/Independent,1502,39521,True
vic_la_2022,Lara,lara,general-election,https://www.vec.vic.gov.au/results/state-election-results/2022-state-election-results/results-by-district/lara-district-results,06331d350c2307fe519d5c365f91a0382aaf03bd8411d19d1f5ddab3c8c9a3dd,7,"TAYLOR, Ash",Angry Victorians Party,False,Other/Independent,938,39521,True
vic_la_2022,Lara,lara,general-election,https://www.vec.vic.gov.au/results/state-election-results/2022-state-election-results/results-by-district/lara-district-results,06331d350c2307fe519d5c365f91a0382aaf03bd8411d19d1f5ddab3c8c9a3dd,8,"PAYNE, Max",Liberal Democrats,False,Other/Independent,1688,39521,True
vic_la_2022,Laverton,laverton,general-election,https://www.vec.vic.gov.au/results/state-election-results/2022-state-election-results/results-by-district/laverton-district-results,de60f527e5ec7d7a7d4a81a6239f5e84ce7a477396c5167d53c2af4c11e149ed,1,"SONI, Gurneet",New Democrats,False,Other/Independent,1082,37137,True
vic_la_2022,Laverton,laverton,general-election,https://www.vec.vic.gov.au/results/state-election-results/2022-state-election-results/results-by-district/laverton-district-results,de60f527e5ec7d7a7d4a81a6239f5e84ce7a477396c5167d53c2af4c11e149ed,2,"DURZADA, Braishna",Australian Greens,False,Greens,3496,37137,True
vic_la_2022,Laverton,laverton,general-election,https://www.vec.vic.gov.au/results/state-election-results/2022-state-election-results/results-by-district/laverton-district-results,de60f527e5ec7d7a7d4a81a6239f5e84ce7a477396c5167d53c2af4c11e149ed,3,"FRY, David",Family First Victoria,False,Other/Independent,1353,37137,True
vic_la_2022,Laverton,laverton,general-election,https://www.vec.vic.gov.au/results/state-election-results/2022-state-election-results/results-by-district/laverton-district-results,de60f527e5ec7d7a7d4a81a6239f5e84ce7a477396c5167d53c2af4c11e149ed,4,"PAREDES, Rufo",,True,Other/Independent,355,37137,True
vic_la_2022,Laverton,laverton,general-election,https://www.vec.vic.gov.au/results/state-election-results/2022-state-election-results/results-by-district/laverton-district-results,de60f527e5ec7d7a7d4a81a6239f5e84ce7a477396c5167d53c2af4c11e149ed,5,"WIRTH, Michael",Labour DLP,False,Other/Independent,2051,37137,True
vic_la_2022,Laverton,laverton,general-election,https://www.vec.vic.gov.au/results/state-election-results/2022-state-election-results/results-by-district/laverton-district-results,de60f527e5ec7d7a7d4a81a6239f5e84ce7a477396c5167d53c2af4c11e149ed,6,"ROBERTSON, Catherine",Victorian Socialists,False,Other/Independent,2206,37137,True
vic_la_2022,Laverton,laverton,general-election,https://www.vec.vic.gov.au/results/state-election-results/2022-state-election-results/results-by-district/laverton-district-results,de60f527e5ec7d7a7d4a81a6239f5e84ce7a477396c5167d53c2af4c11e149ed,7,"RAYMOND, Trent",Freedom Party of Victoria,False,Other/Independent,641,37137,True
vic_la_2022,Laverton,laverton,general-election,https://www.vec.vic.gov.au/results/state-election-results/2022-state-election-results/results-by-district/laverton-district-results,de60f527e5ec7d7a7d4a81a6239f5e84ce7a477396c5167d53c2af4c11e149ed,8,"BAGHERI, Pouya",Animal Justice Party,False,Other/Independent,694,37137,True
vic_la_2022,Laverton,laverton,general-election,https://www.vec.vic.gov.au/results/state-election-results/2022-state-election-results/results-by-district/laverton-district-results,de60f527e5ec7d7a7d4a81a6239f5e84ce7a477396c5167d53c2af4c11e149ed,9,"CONNOLLY, Sarah",Australian Labor Party - Victorian Branch,False,ALP,17026,37137,True
vic_la_2022,Laverton,laverton,general-election,https://www.vec.vic.gov.au/results/state-election-results/2022-state-election-results/results-by-district/laverton-district-results,de60f527e5ec7d7a7d4a81a6239f5e84ce7a477396c5167d53c2af4c11e149ed,10,"REDDY, Raja",Liberal,False,Coalition,8233,37137,True
vic_la_2022,Lowan,lowan,general-election,https://www.vec.vic.gov.au/results/state-election-results/2022-state-election-results/results-by-district/lowan-district-results,46c4f617286fef6c9a6473ad81650f94581246ae6748a28741a71c261885b37e,1,"ETHERTON, Richard",Angry Victorians Party,False,Other/Independent,1710,43297,True
vic_la_2022,Lowan,lowan,general-election,https://www.vec.vic.gov.au/results/state-election-results/2022-state-election-results/results-by-district/lowan-district-results,46c4f617286fef6c9a6473ad81650f94581246ae6748a28741a71c261885b37e,2,"KEALY, Emma",The Nationals,False,Coalition,25482,43297,True
vic_la_2022,Lowan,lowan,general-election,https://www.vec.vic.gov.au/results/state-election-results/2022-state-election-results/results-by-district/lowan-district-results,46c4f617286fef6c9a6473ad81650f94581246ae6748a28741a71c261885b37e,3,"RAMSAY, Tamasin",Animal Justice Party,False,Other/Independent,1019,43297,True
vic_la_2022,Lowan,lowan,general-election,https://www.vec.vic.gov.au/results/state-election-results/2022-state-election-results/results-by-district/lowan-district-results,46c4f617286fef6c9a6473ad81650f94581246ae6748a28741a71c261885b37e,4,"COLEMAN, Robert",Family First Victoria,False,Other/Independent,1573,43297,True
vic_la_2022,Lowan,lowan,general-election,https://www.vec.vic.gov.au/results/state-election-results/2022-state-election-results/results-by-district/lowan-district-results,46c4f617286fef6c9a6473ad81650f94581246ae6748a28741a71c261885b37e,5,"MEAD, Amanda",,True,Other/Independent,2384,43297,True
vic_la_2022,Lowan,lowan,general-election,https://www.vec.vic.gov.au/results/state-election-results/2022-state-election-results/results-by-district/lowan-district-results,46c4f617286fef6c9a6473ad81650f94581246ae6748a28741a71c261885b37e,6,"MONAGHAN, Mick",Australian Labor Party - Victorian Branch,False,ALP,8554,43297,True
vic_la_2022,Lowan,lowan,general-election,https://www.vec.vic.gov.au/results/state-election-results/2022-state-election-results/results-by-district/lowan-district-results,46c4f617286fef6c9a6473ad81650f94581246ae6748a28741a71c261885b37e,7,"LANE, Richard",Australian Greens,False,Greens,2575,43297,True
vic_la_2022,Macedon,macedon,general-election,https://www.vec.vic.gov.au/results/state-election-results/2022-state-election-results/results-by-district/macedon-district-results,689caa8ea27a7c3ca15dbdfbdda573e1b9c0f9699931b8bc50cea38ae8895068,1,"BONANNO, Dominic",Liberal,False,Coalition,12463,41589,True
vic_la_2022,Macedon,macedon,general-election,https://www.vec.vic.gov.au/results/state-election-results/2022-state-election-results/results-by-district/macedon-district-results,689caa8ea27a7c3ca15dbdfbdda573e1b9c0f9699931b8bc50cea38ae8895068,2,"McRAE McLEOD, Marley",Australian Greens,False,Greens,5214,41589,True
vic_la_2022,Macedon,macedon,general-election,https://www.vec.vic.gov.au/results/state-election-results/2022-state-election-results/results-by-district/macedon-district-results,689caa8ea27a7c3ca15dbdfbdda573e1b9c0f9699931b8bc50cea38ae8895068,3,"THOMAS, Mary-Anne",Australian Labor Party - Victorian Branch,False,ALP,17234,41589,True
vic_la_2022,Macedon,macedon,general-election,https://www.vec.vic.gov.au/results/state-election-results/2022-state-election-results/results-by-district/macedon-district-results,689caa8ea27a7c3ca15dbdfbdda573e1b9c0f9699931b8bc50cea38ae8895068,4,"BARTON, Huntly",,True,Other/Independent,2250,41589,True
vic_la_2022,Macedon,macedon,general-election,https://www.vec.vic.gov.au/results/state-election-results/2022-state-election-results/results-by-district/macedon-district-results,689caa8ea27a7c3ca15dbdfbdda573e1b9c0f9699931b8bc50cea38ae8895068,5,"SEDGMAN, Kerryn P.",Freedom Party of Victoria,False,Other/Independent,770,41589,True
vic_la_2022,Macedon,macedon,general-election,https://www.vec.vic.gov.au/results/state-election-results/2022-state-election-results/results-by-district/macedon-district-results,689caa8ea27a7c3ca15dbdfbdda573e1b9c0f9699931b8bc50cea38ae8895068,6,"McCORMACK, Chris",Family First Victoria,False,Other/Independent,791,41589,True
vic_la_2022,Macedon,macedon,general-election,https://www.vec.vic.gov.au/results/state-election-results/2022-state-election-results/results-by-district/macedon-district-results,689caa8ea27a7c3ca15dbdfbdda573e1b9c0f9699931b8bc50cea38ae8895068,7,"EVEZARD, Amanda",Pauline Hanson's One Nation,False,One Nation,1511,41589,True
vic_la_2022,Macedon,macedon,general-election,https://www.vec.vic.gov.au/results/state-election-results/2022-state-election-results/results-by-district/macedon-district-results,689caa8ea27a7c3ca15dbdfbdda573e1b9c0f9699931b8bc50cea38ae8895068,8,"BERGMANN, Iris",Animal Justice Party,False,Other/Independent,1356,41589,True
vic_la_2022,Malvern,malvern,general-election,https://www.vec.vic.gov.au/results/state-election-results/2022-state-election-results/results-by-district/malvern-district-results,95c502b98f3cb37767420925a4352198f2b867a03e09608b3771a12d9ef72156,1,"NATOLI, Amelia",Animal Justice Party,False,Other/Independent,1005,40801,True
vic_la_2022,Malvern,malvern,general-election,https://www.vec.vic.gov.au/results/state-election-results/2022-state-election-results/results-by-district/malvern-district-results,95c502b98f3cb37767420925a4352198f2b867a03e09608b3771a12d9ef72156,2,"NATALE, Darren",Australian Labor Party - Victorian Branch,False,ALP,10686,40801,True
vic_la_2022,Malvern,malvern,general-election,https://www.vec.vic.gov.au/results/state-election-results/2022-state-election-results/results-by-district/malvern-district-results,95c502b98f3cb37767420925a4352198f2b867a03e09608b3771a12d9ef72156,3,"O'BRIEN, Michael",Liberal,False,Coalition,21438,40801,True
vic_la_2022,Malvern,malvern,general-election,https://www.vec.vic.gov.au/results/state-election-results/2022-state-election-results/results-by-district/malvern-district-results,95c502b98f3cb37767420925a4352198f2b867a03e09608b3771a12d9ef72156,4,"STEFANOPOULOS, Steve",,True,Other/Independent,643,40801,True
vic_la_2022,Malvern,malvern,general-election,https://www.vec.vic.gov.au/results/state-election-results/2022-state-election-results/results-by-district/malvern-district-results,95c502b98f3cb37767420925a4352198f2b867a03e09608b3771a12d9ef72156,5,"SCHMIDT, Judy",Family First Victoria,False,Other/Independent,639,40801,True
vic_la_2022,Malvern,malvern,general-election,https://www.vec.vic.gov.au/results/state-election-results/2022-state-election-results/results-by-district/malvern-district-results,95c502b98f3cb37767420925a4352198f2b867a03e09608b3771a12d9ef72156,6,"FULLER, Mitchell",Australian Greens,False,Greens,6390,40801,True
vic_la_2022,Melbourne,melbourne,general-election,https://www.vec.vic.gov.au/results/state-election-results/2022-state-election-results/results-by-district/melbourne-district-results,d97cfdca918b32db1ae9b2f01781e8a9197aa6482285dd2b2360820e3b83fb67,1,"PALACKALODY, George",Liberal,False,Coalition,7522,42519,True
vic_la_2022,Melbourne,melbourne,general-election,https://www.vec.vic.gov.au/results/state-election-results/2022-state-election-results/results-by-district/melbourne-district-results,d97cfdca918b32db1ae9b2f01781e8a9197aa6482285dd2b2360820e3b83fb67,2,"SANDELL, Ellen",Australian Greens,False,Greens,15855,42519,True
vic_la_2022,Melbourne,melbourne,general-election,https://www.vec.vic.gov.au/results/state-election-results/2022-state-election-results/results-by-district/melbourne-district-results,d97cfdca918b32db1ae9b2f01781e8a9197aa6482285dd2b2360820e3b83fb67,3,"JANSON, Michael",Family First Victoria,False,Other/Independent,535,42519,True
vic_la_2022,Melbourne,melbourne,general-election,https://www.vec.vic.gov.au/results/state-election-results/2022-state-election-results/results-by-district/melbourne-district-results,d97cfdca918b32db1ae9b2f01781e8a9197aa6482285dd2b2360820e3b83fb67,4,"AL-SAIMARY, Laylah",,True,Other/Independent,428,42519,True
vic_la_2022,Melbourne,melbourne,general-election,https://www.vec.vic.gov.au/results/state-election-results/2022-state-election-results/results-by-district/melbourne-district-results,d97cfdca918b32db1ae9b2f01781e8a9197aa6482285dd2b2360820e3b83fb67,5,"BOLGER, Colleen",Victorian Socialists,False,Other/Independent,2323,42519,True
vic_la_2022,Melbourne,melbourne,general-election,https://www.vec.vic.gov.au/results/state-election-results/2022-state-election-results/results-by-district/melbourne-district-results,d97cfdca918b32db1ae9b2f01781e8a9197aa6482285dd2b2360820e3b83fb67,6,"BANGAAR, Rabin",Animal Justice Party,False,Other/Independent,701,42519,True
vic_la_2022,Melbourne,melbourne,general-election,https://www.vec.vic.gov.au/results/state-election-results/2022-state-election-results/results-by-district/melbourne-district-results,d97cfdca918b32db1ae9b2f01781e8a9197aa6482285dd2b2360820e3b83fb67,7,"SMITH, Steven J.",Freedom Party of Victoria,False,Other/Independent,521,42519,True
vic_la_2022,Melbourne,melbourne,general-election,https://www.vec.vic.gov.au/results/state-election-results/2022-state-election-results/results-by-district/melbourne-district-results,d97cfdca918b32db1ae9b2f01781e8a9197aa6482285dd2b2360820e3b83fb67,8,"THISTLETON, Rebecca",Australian Labor Party - Victorian Branch,False,ALP,13033,42519,True
vic_la_2022,Melbourne,melbourne,general-election,https://www.vec.vic.gov.au/results/state-election-results/2022-state-election-results/results-by-district/melbourne-district-results,d97cfdca918b32db1ae9b2f01781e8a9197aa6482285dd2b2360820e3b83fb67,9,"FOXWORTHY, Nicola",Fiona Patten's Reason Party,False,Other/Independent,1601,42519,True
vic_la_2022,Melton,melton,general-election,https://www.vec.vic.gov.au/results/state-election-results/2022-state-election-results/results-by-district/melton-district-results,5f56afbb806e203824513ddcd353cf90a3aec06dfe0e201c904abf892e1f1295,1,"BLACKBORROW, Paul","Shooters, Fishers & Farmers Vic",False,Other/Independent,1682,37619,True
vic_la_2022,Melton,melton,general-election,https://www.vec.vic.gov.au/results/state-election-results/2022-state-election-results/results-by-district/melton-district-results,5f56afbb806e203824513ddcd353cf90a3aec06dfe0e201c904abf892e1f1295,2,"BIRCHALL, Ian",,True,Other/Independent,3403,37619,True
vic_la_2022,Melton,melton,general-election,https://www.vec.vic.gov.au/results/state-election-results/2022-state-election-results/results-by-district/melton-district-results,5f56afbb806e203824513ddcd353cf90a3aec06dfe0e201c904abf892e1f1295,3,"DOBRAN, Tony",Freedom Party of Victoria,False,Other/Independent,717,37619,True
vic_la_2022,Melton,melton,general-election,https://www.vec.vic.gov.au/results/state-election-results/2022-state-election-results/results-by-district/melton-district-results,5f56afbb806e203824513ddcd353cf90a3aec06dfe0e201c904abf892e1f1295,4,"WATT, Graham",Liberal,False,Coalition,9155,37619,True
vic_la_2022,Melton,melton,general-election,https://www.vec.vic.gov.au/results/state-election-results/2022-state-election-results/results-by-district/melton-district-results,5f56afbb806e203824513ddcd353cf90a3aec06dfe0e201c904abf892e1f1295,5,"BRUNT, Richard",Family First Victoria,False,Other/Independent,946,37619,True
vic_la_2022,Melton,melton,general-election,https://www.vec.vic.gov.au/results/state-election-results/2022-state-election-results/results-by-district/melton-district-results,5f56afbb806e203824513ddcd353cf90a3aec06dfe0e201c904abf892e1f1295,6,"PERERA, Jason Spencer",,True,Other/Independent,130,37619,True
vic_la_2022,Melton,melton,general-election,https://www.vec.vic.gov.au/results/state-election-results/2022-state-election-results/results-by-district/melton-district-results,5f56afbb806e203824513ddcd353cf90a3aec06dfe0e201c904abf892e1f1295,7,"ALP, Ashley",Labour DLP,False,Other/Independent,1629,37619,True
vic_la_2022,Melton,melton,general-election,https://www.vec.vic.gov.au/results/state-election-results/2022-state-election-results/results-by-district/melton-district-results,5f56afbb806e203824513ddcd353cf90a3aec06dfe0e201c904abf892e1f1295,8,"MORRIS, Praise",Australian Greens,False,Greens,1711,37619,True
vic_la_2022,Melton,melton,general-election,https://www.vec.vic.gov.au/results/state-election-results/2022-state-election-results/results-by-district/melton-district-results,5f56afbb806e203824513ddcd353cf90a3aec06dfe0e201c904abf892e1f1295,9,"BINGHAM, Jarrod James",,True,Other/Independent,2186,37619,True
vic_la_2022,Melton,melton,general-election,https://www.vec.vic.gov.au/results/state-election-results/2022-state-election-results/results-by-district/melton-district-results,5f56afbb806e203824513ddcd353cf90a3aec06dfe0e201c904abf892e1f1295,10,"McGHIE, Steve",Australian Labor Party - Victorian Branch,False,ALP,14193,37619,True
vic_la_2022,Melton,melton,general-election,https://www.vec.vic.gov.au/results/state-election-results/2022-state-election-results/results-by-district/melton-district-results,5f56afbb806e203824513ddcd353cf90a3aec06dfe0e201c904abf892e1f1295,11,"CIAPPARA, Lucienne",Health Australia Party,False,Other/Independent,219,37619,True
vic_la_2022,Melton,melton,general-election,https://www.vec.vic.gov.au/results/state-election-results/2022-state-election-results/results-by-district/melton-district-results,5f56afbb806e203824513ddcd353cf90a3aec06dfe0e201c904abf892e1f1295,12,"ADIN-JAMES, Fiona",Animal Justice Party,False,Other/Independent,743,37619,True
vic_la_2022,Melton,melton,general-election,https://www.vec.vic.gov.au/results/state-election-results/2022-state-election-results/results-by-district/melton-district-results,5f56afbb806e203824513ddcd353cf90a3aec06dfe0e201c904abf892e1f1295,13,"KAUR, Jasleen",New Democrats,False,Other/Independent,242,37619,True
vic_la_2022,Melton,melton,general-election,https://www.vec.vic.gov.au/results/state-election-results/2022-state-election-results/results-by-district/melton-district-results,5f56afbb806e203824513ddcd353cf90a3aec06dfe0e201c904abf892e1f1295,14,"DONALD, Samantha Jane",Derryn Hinch's Justice Party,False,Other/Independent,663,37619,True
vic_la_2022,Mildura,mildura,general-election,https://www.vec.vic.gov.au/results/state-election-results/2022-state-election-results/results-by-district/mildura-district-results,96921e9809e4c5cc9c08f3db5abd2dec3cfbe9a87a22f050586737255edfb4ec,1,"CUPPER, Ali",,True,Other/Independent,12913,38140,True
vic_la_2022,Mildura,mildura,general-election,https://www.vec.vic.gov.au/results/state-election-results/2022-state-election-results/results-by-district/mildura-district-results,96921e9809e4c5cc9c08f3db5abd2dec3cfbe9a87a22f050586737255edfb4ec,2,"BRYMER, Sonia",,True,Other/Independent,1080,38140,True
vic_la_2022,Mildura,mildura,general-election,https://www.vec.vic.gov.au/results/state-election-results/2022-state-election-results/results-by-district/mildura-district-results,96921e9809e4c5cc9c08f3db5abd2dec3cfbe9a87a22f050586737255edfb4ec,3,"BROUGHAM, Philippe John",Freedom Party of Victoria,False,Other/Independent,416,38140,True
vic_la_2022,Mildura,mildura,general-election,https://www.vec.vic.gov.au/results/state-election-results/2022-state-election-results/results-by-district/mildura-district-results,96921e9809e4c5cc9c08f3db5abd2dec3cfbe9a87a22f050586737255edfb4ec,4,"SHARPE, Felicity",Labour DLP,False,Other/Independent,586,38140,True
vic_la_2022,Mildura,mildura,general-election,https://www.vec.vic.gov.au/results/state-election-results/2022-state-election-results/results-by-district/mildura-district-results,96921e9809e4c5cc9c08f3db5abd2dec3cfbe9a87a22f050586737255edfb4ec,5,"MATHESON, Paul",Liberal,False,Coalition,7291,38140,True
vic_la_2022,Mildura,mildura,general-election,https://www.vec.vic.gov.au/results/state-election-results/2022-state-election-results/results-by-district/mildura-district-results,96921e9809e4c5cc9c08f3db5abd2dec3cfbe9a87a22f050586737255edfb4ec,6,"ZIGOURAS, Stella",Australian Labor Party - Victorian Branch,False,ALP,2483,38140,True
vic_la_2022,Mildura,mildura,general-election,https://www.vec.vic.gov.au/results/state-election-results/2022-state-election-results/results-by-district/mildura-district-results,96921e9809e4c5cc9c08f3db5abd2dec3cfbe9a87a22f050586737255edfb4ec,7,"BENHAM, Jade",The Nationals,False,Coalition,9868,38140,True
vic_la_2022,Mildura,mildura,general-election,https://www.vec.vic.gov.au/results/state-election-results/2022-state-election-results/results-by-district/mildura-district-results,96921e9809e4c5cc9c08f3db5abd2dec3cfbe9a87a22f050586737255edfb4ec,8,"ZAYN, Angylina",Animal Justice Party,False,Other/Independent,333,38140,True
vic_la_2022,Mildura,mildura,general-election,https://www.vec.vic.gov.au/results/state-election-results/2022-state-election-results/results-by-district/mildura-district-results,96921e9809e4c5cc9c08f3db5abd2dec3cfbe9a87a22f050586737255edfb4ec,9,"STRATTON, Brad",Family First Victoria,False,Other/Independent,560,38140,True
vic_la_2022,Mildura,mildura,general-election,https://www.vec.vic.gov.au/results/state-election-results/2022-state-election-results/results-by-district/mildura-district-results,96921e9809e4c5cc9c08f3db5abd2dec3cfbe9a87a22f050586737255edfb4ec,10,"MILNE, Glenn",,True,Other/Independent,1716,38140,True
vic_la_2022,Mildura,mildura,general-election,https://www.vec.vic.gov.au/results/state-election-results/2022-state-election-results/results-by-district/mildura-district-results,96921e9809e4c5cc9c08f3db5abd2dec3cfbe9a87a22f050586737255edfb4ec,11,"CLEMENTS, Katie",Australian Greens,False,Greens,894,38140,True
vic_la_2022,Mill Park,mill-park,general-election,https://www.vec.vic.gov.au/results/state-election-results/2022-state-election-results/results-by-district/mill-park-district-results,1ac389f7f8e71094538f6cc15c40c2f9273179fd988f5e4a4f85d0f39458d74b,1,"SIMONS, Marcia",Animal Justice Party,False,Other/Independent,1833,37798,True
vic_la_2022,Mill Park,mill-park,general-election,https://www.vec.vic.gov.au/results/state-election-results/2022-state-election-results/results-by-district/mill-park-district-results,1ac389f7f8e71094538f6cc15c40c2f9273179fd988f5e4a4f85d0f39458d74b,2,"YAP, Paige",Liberal,False,Coalition,9797,37798,True
vic_la_2022,Mill Park,mill-park,general-election,https://www.vec.vic.gov.au/results/state-election-results/2022-state-election-results/results-by-district/mill-park-district-results,1ac389f7f8e71094538f6cc15c40c2f9273179fd988f5e4a4f85d0f39458d74b,3,"ANDERSON, Craig",Family First Victoria,False,Other/Independent,1891,37798,True
vic_la_2022,Mill Park,mill-park,general-election,https://www.vec.vic.gov.au/results/state-election-results/2022-state-election-results/results-by-district/mill-park-district-results,1ac389f7f8e71094538f6cc15c40c2f9273179fd988f5e4a4f85d0f39458d74b,4,"FILIPPOPOULOS, Andrew",Freedom Party of Victoria,False,Other/Independent,2659,37798,True
vic_la_2022,Mill Park,mill-park,general-election,https://www.vec.vic.gov.au/results/state-election-results/2022-state-election-results/results-by-district/mill-park-district-results,1ac389f7f8e71094538f6cc15c40c2f9273179fd988f5e4a4f85d0f39458d74b,5,"D'AMBROSIO, Lily",Australian Labor Party - Victorian Branch,False,ALP,18857,37798,True
vic_la_2022,Mill Park,mill-park,general-election,https://www.vec.vic.gov.au/results/state-election-results/2022-state-election-results/results-by-district/mill-park-district-results,1ac389f7f8e71094538f6cc15c40c2f9273179fd988f5e4a4f85d0f39458d74b,6,"KEARNEY, Chris",Australian Greens,False,Greens,2761,37798,True
vic_la_2022,Monbulk,monbulk,general-election,https://www.vec.vic.gov.au/results/state-election-results/2022-state-election-results/results-by-district/monbulk-district-results,d833de82c3a2d839550a112a2845bc2d5389bee80aa53fbdd2236b8c82841a8a,1,"COLE, Craig",,True,Other/Independent,2069,41797,True
vic_la_2022,Monbulk,monbulk,general-election,https://www.vec.vic.gov.au/results/state-election-results/2022-state-election-results/results-by-district/monbulk-district-results,d833de82c3a2d839550a112a2845bc2d5389bee80aa53fbdd2236b8c82841a8a,2,"FOLLONI, Leah",Animal Justice Party,False,Other/Independent,1739,41797,True
vic_la_2022,Monbulk,monbulk,general-election,https://www.vec.vic.gov.au/results/state-election-results/2022-state-election-results/results-by-district/monbulk-district-results,d833de82c3a2d839550a112a2845bc2d5389bee80aa53fbdd2236b8c82841a8a,3,"BARNES, Veronica",Freedom Party of Victoria,False,Other/Independent,910,41797,True
vic_la_2022,Monbulk,monbulk,general-election,https://www.vec.vic.gov.au/results/state-election-results/2022-state-election-results/results-by-district/monbulk-district-results,d833de82c3a2d839550a112a2845bc2d5389bee80aa53fbdd2236b8c82841a8a,4,"ORMSBY, Michael",Australian Greens,False,Greens,6255,41797,True
vic_la_2022,Monbulk,monbulk,general-election,https://www.vec.vic.gov.au/results/state-election-results/2022-state-election-results/results-by-district/monbulk-district-results,d833de82c3a2d839550a112a2845bc2d5389bee80aa53fbdd2236b8c82841a8a,5,"WARD, Gareth",Liberal,False,Coalition,12327,41797,True
vic_la_2022,Monbulk,monbulk,general-election,https://www.vec.vic.gov.au/results/state-election-results/2022-state-election-results/results-by-district/monbulk-district-results,d833de82c3a2d839550a112a2845bc2d5389bee80aa53fbdd2236b8c82841a8a,6,"SKELTON, Johanna",,True,Other/Independent,2229,41797,True
vic_la_2022,Monbulk,monbulk,general-election,https://www.vec.vic.gov.au/results/state-election-results/2022-state-election-results/results-by-district/monbulk-district-results,d833de82c3a2d839550a112a2845bc2d5389bee80aa53fbdd2236b8c82841a8a,7,"HIGGINS, David",Family First Victoria,False,Other/Independent,1197,41797,True
vic_la_2022,Monbulk,monbulk,general-election,https://www.vec.vic.gov.au/results/state-election-results/2022-state-election-results/results-by-district/monbulk-district-results,d833de82c3a2d839550a112a2845bc2d5389bee80aa53fbdd2236b8c82841a8a,8,"DE MARTINO, Daniela",Australian Labor Party - Victorian Branch,False,ALP,15071,41797,True
vic_la_2022,Mordialloc,mordialloc,general-election,https://www.vec.vic.gov.au/results/state-election-results/2022-state-election-results/results-by-district/mordialloc-district-results,e9c4847865d479def13af9f95a415d87f0beac9ca486faadfc256b8259703edc,1,"O'DONNELL, Sarah",,True,Other/Independent,3240,44059,True
vic_la_2022,Mordialloc,mordialloc,general-election,https://www.vec.vic.gov.au/results/state-election-results/2022-state-election-results/results-by-district/mordialloc-district-results,e9c4847865d479def13af9f95a415d87f0beac9ca486faadfc256b8259703edc,2,"REID, Phil",,True,Other/Independent,154,44059,True
vic_la_2022,Mordialloc,mordialloc,general-election,https://www.vec.vic.gov.au/results/state-election-results/2022-state-election-results/results-by-district/mordialloc-district-results,e9c4847865d479def13af9f95a415d87f0beac9ca486faadfc256b8259703edc,3,"VO, Chi",Animal Justice Party,False,Other/Independent,1070,44059,True
vic_la_2022,Mordialloc,mordialloc,general-election,https://www.vec.vic.gov.au/results/state-election-results/2022-state-election-results/results-by-district/mordialloc-district-results,e9c4847865d479def13af9f95a415d87f0beac9ca486faadfc256b8259703edc,4,"RICHARDSON, Tim",Australian Labor Party - Victorian Branch,False,ALP,19398,44059,True
vic_la_2022,Mordialloc,mordialloc,general-election,https://www.vec.vic.gov.au/results/state-election-results/2022-state-election-results/results-by-district/mordialloc-district-results,e9c4847865d479def13af9f95a415d87f0beac9ca486faadfc256b8259703edc,5,"LUM, Patrick",Family First Victoria,False,Other/Independent,887,44059,True
vic_la_2022,Mordialloc,mordialloc,general-election,https://www.vec.vic.gov.au/results/state-election-results/2022-state-election-results/results-by-district/mordialloc-district-results,e9c4847865d479def13af9f95a415d87f0beac9ca486faadfc256b8259703edc,6,"LESSA, Daniel",Australian Greens,False,Greens,4526,44059,True
vic_la_2022,Mordialloc,mordialloc,general-election,https://www.vec.vic.gov.au/results/state-election-results/2022-state-election-results/results-by-district/mordialloc-district-results,e9c4847865d479def13af9f95a415d87f0beac9ca486faadfc256b8259703edc,7,"ALBRECHT, Deborah",Freedom Party of Victoria,False,Other/Independent,955,44059,True
vic_la_2022,Mordialloc,mordialloc,general-election,https://www.vec.vic.gov.au/results/state-election-results/2022-state-election-results/results-by-district/mordialloc-district-results,e9c4847865d479def13af9f95a415d87f0beac9ca486faadfc256b8259703edc,8,"PEASE, Phillip",Liberal,False,Coalition,13829,44059,True
vic_la_2022,Mornington,mornington,general-election,https://www.vec.vic.gov.au/results/state-election-results/2022-state-election-results/results-by-district/mornington-district-results,3618a8575866368e4a0614b4d18479f4dfb5e8713213e4bff68a8bb17e3d631f,1,"LARDNER, Kate",,True,Other/Independent,9432,42062,True
vic_la_2022,Mornington,mornington,general-election,https://www.vec.vic.gov.au/results/state-election-results/2022-state-election-results/results-by-district/mornington-district-results,3618a8575866368e4a0614b4d18479f4dfb5e8713213e4bff68a8bb17e3d631f,2,"SCHWEEN, Leonie",Animal Justice Party,False,Other/Independent,740,42062,True
vic_la_2022,Mornington,mornington,general-election,https://www.vec.vic.gov.au/results/state-election-results/2022-state-election-results/results-by-district/mornington-district-results,3618a8575866368e4a0614b4d18479f4dfb5e8713213e4bff68a8bb17e3d631f,3,"CREWTHER, Chris",Liberal,False,Coalition,17910,42062,True
vic_la_2022,Mornington,mornington,general-election,https://www.vec.vic.gov.au/results/state-election-results/2022-state-election-results/results-by-district/mornington-district-results,3618a8575866368e4a0614b4d18479f4dfb5e8713213e4bff68a8bb17e3d631f,4,"HAYWARD, Ross",Family First Victoria,False,Other/Independent,375,42062,True
vic_la_2022,Mornington,mornington,general-election,https://www.vec.vic.gov.au/results/state-election-results/2022-state-election-results/results-by-district/mornington-district-results,3618a8575866368e4a0614b4d18479f4dfb5e8713213e4bff68a8bb17e3d631f,5,"PETTITT, Paul",Freedom Party of Victoria,False,Other/Independent,1041,42062,True
vic_la_2022,Mornington,mornington,general-election,https://www.vec.vic.gov.au/results/state-election-results/2022-state-election-results/results-by-district/mornington-district-results,3618a8575866368e4a0614b4d18479f4dfb5e8713213e4bff68a8bb17e3d631f,6,"AGIRTAN, Jane",,True,Other/Independent,641,42062,True
vic_la_2022,Mornington,mornington,general-election,https://www.vec.vic.gov.au/results/state-election-results/2022-state-election-results/results-by-district/mornington-district-results,3618a8575866368e4a0614b4d18479f4dfb5e8713213e4bff68a8bb17e3d631f,7,"SINCLAIR, Harry",Australian Greens,False,Greens,2677,42062,True
vic_la_2022,Mornington,mornington,general-election,https://www.vec.vic.gov.au/results/state-election-results/2022-state-election-results/results-by-district/mornington-district-results,3618a8575866368e4a0614b4d18479f4dfb5e8713213e4bff68a8bb17e3d631f,8,"FOWLER, Georgia",Australian Labor Party - Victorian Branch,False,ALP,9246,42062,True
vic_la_2022,Morwell,morwell,general-election,https://www.vec.vic.gov.au/results/state-election-results/2022-state-election-results/results-by-district/morwell-district-results,4a9f7d836692ca1bae6b058c7567441157f27f031399462e7c79958554cf2a49,1,"HARRIMAN, Dale",Liberal,False,Coalition,6710,43261,True
vic_la_2022,Morwell,morwell,general-election,https://www.vec.vic.gov.au/results/state-election-results/2022-state-election-results/results-by-district/morwell-district-results,4a9f7d836692ca1bae6b058c7567441157f27f031399462e7c79958554cf2a49,2,"CAMERON, Martin",The Nationals,False,Coalition,9902,43261,True
vic_la_2022,Morwell,morwell,general-election,https://www.vec.vic.gov.au/results/state-election-results/2022-state-election-results/results-by-district/morwell-district-results,4a9f7d836692ca1bae6b058c7567441157f27f031399462e7c79958554cf2a49,3,"MAIDANA, Alex",Freedom Party of Victoria,False,Other/Independent,900,43261,True
vic_la_2022,Morwell,morwell,general-election,https://www.vec.vic.gov.au/results/state-election-results/2022-state-election-results/results-by-district/morwell-district-results,4a9f7d836692ca1bae6b058c7567441157f27f031399462e7c79958554cf2a49,4,"HINE, Rochelle",Australian Greens,False,Greens,1830,43261,True
vic_la_2022,Morwell,morwell,general-election,https://www.vec.vic.gov.au/results/state-election-results/2022-state-election-results/results-by-district/morwell-district-results,4a9f7d836692ca1bae6b058c7567441157f27f031399462e7c79958554cf2a49,5,"PROCTOR, Lisa",,True,Other/Independent,469,43261,True
vic_la_2022,Morwell,morwell,general-election,https://www.vec.vic.gov.au/results/state-election-results/2022-state-election-results/results-by-district/morwell-district-results,4a9f7d836692ca1bae6b058c7567441157f27f031399462e7c79958554cf2a49,6,"CLARKE, Brendan",Family First Victoria,False,Other/Independent,749,43261,True
vic_la_2022,Morwell,morwell,general-election,https://www.vec.vic.gov.au/results/state-election-results/2022-state-election-results/results-by-district/morwell-district-results,4a9f7d836692ca1bae6b058c7567441157f27f031399462e7c79958554cf2a49,7,"McAULIFFE, Jessica",Animal Justice Party,False,Other/Independent,687,43261,True
vic_la_2022,Morwell,morwell,general-election,https://www.vec.vic.gov.au/results/state-election-results/2022-state-election-results/results-by-district/morwell-district-results,4a9f7d836692ca1bae6b058c7567441157f27f031399462e7c79958554cf2a49,8,"MAXFIELD, Kate",Australian Labor Party - Victorian Branch,False,ALP,13601,43261,True
vic_la_2022,Morwell,morwell,general-election,https://www.vec.vic.gov.au/results/state-election-results/2022-state-election-results/results-by-district/morwell-district-results,4a9f7d836692ca1bae6b058c7567441157f27f031399462e7c79958554cf2a49,9,"GIBSON, Sharon",,True,Other/Independent,2515,43261,True
vic_la_2022,Morwell,morwell,general-election,https://www.vec.vic.gov.au/results/state-election-results/2022-state-election-results/results-by-district/morwell-district-results,4a9f7d836692ca1bae6b058c7567441157f27f031399462e7c79958554cf2a49,10,"LUND, Tracie",,True,Other/Independent,1206,43261,True
vic_la_2022,Morwell,morwell,general-election,https://www.vec.vic.gov.au/results/state-election-results/2022-state-election-results/results-by-district/morwell-district-results,4a9f7d836692ca1bae6b058c7567441157f27f031399462e7c79958554cf2a49,11,"HICKEN, Allan",Pauline Hanson's One Nation,False,One Nation,2648,43261,True
vic_la_2022,Morwell,morwell,general-election,https://www.vec.vic.gov.au/results/state-election-results/2022-state-election-results/results-by-district/morwell-district-results,4a9f7d836692ca1bae6b058c7567441157f27f031399462e7c79958554cf2a49,12,"SNELLING, David","Shooters, Fishers & Farmers Vic",False,Other/Independent,2044,43261,True
vic_la_2022,Mulgrave,mulgrave,general-election,https://www.vec.vic.gov.au/results/state-election-results/2022-state-election-results/results-by-district/mulgrave-district-results,adde353a8f328cb2ecca4db1c0d33ad0664187e48a7efcc4b8aad28bb73e1227,1,"ANDREWS, Daniel",Australian Labor Party - Victorian Branch,False,ALP,19365,37971,True
vic_la_2022,Mulgrave,mulgrave,general-election,https://www.vec.vic.gov.au/results/state-election-results/2022-state-election-results/results-by-district/mulgrave-district-results,adde353a8f328cb2ecca4db1c0d33ad0664187e48a7efcc4b8aad28bb73e1227,2,"KING, Andrew",,True,Other/Independent,173,37971,True
vic_la_2022,Mulgrave,mulgrave,general-election,https://www.vec.vic.gov.au/results/state-election-results/2022-state-election-results/results-by-district/mulgrave-district-results,adde353a8f328cb2ecca4db1c0d33ad0664187e48a7efcc4b8aad28bb73e1227,3,"ISMA, Ezra J. D.",,True,Other/Independent,92,37971,True
vic_la_2022,Mulgrave,mulgrave,general-election,https://www.vec.vic.gov.au/results/state-election-results/2022-state-election-results/results-by-district/mulgrave-district-results,adde353a8f328cb2ecca4db1c0d33ad0664187e48a7efcc4b8aad28bb73e1227,4,"MOODY, Anne",,True,Other/Independent,146,37971,True
vic_la_2022,Mulgrave,mulgrave,general-election,https://www.vec.vic.gov.au/results/state-election-results/2022-state-election-results/results-by-district/mulgrave-district-results,adde353a8f328cb2ecca4db1c0d33ad0664187e48a7efcc4b8aad28bb73e1227,5,"COOK, Ian",,True,Other/Independent,6838,37971,True
vic_la_2022,Mulgrave,mulgrave,general-election,https://www.vec.vic.gov.au/results/state-election-results/2022-state-election-results/results-by-district/mulgrave-district-results,adde353a8f328cb2ecca4db1c0d33ad0664187e48a7efcc4b8aad28bb73e1227,6,"TOSCANO, Joseph",,True,Other/Independent,155,37971,True
vic_la_2022,Mulgrave,mulgrave,general-election,https://www.vec.vic.gov.au/results/state-election-results/2022-state-election-results/results-by-district/mulgrave-district-results,adde353a8f328cb2ecca4db1c0d33ad0664187e48a7efcc4b8aad28bb73e1227,7,"MOULD, David",Animal Justice Party,False,Other/Independent,419,37971,True
vic_la_2022,Mulgrave,mulgrave,general-election,https://www.vec.vic.gov.au/results/state-election-results/2022-state-election-results/results-by-district/mulgrave-district-results,adde353a8f328cb2ecca4db1c0d33ad0664187e48a7efcc4b8aad28bb73e1227,8,"FOREMAN, Jane",Family First Victoria,False,Other/Independent,749,37971,True
vic_la_2022,Mulgrave,mulgrave,general-election,https://www.vec.vic.gov.au/results/state-election-results/2022-state-election-results/results-by-district/mulgrave-district-results,adde353a8f328cb2ecca4db1c0d33ad0664187e48a7efcc4b8aad28bb73e1227,9,"LIM, Robert",Australian Greens,False,Greens,1930,37971,True
vic_la_2022,Mulgrave,mulgrave,general-election,https://www.vec.vic.gov.au/results/state-election-results/2022-state-election-results/results-by-district/mulgrave-district-results,adde353a8f328cb2ecca4db1c0d33ad0664187e48a7efcc4b8aad28bb73e1227,10,"WOOD, Maree",Labour DLP,False,Other/Independent,327,37971,True
vic_la_2022,Mulgrave,mulgrave,general-election,https://www.vec.vic.gov.au/results/state-election-results/2022-state-election-results/results-by-district/mulgrave-district-results,adde353a8f328cb2ecca4db1c0d33ad0664187e48a7efcc4b8aad28bb73e1227,11,"PIASTRINO, Michael",Liberal,False,Coalition,6528,37971,True
vic_la_2022,Mulgrave,mulgrave,general-election,https://www.vec.vic.gov.au/results/state-election-results/2022-state-election-results/results-by-district/mulgrave-district-results,adde353a8f328cb2ecca4db1c0d33ad0664187e48a7efcc4b8aad28bb73e1227,12,"THEODOSSOPOULOU, Fotini",,True,Other/Independent,305,37971,True
vic_la_2022,Mulgrave,mulgrave,general-election,https://www.vec.vic.gov.au/results/state-election-results/2022-state-election-results/results-by-district/mulgrave-district-results,adde353a8f328cb2ecca4db1c0d33ad0664187e48a7efcc4b8aad28bb73e1227,13,"LEE, Howard",,True,Other/Independent,120,37971,True
vic_la_2022,Mulgrave,mulgrave,general-election,https://www.vec.vic.gov.au/results/state-election-results/2022-state-election-results/results-by-district/mulgrave-district-results,adde353a8f328cb2ecca4db1c0d33ad0664187e48a7efcc4b8aad28bb73e1227,14,"McLINDON, Aidan",Freedom Party of Victoria,False,Other/Independent,824,37971,True
vic_la_2022,Murray Plains,murray-plains,general-election,https://www.vec.vic.gov.au/results/state-election-results/2022-state-election-results/results-by-district/murray-plains-district-results,b0da85f1fa45de4ce6da99eebbcc4c4bdaffbc73b3b9646f374bace1e4f4866e,1,"MacPHERSON, Cameron",Family First Victoria,False,Other/Independent,2575,40191,True
vic_la_2022,Murray Plains,murray-plains,general-election,https://www.vec.vic.gov.au/results/state-election-results/2022-state-election-results/results-by-district/murray-plains-district-results,b0da85f1fa45de4ce6da99eebbcc4c4bdaffbc73b3b9646f374bace1e4f4866e,2,"BISH, Katia",Freedom Party of Victoria,False,Other/Independent,1752,40191,True
vic_la_2022,Murray Plains,murray-plains,general-election,https://www.vec.vic.gov.au/results/state-election-results/2022-state-election-results/results-by-district/murray-plains-district-results,b0da85f1fa45de4ce6da99eebbcc4c4bdaffbc73b3b9646f374bace1e4f4866e,3,"HURRELL, Damien",Australian Labor Party - Victorian Branch,False,ALP,7543,40191,True
vic_la_2022,Murray Plains,murray-plains,general-election,https://www.vec.vic.gov.au/results/state-election-results/2022-state-election-results/results-by-district/murray-plains-district-results,b0da85f1fa45de4ce6da99eebbcc4c4bdaffbc73b3b9646f374bace1e4f4866e,4,"LEUNG, Glenys",Animal Justice Party,False,Other/Independent,908,40191,True
vic_la_2022,Murray Plains,murray-plains,general-election,https://www.vec.vic.gov.au/results/state-election-results/2022-state-election-results/results-by-district/murray-plains-district-results,b0da85f1fa45de4ce6da99eebbcc4c4bdaffbc73b3b9646f374bace1e4f4866e,5,"WALSH, Peter",The Nationals,False,Coalition,24831,40191,True
vic_la_2022,Murray Plains,murray-plains,general-election,https://www.vec.vic.gov.au/results/state-election-results/2022-state-election-results/results-by-district/murray-plains-district-results,b0da85f1fa45de4ce6da99eebbcc4c4bdaffbc73b3b9646f374bace1e4f4866e,6,"OTTO, Andrea",,True,Other/Independent,1022,40191,True
vic_la_2022,Murray Plains,murray-plains,general-election,https://www.vec.vic.gov.au/results/state-election-results/2022-state-election-results/results-by-district/murray-plains-district-results,b0da85f1fa45de4ce6da99eebbcc4c4bdaffbc73b3b9646f374bace1e4f4866e,7,"BROWNSTEIN, John",Australian Greens,False,Greens,1560,40191,True
vic_la_2022,Narracan,narracan,supplementary-election,https://www.vec.vic.gov.au/results/state-election-results/state-by-elections-timeline/narracan-district-supplementary-election-results,190831090c90b529d4bbcd8597b579e4ad4d05183e55848ea640796e2be56de1,1,"ABELMAN, Michael",Liberal Democrats,False,Other/Independent,1325,37205,True
vic_la_2022,Narracan,narracan,supplementary-election,https://www.vec.vic.gov.au/results/state-election-results/state-by-elections-timeline/narracan-district-supplementary-election-results,190831090c90b529d4bbcd8597b579e4ad4d05183e55848ea640796e2be56de1,2,"WOLFE, Tony",,True,Other/Independent,4110,37205,True
vic_la_2022,Narracan,narracan,supplementary-election,https://www.vec.vic.gov.au/results/state-election-results/state-by-elections-timeline/narracan-district-supplementary-election-results,190831090c90b529d4bbcd8597b579e4ad4d05183e55848ea640796e2be56de1,3,"WEAVER, Alyssa",Australian Greens,False,Greens,4132,37205,True
vic_la_2022,Narracan,narracan,supplementary-election,https://www.vec.vic.gov.au/results/state-election-results/state-by-elections-timeline/narracan-district-supplementary-election-results,190831090c90b529d4bbcd8597b579e4ad4d05183e55848ea640796e2be56de1,4,"CRAM, Austin",Animal Justice Party,False,Other/Independent,849,37205,True
vic_la_2022,Narracan,narracan,supplementary-election,https://www.vec.vic.gov.au/results/state-election-results/state-by-elections-timeline/narracan-district-supplementary-election-results,190831090c90b529d4bbcd8597b579e4ad4d05183e55848ea640796e2be56de1,5,"DE WIT, Sophia Camille",Labour DLP,False,Other/Independent,2641,37205,True
vic_la_2022,Narracan,narracan,supplementary-election,https://www.vec.vic.gov.au/results/state-election-results/state-by-elections-timeline/narracan-district-supplementary-election-results,190831090c90b529d4bbcd8597b579e4ad4d05183e55848ea640796e2be56de1,6,"MURPHY, Casey",Pauline Hanson's One Nation,False,One Nation,2246,37205,True
vic_la_2022,Narracan,narracan,supplementary-election,https://www.vec.vic.gov.au/results/state-election-results/state-by-elections-timeline/narracan-district-supplementary-election-results,190831090c90b529d4bbcd8597b579e4ad4d05183e55848ea640796e2be56de1,7,"HONEY, Ian",,True,Other/Independent,381,37205,True
vic_la_2022,Narracan,narracan,supplementary-election,https://www.vec.vic.gov.au/results/state-election-results/state-by-elections-timeline/narracan-district-supplementary-election-results,190831090c90b529d4bbcd8597b579e4ad4d05183e55848ea640796e2be56de1,8,"CLARKE, Brendan",Family First Victoria,False,Other/Independent,1089,37205,True
vic_la_2022,Narracan,narracan,supplementary-election,https://www.vec.vic.gov.au/results/state-election-results/state-by-elections-timeline/narracan-district-supplementary-election-results,190831090c90b529d4bbcd8597b579e4ad4d05183e55848ea640796e2be56de1,9,"BLACKWELL, Leonie",Freedom Party of Victoria,False,Other/Independent,2254,37205,True
vic_la_2022,Narracan,narracan,supplementary-election,https://www.vec.vic.gov.au/results/state-election-results/state-by-elections-timeline/narracan-district-supplementary-election-results,190831090c90b529d4bbcd8597b579e4ad4d05183e55848ea640796e2be56de1,10,"FARNHAM, Wayne",Liberal,False,Coalition,16741,37205,True
vic_la_2022,Narracan,narracan,supplementary-election,https://www.vec.vic.gov.au/results/state-election-results/state-by-elections-timeline/narracan-district-supplementary-election-results,190831090c90b529d4bbcd8597b579e4ad4d05183e55848ea640796e2be56de1,11,"McCABE, Annemarie",,True,Other/Independent,1437,37205,True
vic_la_2022,Narre Warren North,narre-warren-north,general-election,https://www.vec.vic.gov.au/results/state-election-results/2022-state-election-results/results-by-district/narre-warren-north-district-results,d37ea4a4ed12358323fd8b26487b4c683eb16ad1420e9769cdec1b9b5576390f,1,"WILSON, Belinda",Australian Labor Party - Victorian Branch,False,ALP,19350,41370,True
vic_la_2022,Narre Warren North,narre-warren-north,general-election,https://www.vec.vic.gov.au/results/state-election-results/2022-state-election-results/results-by-district/narre-warren-north-district-results,d37ea4a4ed12358323fd8b26487b4c683eb16ad1420e9769cdec1b9b5576390f,2,"ZMEGAC, Andrew",Labour DLP,False,Other/Independent,1191,41370,True
vic_la_2022,Narre Warren North,narre-warren-north,general-election,https://www.vec.vic.gov.au/results/state-election-results/2022-state-election-results/results-by-district/narre-warren-north-district-results,d37ea4a4ed12358323fd8b26487b4c683eb16ad1420e9769cdec1b9b5576390f,3,"RUYTER, Monique","Shooters, Fishers & Farmers Vic",False,Other/Independent,772,41370,True
vic_la_2022,Narre Warren North,narre-warren-north,general-election,https://www.vec.vic.gov.au/results/state-election-results/2022-state-election-results/results-by-district/narre-warren-north-district-results,d37ea4a4ed12358323fd8b26487b4c683eb16ad1420e9769cdec1b9b5576390f,4,"CAPON, Stephen",,True,Other/Independent,906,41370,True
vic_la_2022,Narre Warren North,narre-warren-north,general-election,https://www.vec.vic.gov.au/results/state-election-results/2022-state-election-results/results-by-district/narre-warren-north-district-results,d37ea4a4ed12358323fd8b26487b4c683eb16ad1420e9769cdec1b9b5576390f,5,"GARDNER, Sheree",Animal Justice Party,False,Other/Independent,978,41370,True
vic_la_2022,Narre Warren North,narre-warren-north,general-election,https://www.vec.vic.gov.au/results/state-election-results/2022-state-election-results/results-by-district/narre-warren-north-district-results,d37ea4a4ed12358323fd8b26487b4c683eb16ad1420e9769cdec1b9b5576390f,6,"ELKINS, Christine",Family First Victoria,False,Other/Independent,1530,41370,True
vic_la_2022,Narre Warren North,narre-warren-north,general-election,https://www.vec.vic.gov.au/results/state-election-results/2022-state-election-results/results-by-district/narre-warren-north-district-results,d37ea4a4ed12358323fd8b26487b4c683eb16ad1420e9769cdec1b9b5576390f,7,"PARKER, Craig",Freedom Party of Victoria,False,Other/Independent,1218,41370,True
vic_la_2022,Narre Warren North,narre-warren-north,general-election,https://www.vec.vic.gov.au/results/state-election-results/2022-state-election-results/results-by-district/narre-warren-north-district-results,d37ea4a4ed12358323fd8b26487b4c683eb16ad1420e9769cdec1b9b5576390f,8,"MATULEC, Stephen",Liberal Democrats,False,Other/Independent,1325,41370,True
vic_la_2022,Narre Warren North,narre-warren-north,general-election,https://www.vec.vic.gov.au/results/state-election-results/2022-state-election-results/results-by-district/narre-warren-north-district-results,d37ea4a4ed12358323fd8b26487b4c683eb16ad1420e9769cdec1b9b5576390f,9,"DRAGAN, Timothy",Liberal,False,Coalition,11291,41370,True
vic_la_2022,Narre Warren North,narre-warren-north,general-election,https://www.vec.vic.gov.au/results/state-election-results/2022-state-election-results/results-by-district/narre-warren-north-district-results,d37ea4a4ed12358323fd8b26487b4c683eb16ad1420e9769cdec1b9b5576390f,10,"McLEAN, Laura",Australian Greens,False,Greens,2809,41370,True
vic_la_2022,Narre Warren South,narre-warren-south,general-election,https://www.vec.vic.gov.au/results/state-election-results/2022-state-election-results/results-by-district/narre-warren-south-district-results,b6abf949b9913b3acbc885465d5f1487bc3fb4e6de60139b12c3711799687b42,1,"HARVEY, Jacqueline",Family First Victoria,False,Other/Independent,2495,42859,True
vic_la_2022,Narre Warren South,narre-warren-south,general-election,https://www.vec.vic.gov.au/results/state-election-results/2022-state-election-results/results-by-district/narre-warren-south-district-results,b6abf949b9913b3acbc885465d5f1487bc3fb4e6de60139b12c3711799687b42,2,"SKROBO, Christine",Liberal Democrats,False,Other/Independent,1212,42859,True
vic_la_2022,Narre Warren South,narre-warren-south,general-election,https://www.vec.vic.gov.au/results/state-election-results/2022-state-election-results/results-by-district/narre-warren-south-district-results,b6abf949b9913b3acbc885465d5f1487bc3fb4e6de60139b12c3711799687b42,3,"BAKER-PEARCE, Tylere",,True,Other/Independent,290,42859,True
vic_la_2022,Narre Warren South,narre-warren-south,general-election,https://www.vec.vic.gov.au/results/state-election-results/2022-state-election-results/results-by-district/narre-warren-south-district-results,b6abf949b9913b3acbc885465d5f1487bc3fb4e6de60139b12c3711799687b42,4,"SAMUEL, Annette",Liberal,False,Coalition,12280,42859,True
vic_la_2022,Narre Warren South,narre-warren-south,general-election,https://www.vec.vic.gov.au/results/state-election-results/2022-state-election-results/results-by-district/narre-warren-south-district-results,b6abf949b9913b3acbc885465d5f1487bc3fb4e6de60139b12c3711799687b42,5,"MAAS, Gary",Australian Labor Party - Victorian Branch,False,ALP,20562,42859,True
vic_la_2022,Narre Warren South,narre-warren-south,general-election,https://www.vec.vic.gov.au/results/state-election-results/2022-state-election-results/results-by-district/narre-warren-south-district-results,b6abf949b9913b3acbc885465d5f1487bc3fb4e6de60139b12c3711799687b42,6,"GALLAGHER, Michael",Animal Justice Party,False,Other/Independent,1048,42859,True
vic_la_2022,Narre Warren South,narre-warren-south,general-election,https://www.vec.vic.gov.au/results/state-election-results/2022-state-election-results/results-by-district/narre-warren-south-district-results,b6abf949b9913b3acbc885465d5f1487bc3fb4e6de60139b12c3711799687b42,7,"MOORE, Susanna",Australian Greens,False,Greens,2836,42859,True
vic_la_2022,Narre Warren South,narre-warren-south,general-election,https://www.vec.vic.gov.au/results/state-election-results/2022-state-election-results/results-by-district/narre-warren-south-district-results,b6abf949b9913b3acbc885465d5f1487bc3fb4e6de60139b12c3711799687b42,8,"HANSEN, Geoff",Freedom Party of Victoria,False,Other/Independent,2136,42859,True
vic_la_2022,Nepean,nepean,general-election,https://www.vec.vic.gov.au/results/state-election-results/2022-state-election-results/results-by-district/nepean-district-results,95ded7eb84dd8973e8639624b73cc0049868690dc2394196077f9d94a827aeb4,1,"MILLER, Jay",Companions and Pets Party,False,Other/Independent,526,40766,True
vic_la_2022,Nepean,nepean,general-election,https://www.vec.vic.gov.au/results/state-election-results/2022-state-election-results/results-by-district/nepean-district-results,95ded7eb84dd8973e8639624b73cc0049868690dc2394196077f9d94a827aeb4,2,"DIJKMAN, Janny",Family First Victoria,False,Other/Independent,638,40766,True
vic_la_2022,Nepean,nepean,general-election,https://www.vec.vic.gov.au/results/state-election-results/2022-state-election-results/results-by-district/nepean-district-results,95ded7eb84dd8973e8639624b73cc0049868690dc2394196077f9d94a827aeb4,3,"ENGELANDER, Pamela",Animal Justice Party,False,Other/Independent,720,40766,True
vic_la_2022,Nepean,nepean,general-election,https://www.vec.vic.gov.au/results/state-election-results/2022-state-election-results/results-by-district/nepean-district-results,95ded7eb84dd8973e8639624b73cc0049868690dc2394196077f9d94a827aeb4,4,"AINSLIE, Charelle",,True,Other/Independent,449,40766,True
vic_la_2022,Nepean,nepean,general-election,https://www.vec.vic.gov.au/results/state-election-results/2022-state-election-results/results-by-district/nepean-district-results,95ded7eb84dd8973e8639624b73cc0049868690dc2394196077f9d94a827aeb4,5,"GROTH, Sam",Liberal,False,Coalition,19614,40766,True
vic_la_2022,Nepean,nepean,general-election,https://www.vec.vic.gov.au/results/state-election-results/2022-state-election-results/results-by-district/nepean-district-results,95ded7eb84dd8973e8639624b73cc0049868690dc2394196077f9d94a827aeb4,6,"GLEIXNER, Esther",Australian Greens,False,Greens,3576,40766,True
vic_la_2022,Nepean,nepean,general-election,https://www.vec.vic.gov.au/results/state-election-results/2022-state-election-results/results-by-district/nepean-district-results,95ded7eb84dd8973e8639624b73cc0049868690dc2394196077f9d94a827aeb4,7,"ANGER, Steve",,True,Other/Independent,91,40766,True
vic_la_2022,Nepean,nepean,general-election,https://www.vec.vic.gov.au/results/state-election-results/2022-state-election-results/results-by-district/nepean-district-results,95ded7eb84dd8973e8639624b73cc0049868690dc2394196077f9d94a827aeb4,8,"LEINE, Hank",Freedom Party of Victoria,False,Other/Independent,980,40766,True
vic_la_2022,Nepean,nepean,general-election,https://www.vec.vic.gov.au/results/state-election-results/2022-state-election-results/results-by-district/nepean-district-results,95ded7eb84dd8973e8639624b73cc0049868690dc2394196077f9d94a827aeb4,9,"WOOLCOCK, Elizabeth",,True,Other/Independent,495,40766,True
vic_la_2022,Nepean,nepean,general-election,https://www.vec.vic.gov.au/results/state-election-results/2022-state-election-results/results-by-district/nepean-district-results,95ded7eb84dd8973e8639624b73cc0049868690dc2394196077f9d94a827aeb4,10,"BRAYNE, Chris",Australian Labor Party - Victorian Branch,False,ALP,13308,40766,True
vic_la_2022,Nepean,nepean,general-election,https://www.vec.vic.gov.au/results/state-election-results/2022-state-election-results/results-by-district/nepean-district-results,95ded7eb84dd8973e8639624b73cc0049868690dc2394196077f9d94a827aeb4,11,"SKRUZNY, Cynthia",Labour DLP,False,Other/Independent,369,40766,True
vic_la_2022,Niddrie,niddrie,general-election,https://www.vec.vic.gov.au/results/state-election-results/2022-state-election-results/results-by-district/niddrie-district-results,4fa777ce9d6f246c03ef28cf416d11c06b52ae01fac4f01778f1578470f8ff40,1,"MAUGERI, Frank",Freedom Party of Victoria,False,Other/Independent,1899,42242,True
vic_la_2022,Niddrie,niddrie,general-election,https://www.vec.vic.gov.au/results/state-election-results/2022-state-election-results/results-by-district/niddrie-district-results,4fa777ce9d6f246c03ef28cf416d11c06b52ae01fac4f01778f1578470f8ff40,2,"KRUSE, Holly",Labour DLP,False,Other/Independent,1172,42242,True
vic_la_2022,Niddrie,niddrie,general-election,https://www.vec.vic.gov.au/results/state-election-results/2022-state-election-results/results-by-district/niddrie-district-results,4fa777ce9d6f246c03ef28cf416d11c06b52ae01fac4f01778f1578470f8ff40,3,"CARROLL, Ben",Australian Labor Party - Victorian Branch,False,ALP,18567,42242,True
vic_la_2022,Niddrie,niddrie,general-election,https://www.vec.vic.gov.au/results/state-election-results/2022-state-election-results/results-by-district/niddrie-district-results,4fa777ce9d6f246c03ef28cf416d11c06b52ae01fac4f01778f1578470f8ff40,4,"REICH, Brad",Victorian Socialists,False,Other/Independent,966,42242,True
vic_la_2022,Niddrie,niddrie,general-election,https://www.vec.vic.gov.au/results/state-election-results/2022-state-election-results/results-by-district/niddrie-district-results,4fa777ce9d6f246c03ef28cf416d11c06b52ae01fac4f01778f1578470f8ff40,5,"MEILAK, Shannon",Animal Justice Party,False,Other/Independent,812,42242,True
vic_la_2022,Niddrie,niddrie,general-election,https://www.vec.vic.gov.au/results/state-election-results/2022-state-election-results/results-by-district/niddrie-district-results,4fa777ce9d6f246c03ef28cf416d11c06b52ae01fac4f01778f1578470f8ff40,6,"GARCIA, Joanne",Family First Victoria,False,Other/Independent,1096,42242,True
vic_la_2022,Niddrie,niddrie,general-election,https://www.vec.vic.gov.au/results/state-election-results/2022-state-election-results/results-by-district/niddrie-district-results,4fa777ce9d6f246c03ef28cf416d11c06b52ae01fac4f01778f1578470f8ff40,7,"GRAMMENOS, Georgia",New Democrats,False,Other/Independent,269,42242,True
vic_la_2022,Niddrie,niddrie,general-election,https://www.vec.vic.gov.au/results/state-election-results/2022-state-election-results/results-by-district/niddrie-district-results,4fa777ce9d6f246c03ef28cf416d11c06b52ae01fac4f01778f1578470f8ff40,8,"YOUHANA, Alan",Liberal,False,Coalition,14344,42242,True
vic_la_2022,Niddrie,niddrie,general-election,https://www.vec.vic.gov.au/results/state-election-results/2022-state-election-results/results-by-district/niddrie-district-results,4fa777ce9d6f246c03ef28cf416d11c06b52ae01fac4f01778f1578470f8ff40,9,"McGINNESS, Declan",Australian Greens,False,Greens,3117,42242,True
vic_la_2022,Northcote,northcote,general-election,https://www.vec.vic.gov.au/results/state-election-results/2022-state-election-results/results-by-district/northcote-district-results,e3ebc2d44c65d4b7c9de48b57dc36755637fadc55d04c935d9c1b99d3dbe9c17,1,"WHITEHEAD, Adrian",,True,Other/Independent,518,42642,True
vic_la_2022,Northcote,northcote,general-election,https://www.vec.vic.gov.au/results/state-election-results/2022-state-election-results/results-by-district/northcote-district-results,e3ebc2d44c65d4b7c9de48b57dc36755637fadc55d04c935d9c1b99d3dbe9c17,2,"NTOUNI, Anastacia",Freedom Party of Victoria,False,Other/Independent,729,42642,True
vic_la_2022,Northcote,northcote,general-election,https://www.vec.vic.gov.au/results/state-election-results/2022-state-election-results/results-by-district/northcote-district-results,e3ebc2d44c65d4b7c9de48b57dc36755637fadc55d04c935d9c1b99d3dbe9c17,3,"GOME, Campbell",Australian Greens,False,Greens,12797,42642,True
vic_la_2022,Northcote,northcote,general-election,https://www.vec.vic.gov.au/results/state-election-results/2022-state-election-results/results-by-district/northcote-district-results,e3ebc2d44c65d4b7c9de48b57dc36755637fadc55d04c935d9c1b99d3dbe9c17,4,"OSECKAS, Tim",Animal Justice Party,False,Other/Independent,757,42642,True
vic_la_2022,Northcote,northcote,general-election,https://www.vec.vic.gov.au/results/state-election-results/2022-state-election-results/results-by-district/northcote-district-results,e3ebc2d44c65d4b7c9de48b57dc36755637fadc55d04c935d9c1b99d3dbe9c17,5,"LARKIN, Kath",Victorian Socialists,False,Other/Independent,2776,42642,True
vic_la_2022,Northcote,northcote,general-election,https://www.vec.vic.gov.au/results/state-election-results/2022-state-election-results/results-by-district/northcote-district-results,e3ebc2d44c65d4b7c9de48b57dc36755637fadc55d04c935d9c1b99d3dbe9c17,6,"CAVE, Anthony",Liberal Democrats,False,Other/Independent,530,42642,True
vic_la_2022,Northcote,northcote,general-election,https://www.vec.vic.gov.au/results/state-election-results/2022-state-election-results/results-by-district/northcote-district-results,e3ebc2d44c65d4b7c9de48b57dc36755637fadc55d04c935d9c1b99d3dbe9c17,7,"THEOPHANOUS, Kat",Australian Labor Party - Victorian Branch,False,ALP,17303,42642,True
vic_la_2022,Northcote,northcote,general-election,https://www.vec.vic.gov.au/results/state-election-results/2022-state-election-results/results-by-district/northcote-district-results,e3ebc2d44c65d4b7c9de48b57dc36755637fadc55d04c935d9c1b99d3dbe9c17,8,"ASHTON, Kathrine",Family First Victoria,False,Other/Independent,408,42642,True
vic_la_2022,Northcote,northcote,general-election,https://www.vec.vic.gov.au/results/state-election-results/2022-state-election-results/results-by-district/northcote-district-results,e3ebc2d44c65d4b7c9de48b57dc36755637fadc55d04c935d9c1b99d3dbe9c17,9,"CLARKE, April",Fiona Patten's Reason Party,False,Other/Independent,1539,42642,True
vic_la_2022,Northcote,northcote,general-election,https://www.vec.vic.gov.au/results/state-election-results/2022-state-election-results/results-by-district/northcote-district-results,e3ebc2d44c65d4b7c9de48b57dc36755637fadc55d04c935d9c1b99d3dbe9c17,10,"TODHUNTER, Stewart",Liberal,False,Coalition,5205,42642,True
vic_la_2022,Northcote,northcote,general-election,https://www.vec.vic.gov.au/results/state-election-results/2022-state-election-results/results-by-district/northcote-district-results,e3ebc2d44c65d4b7c9de48b57dc36755637fadc55d04c935d9c1b99d3dbe9c17,11,"VERMA, Ashish",,True,Other/Independent,80,42642,True
vic_la_2022,Oakleigh,oakleigh,general-election,https://www.vec.vic.gov.au/results/state-election-results/2022-state-election-results/results-by-district/oakleigh-district-results,0fd4b0549763c8361e13860d90aabcba054ef59e5f5aee3581957e97a2de3b7a,1,"MURPHY, Dominique",,True,Other/Independent,1084,43910,True
vic_la_2022,Oakleigh,oakleigh,general-election,https://www.vec.vic.gov.au/results/state-election-results/2022-state-election-results/results-by-district/oakleigh-district-results,0fd4b0549763c8361e13860d90aabcba054ef59e5f5aee3581957e97a2de3b7a,2,"DIMOPOULOS, Steve",Australian Labor Party - Victorian Branch,False,ALP,19778,43910,True
vic_la_2022,Oakleigh,oakleigh,general-election,https://www.vec.vic.gov.au/results/state-election-results/2022-state-election-results/results-by-district/oakleigh-district-results,0fd4b0549763c8361e13860d90aabcba054ef59e5f5aee3581957e97a2de3b7a,3,"SOK, Edward",Family First Victoria,False,Other/Independent,904,43910,True
vic_la_2022,Oakleigh,oakleigh,general-election,https://www.vec.vic.gov.au/results/state-election-results/2022-state-election-results/results-by-district/oakleigh-district-results,0fd4b0549763c8361e13860d90aabcba054ef59e5f5aee3581957e97a2de3b7a,4,"GRIVOKOSTOPOULOS, Jim",Liberal,False,Coalition,12848,43910,True
vic_la_2022,Oakleigh,oakleigh,general-election,https://www.vec.vic.gov.au/results/state-election-results/2022-state-election-results/results-by-district/oakleigh-district-results,0fd4b0549763c8361e13860d90aabcba054ef59e5f5aee3581957e97a2de3b7a,5,"KIOUPELIS, Parashos",,True,Other/Independent,234,43910,True
vic_la_2022,Oakleigh,oakleigh,general-election,https://www.vec.vic.gov.au/results/state-election-results/2022-state-election-results/results-by-district/oakleigh-district-results,0fd4b0549763c8361e13860d90aabcba054ef59e5f5aee3581957e97a2de3b7a,6,"HSIEH, Hsiang-Han",Australian Greens,False,Greens,7278,43910,True
vic_la_2022,Oakleigh,oakleigh,general-election,https://www.vec.vic.gov.au/results/state-election-results/2022-state-election-results/results-by-district/oakleigh-district-results,0fd4b0549763c8361e13860d90aabcba054ef59e5f5aee3581957e97a2de3b7a,7,"FABB, Loraine",Animal Justice Party,False,Other/Independent,1014,43910,True
vic_la_2022,Oakleigh,oakleigh,general-election,https://www.vec.vic.gov.au/results/state-election-results/2022-state-election-results/results-by-district/oakleigh-district-results,0fd4b0549763c8361e13860d90aabcba054ef59e5f5aee3581957e97a2de3b7a,8,"JACOBS, Anthony Charles",Freedom Party of Victoria,False,Other/Independent,770,43910,True
vic_la_2022,Ovens Valley,ovens-valley,general-election,https://www.vec.vic.gov.au/results/state-election-results/2022-state-election-results/results-by-district/ovens-valley-district-results,5014e4845ae309636122ce153b773147c09ed990be0bc7eba3d22671375847bb,1,"McCURDY, Tim",The Nationals,False,Coalition,21057,40390,True
vic_la_2022,Ovens Valley,ovens-valley,general-election,https://www.vec.vic.gov.au/results/state-election-results/2022-state-election-results/results-by-district/ovens-valley-district-results,5014e4845ae309636122ce153b773147c09ed990be0bc7eba3d22671375847bb,2,"BUGGE, Mark",Freedom Party of Victoria,False,Other/Independent,1932,40390,True
vic_la_2022,Ovens Valley,ovens-valley,general-election,https://www.vec.vic.gov.au/results/state-election-results/2022-state-election-results/results-by-district/ovens-valley-district-results,5014e4845ae309636122ce153b773147c09ed990be0bc7eba3d22671375847bb,3,"WISE, Anna",Family First Victoria,False,Other/Independent,1403,40390,True
vic_la_2022,Ovens Valley,ovens-valley,general-election,https://www.vec.vic.gov.au/results/state-election-results/2022-state-election-results/results-by-district/ovens-valley-district-results,5014e4845ae309636122ce153b773147c09ed990be0bc7eba3d22671375847bb,4,"LESCHEN, Zuvele",Australian Labor Party - Victorian Branch,False,ALP,8369,40390,True
vic_la_2022,Ovens Valley,ovens-valley,general-election,https://www.vec.vic.gov.au/results/state-election-results/2022-state-election-results/results-by-district/ovens-valley-district-results,5014e4845ae309636122ce153b773147c09ed990be0bc7eba3d22671375847bb,5,"SLATER, Aisha",Animal Justice Party,False,Other/Independent,1009,40390,True
vic_la_2022,Ovens Valley,ovens-valley,general-election,https://www.vec.vic.gov.au/results/state-election-results/2022-state-election-results/results-by-district/ovens-valley-district-results,5014e4845ae309636122ce153b773147c09ed990be0bc7eba3d22671375847bb,6,"KROMAR, Zoe",Australian Greens,False,Greens,3625,40390,True
vic_la_2022,Ovens Valley,ovens-valley,general-election,https://www.vec.vic.gov.au/results/state-election-results/2022-state-election-results/results-by-district/ovens-valley-district-results,5014e4845ae309636122ce153b773147c09ed990be0bc7eba3d22671375847bb,7,"FIDGE, Julian",Liberal Democrats,False,Other/Independent,2995,40390,True
vic_la_2022,Pakenham,pakenham,general-election,https://www.vec.vic.gov.au/results/state-election-results/2022-state-election-results/results-by-district/pakenham-district-results,71b7944655370fda64e6703d520220bcbae5a49436ba6cd523508edc05c09e10,1,"FARRELLY, David",Liberal,False,Coalition,12605,38867,True
vic_la_2022,Pakenham,pakenham,general-election,https://www.vec.vic.gov.au/results/state-election-results/2022-state-election-results/results-by-district/pakenham-district-results,71b7944655370fda64e6703d520220bcbae5a49436ba6cd523508edc05c09e10,2,"PLEDGER-FIRTH, Hannah",Animal Justice Party,False,Other/Independent,978,38867,True
vic_la_2022,Pakenham,pakenham,general-election,https://www.vec.vic.gov.au/results/state-election-results/2022-state-election-results/results-by-district/pakenham-district-results,71b7944655370fda64e6703d520220bcbae5a49436ba6cd523508edc05c09e10,3,"MAIBAUM, Michelle",Australian Greens,False,Greens,2571,38867,True
vic_la_2022,Pakenham,pakenham,general-election,https://www.vec.vic.gov.au/results/state-election-results/2022-state-election-results/results-by-district/pakenham-district-results,71b7944655370fda64e6703d520220bcbae5a49436ba6cd523508edc05c09e10,4,"GORE, Christopher",Family First Victoria,False,Other/Independent,1218,38867,True
vic_la_2022,Pakenham,pakenham,general-election,https://www.vec.vic.gov.au/results/state-election-results/2022-state-election-results/results-by-district/pakenham-district-results,71b7944655370fda64e6703d520220bcbae5a49436ba6cd523508edc05c09e10,5,"CLARKE, Sammi",Freedom Party of Victoria,False,Other/Independent,956,38867,True
vic_la_2022,Pakenham,pakenham,general-election,https://www.vec.vic.gov.au/results/state-election-results/2022-state-election-results/results-by-district/pakenham-district-results,71b7944655370fda64e6703d520220bcbae5a49436ba6cd523508edc05c09e10,6,"OWEN, Brett",,True,Other/Independent,3157,38867,True
vic_la_2022,Pakenham,pakenham,general-election,https://www.vec.vic.gov.au/results/state-election-results/2022-state-election-results/results-by-district/pakenham-district-results,71b7944655370fda64e6703d520220bcbae5a49436ba6cd523508edc05c09e10,7,"VULIN, Emma",Australian Labor Party - Victorian Branch,False,ALP,13151,38867,True
vic_la_2022,Pakenham,pakenham,general-election,https://www.vec.vic.gov.au/results/state-election-results/2022-state-election-results/results-by-district/pakenham-district-results,71b7944655370fda64e6703d520220bcbae5a49436ba6cd523508edc05c09e10,8,"SAGOO, Rajvir Singh",,True,Other/Independent,234,38867,True
vic_la_2022,Pakenham,pakenham,general-election,https://www.vec.vic.gov.au/results/state-election-results/2022-state-election-results/results-by-district/pakenham-district-results,71b7944655370fda64e6703d520220bcbae5a49436ba6cd523508edc05c09e10,9,"SARKESHIK, Sarasadat",Labour DLP,False,Other/Independent,666,38867,True
vic_la_2022,Pakenham,pakenham,general-election,https://www.vec.vic.gov.au/results/state-election-results/2022-state-election-results/results-by-district/pakenham-district-results,71b7944655370fda64e6703d520220bcbae5a49436ba6cd523508edc05c09e10,10,"SILADJI, Angela",Pauline Hanson's One Nation,False,One Nation,1321,38867,True
vic_la_2022,Pakenham,pakenham,general-election,https://www.vec.vic.gov.au/results/state-election-results/2022-state-election-results/results-by-district/pakenham-district-results,71b7944655370fda64e6703d520220bcbae5a49436ba6cd523508edc05c09e10,11,"SMITH, Elissa",Legalise Cannabis Victoria,False,Other/Independent,2010,38867,True
vic_la_2022,Pascoe Vale,pascoe-vale,general-election,https://www.vec.vic.gov.au/results/state-election-results/2022-state-election-results/results-by-district/pascoe-vale-district-results,861f1f9ba0479b9e77175b2ead12022b31d675de583c3b2c2b0ab2b97aea9d3e,1,"HAH, Madaleine",Victorian Socialists,False,Other/Independent,2228,40273,True
vic_la_2022,Pascoe Vale,pascoe-vale,general-election,https://www.vec.vic.gov.au/results/state-election-results/2022-state-election-results/results-by-district/pascoe-vale-district-results,861f1f9ba0479b9e77175b2ead12022b31d675de583c3b2c2b0ab2b97aea9d3e,2,"WRIGHT, Tom",Liberal,False,Coalition,8461,40273,True
vic_la_2022,Pascoe Vale,pascoe-vale,general-election,https://www.vec.vic.gov.au/results/state-election-results/2022-state-election-results/results-by-district/pascoe-vale-district-results,861f1f9ba0479b9e77175b2ead12022b31d675de583c3b2c2b0ab2b97aea9d3e,3,"CIMBARO, Richard",Family First Victoria,False,Other/Independent,1080,40273,True
vic_la_2022,Pascoe Vale,pascoe-vale,general-election,https://www.vec.vic.gov.au/results/state-election-results/2022-state-election-results/results-by-district/pascoe-vale-district-results,861f1f9ba0479b9e77175b2ead12022b31d675de583c3b2c2b0ab2b97aea9d3e,4,"ADAMS, Elizabeth",Animal Justice Party,False,Other/Independent,889,40273,True
vic_la_2022,Pascoe Vale,pascoe-vale,general-election,https://www.vec.vic.gov.au/results/state-election-results/2022-state-election-results/results-by-district/pascoe-vale-district-results,861f1f9ba0479b9e77175b2ead12022b31d675de583c3b2c2b0ab2b97aea9d3e,5,"GLOVER, Margee",Fiona Patten's Reason Party,False,Other/Independent,1281,40273,True
vic_la_2022,Pascoe Vale,pascoe-vale,general-election,https://www.vec.vic.gov.au/results/state-election-results/2022-state-election-results/results-by-district/pascoe-vale-district-results,861f1f9ba0479b9e77175b2ead12022b31d675de583c3b2c2b0ab2b97aea9d3e,6,"BOLTON, Sue",,True,Other/Independent,1689,40273,True
vic_la_2022,Pascoe Vale,pascoe-vale,general-election,https://www.vec.vic.gov.au/results/state-election-results/2022-state-election-results/results-by-district/pascoe-vale-district-results,861f1f9ba0479b9e77175b2ead12022b31d675de583c3b2c2b0ab2b97aea9d3e,7,"CIANFLONE, Anthony",Australian Labor Party - Victorian Branch,False,ALP,15611,40273,True
vic_la_2022,Pascoe Vale,pascoe-vale,general-election,https://www.vec.vic.gov.au/results/state-election-results/2022-state-election-results/results-by-district/pascoe-vale-district-results,861f1f9ba0479b9e77175b2ead12022b31d675de583c3b2c2b0ab2b97aea9d3e,8,"PANOPOULOS, Angelica",Australian Greens,False,Greens,9034,40273,True
vic_la_2022,Point Cook,point-cook,general-election,https://www.vec.vic.gov.au/results/state-election-results/2022-state-election-results/results-by-district/point-cook-district-results,60d4078aea2e031a2ac8d800980f30f868cd64efa9e63f8cf5350bb744c2068c,1,"CRONKWRIGHT, Carolyn",Family First Victoria,False,Other/Independent,1496,39099,True
vic_la_2022,Point Cook,point-cook,general-election,https://www.vec.vic.gov.au/results/state-election-results/2022-state-election-results/results-by-district/point-cook-district-results,60d4078aea2e031a2ac8d800980f30f868cd64efa9e63f8cf5350bb744c2068c,2,"BEECH, Terri",Animal Justice Party,False,Other/Independent,804,39099,True
vic_la_2022,Point Cook,point-cook,general-election,https://www.vec.vic.gov.au/results/state-election-results/2022-state-election-results/results-by-district/point-cook-district-results,60d4078aea2e031a2ac8d800980f30f868cd64efa9e63f8cf5350bb744c2068c,3,"KHAN, Shamsher",Australian Greens,False,Greens,2657,39099,True
vic_la_2022,Point Cook,point-cook,general-election,https://www.vec.vic.gov.au/results/state-election-results/2022-state-election-results/results-by-district/point-cook-district-results,60d4078aea2e031a2ac8d800980f30f868cd64efa9e63f8cf5350bb744c2068c,4,"ZHAO, Larry",,True,Other/Independent,814,39099,True
vic_la_2022,Point Cook,point-cook,general-election,https://www.vec.vic.gov.au/results/state-election-results/2022-state-election-results/results-by-district/point-cook-district-results,60d4078aea2e031a2ac8d800980f30f868cd64efa9e63f8cf5350bb744c2068c,5,"NEWHOUSE, Angela",Liberal,False,Coalition,9651,39099,True
vic_la_2022,Point Cook,point-cook,general-election,https://www.vec.vic.gov.au/results/state-election-results/2022-state-election-results/results-by-district/point-cook-district-results,60d4078aea2e031a2ac8d800980f30f868cd64efa9e63f8cf5350bb744c2068c,6,"McAULAY, Alex",Victorian Socialists,False,Other/Independent,1399,39099,True
vic_la_2022,Point Cook,point-cook,general-election,https://www.vec.vic.gov.au/results/state-election-results/2022-state-election-results/results-by-district/point-cook-district-results,60d4078aea2e031a2ac8d800980f30f868cd64efa9e63f8cf5350bb744c2068c,7,"GATTI, Lisa Jane",Transport Matters,False,Other/Independent,245,39099,True
vic_la_2022,Point Cook,point-cook,general-election,https://www.vec.vic.gov.au/results/state-election-results/2022-state-election-results/results-by-district/point-cook-district-results,60d4078aea2e031a2ac8d800980f30f868cd64efa9e63f8cf5350bb744c2068c,8,"LAW, Emma",Health Australia Party,False,Other/Independent,383,39099,True
vic_la_2022,Point Cook,point-cook,general-election,https://www.vec.vic.gov.au/results/state-election-results/2022-state-election-results/results-by-district/point-cook-district-results,60d4078aea2e031a2ac8d800980f30f868cd64efa9e63f8cf5350bb744c2068c,9,"CHAUDHARY, Rakhi P.",New Democrats,False,Other/Independent,358,39099,True
vic_la_2022,Point Cook,point-cook,general-election,https://www.vec.vic.gov.au/results/state-election-results/2022-state-election-results/results-by-district/point-cook-district-results,60d4078aea2e031a2ac8d800980f30f868cd64efa9e63f8cf5350bb744c2068c,10,"HILAKARI, Mathew",Australian Labor Party - Victorian Branch,False,ALP,15657,39099,True
vic_la_2022,Point Cook,point-cook,general-election,https://www.vec.vic.gov.au/results/state-election-results/2022-state-election-results/results-by-district/point-cook-district-results,60d4078aea2e031a2ac8d800980f30f868cd64efa9e63f8cf5350bb744c2068c,11,"ABDULOVSKI, Adrian",Freedom Party of Victoria,False,Other/Independent,571,39099,True
vic_la_2022,Point Cook,point-cook,general-election,https://www.vec.vic.gov.au/results/state-election-results/2022-state-election-results/results-by-district/point-cook-district-results,60d4078aea2e031a2ac8d800980f30f868cd64efa9e63f8cf5350bb744c2068c,12,"SAWANT, Shwetali",,True,Other/Independent,469,39099,True
vic_la_2022,Point Cook,point-cook,general-election,https://www.vec.vic.gov.au/results/state-election-results/2022-state-election-results/results-by-district/point-cook-district-results,60d4078aea2e031a2ac8d800980f30f868cd64efa9e63f8cf5350bb744c2068c,13,"GRIMLEY, Scott",Derryn Hinch's Justice Party,False,Other/Independent,514,39099,True
vic_la_2022,Point Cook,point-cook,general-election,https://www.vec.vic.gov.au/results/state-election-results/2022-state-election-results/results-by-district/point-cook-district-results,60d4078aea2e031a2ac8d800980f30f868cd64efa9e63f8cf5350bb744c2068c,14,"HAMMAN, Daniel",Labour DLP,False,Other/Independent,1369,39099,True
vic_la_2022,Point Cook,point-cook,general-election,https://www.vec.vic.gov.au/results/state-election-results/2022-state-election-results/results-by-district/point-cook-district-results,60d4078aea2e031a2ac8d800980f30f868cd64efa9e63f8cf5350bb744c2068c,15,"GARRA, Joe",,True,Other/Independent,2712,39099,True
vic_la_2022,Polwarth,polwarth,general-election,https://www.vec.vic.gov.au/results/state-election-results/2022-state-election-results/results-by-district/polwarth-district-results,ec9e4868d99dbfce9dbe1a376be626b41b903b2b9d2ac7e01983dcf921a8f834,1,"McALLISTER, Hilary",Australian Greens,False,Greens,7661,46002,True
vic_la_2022,Polwarth,polwarth,general-election,https://www.vec.vic.gov.au/results/state-election-results/2022-state-election-results/results-by-district/polwarth-district-results,ec9e4868d99dbfce9dbe1a376be626b41b903b2b9d2ac7e01983dcf921a8f834,2,"BORSOS, Denes C.",,True,Other/Independent,2017,46002,True
vic_la_2022,Polwarth,polwarth,general-election,https://www.vec.vic.gov.au/results/state-election-results/2022-state-election-results/results-by-district/polwarth-district-results,ec9e4868d99dbfce9dbe1a376be626b41b903b2b9d2ac7e01983dcf921a8f834,3,"HUNTER, Hollie",Family First Victoria,False,Other/Independent,1166,46002,True
vic_la_2022,Polwarth,polwarth,general-election,https://www.vec.vic.gov.au/results/state-election-results/2022-state-election-results/results-by-district/polwarth-district-results,ec9e4868d99dbfce9dbe1a376be626b41b903b2b9d2ac7e01983dcf921a8f834,4,"HUSSEIN, Hutch",Australian Labor Party - Victorian Branch,False,ALP,13484,46002,True
vic_la_2022,Polwarth,polwarth,general-election,https://www.vec.vic.gov.au/results/state-election-results/2022-state-election-results/results-by-district/polwarth-district-results,ec9e4868d99dbfce9dbe1a376be626b41b903b2b9d2ac7e01983dcf921a8f834,5,"ATCHISON, Elisha",Animal Justice Party,False,Other/Independent,1101,46002,True
vic_la_2022,Polwarth,polwarth,general-election,https://www.vec.vic.gov.au/results/state-election-results/2022-state-election-results/results-by-district/polwarth-district-results,ec9e4868d99dbfce9dbe1a376be626b41b903b2b9d2ac7e01983dcf921a8f834,6,"REMENYI, Joseph Vincent",Derryn Hinch's Justice Party,False,Other/Independent,1033,46002,True
vic_la_2022,Polwarth,polwarth,general-election,https://www.vec.vic.gov.au/results/state-election-results/2022-state-election-results/results-by-district/polwarth-district-results,ec9e4868d99dbfce9dbe1a376be626b41b903b2b9d2ac7e01983dcf921a8f834,7,"RIORDAN, Richard",Liberal,False,Coalition,19540,46002,True
vic_la_2022,Prahran,prahran,general-election,https://www.vec.vic.gov.au/results/state-election-results/2022-state-election-results/results-by-district/prahran-district-results,4a090b02633c09b89f9bb153b5a7c6ab76fbb1158cb878b29c6235e2f9e6d877,1,"LE HURAY, Alice",Animal Justice Party,False,Other/Independent,1263,39243,True
vic_la_2022,Prahran,prahran,general-election,https://www.vec.vic.gov.au/results/state-election-results/2022-state-election-results/results-by-district/prahran-district-results,4a090b02633c09b89f9bb153b5a7c6ab76fbb1158cb878b29c6235e2f9e6d877,2,"LUCAS, Matthew",Liberal,False,Coalition,12198,39243,True
vic_la_2022,Prahran,prahran,general-election,https://www.vec.vic.gov.au/results/state-election-results/2022-state-election-results/results-by-district/prahran-district-results,4a090b02633c09b89f9bb153b5a7c6ab76fbb1158cb878b29c6235e2f9e6d877,3,"CHAU, Wesa",Australian Labor Party - Victorian Branch,False,ALP,10421,39243,True
vic_la_2022,Prahran,prahran,general-election,https://www.vec.vic.gov.au/results/state-election-results/2022-state-election-results/results-by-district/prahran-district-results,4a090b02633c09b89f9bb153b5a7c6ab76fbb1158cb878b29c6235e2f9e6d877,4,"MENADUE, Alan",,True,Other/Independent,449,39243,True
vic_la_2022,Prahran,prahran,general-election,https://www.vec.vic.gov.au/results/state-election-results/2022-state-election-results/results-by-district/prahran-district-results,4a090b02633c09b89f9bb153b5a7c6ab76fbb1158cb878b29c6235e2f9e6d877,5,"HIBBINS, Sam",Australian Greens,False,Greens,14286,39243,True
vic_la_2022,Prahran,prahran,general-election,https://www.vec.vic.gov.au/results/state-election-results/2022-state-election-results/results-by-district/prahran-district-results,4a090b02633c09b89f9bb153b5a7c6ab76fbb1158cb878b29c6235e2f9e6d877,6,"EMILSEN, Ronald",Family First Victoria,False,Other/Independent,626,39243,True
vic_la_2022,Preston,preston,general-election,https://www.vec.vic.gov.au/results/state-election-results/2022-state-election-results/results-by-district/preston-district-results,b74f2cc5b6e60b40e586ef8577585e8fedeca9a6b355ebe1c2a3e3869edaa15b,1,"GRECO, Gaetano",,True,Other/Independent,5473,39857,True
vic_la_2022,Preston,preston,general-election,https://www.vec.vic.gov.au/results/state-election-results/2022-state-election-results/results-by-district/preston-district-results,b74f2cc5b6e60b40e586ef8577585e8fedeca9a6b355ebe1c2a3e3869edaa15b,2,"SANAGHAN, Brian",,True,Other/Independent,270,39857,True
vic_la_2022,Preston,preston,general-election,https://www.vec.vic.gov.au/results/state-election-results/2022-state-election-results/results-by-district/preston-district-results,b74f2cc5b6e60b40e586ef8577585e8fedeca9a6b355ebe1c2a3e3869edaa15b,3,"SOLIMAN, Raouf",Family First Victoria,False,Other/Independent,885,39857,True
vic_la_2022,Preston,preston,general-election,https://www.vec.vic.gov.au/results/state-election-results/2022-state-election-results/results-by-district/preston-district-results,b74f2cc5b6e60b40e586ef8577585e8fedeca9a6b355ebe1c2a3e3869edaa15b,4,"PATERSON, Patchouli",Australian Greens,False,Greens,6027,39857,True
vic_la_2022,Preston,preston,general-election,https://www.vec.vic.gov.au/results/state-election-results/2022-state-election-results/results-by-district/preston-district-results,b74f2cc5b6e60b40e586ef8577585e8fedeca9a6b355ebe1c2a3e3869edaa15b,5,"LAHIFF-JENKINS, Carmen",Fiona Patten's Reason Party,False,Other/Independent,890,39857,True
vic_la_2022,Preston,preston,general-election,https://www.vec.vic.gov.au/results/state-election-results/2022-state-election-results/results-by-district/preston-district-results,b74f2cc5b6e60b40e586ef8577585e8fedeca9a6b355ebe1c2a3e3869edaa15b,6,"UNICOMB, Rachel",Animal Justice Party,False,Other/Independent,822,39857,True
vic_la_2022,Preston,preston,general-election,https://www.vec.vic.gov.au/results/state-election-results/2022-state-election-results/results-by-district/preston-district-results,b74f2cc5b6e60b40e586ef8577585e8fedeca9a6b355ebe1c2a3e3869edaa15b,7,"MATIAS, Angelique",Freedom Party of Victoria,False,Other/Independent,1150,39857,True
vic_la_2022,Preston,preston,general-election,https://www.vec.vic.gov.au/results/state-election-results/2022-state-election-results/results-by-district/preston-district-results,b74f2cc5b6e60b40e586ef8577585e8fedeca9a6b355ebe1c2a3e3869edaa15b,8,"PALIOURAS, Amanda",Liberal,False,Coalition,6883,39857,True
vic_la_2022,Preston,preston,general-election,https://www.vec.vic.gov.au/results/state-election-results/2022-state-election-results/results-by-district/preston-district-results,b74f2cc5b6e60b40e586ef8577585e8fedeca9a6b355ebe1c2a3e3869edaa15b,9,"LAMBERT, Nathan",Australian Labor Party - Victorian Branch,False,ALP,14999,39857,True
vic_la_2022,Preston,preston,general-election,https://www.vec.vic.gov.au/results/state-election-results/2022-state-election-results/results-by-district/preston-district-results,b74f2cc5b6e60b40e586ef8577585e8fedeca9a6b355ebe1c2a3e3869edaa15b,10,"PRICE, Steph",Victorian Socialists,False,Other/Independent,2458,39857,True
vic_la_2022,Richmond,richmond,general-election,https://www.vec.vic.gov.au/results/state-election-results/2022-state-election-results/results-by-district/richmond-district-results,389cbb43ea0859abe1e91ef7ef0d67dcc3d1f0f4de3bf32c11dc94b6481aa321,1,"VIGGERS, Lis",Animal Justice Party,False,Other/Independent,934,39731,True
vic_la_2022,Richmond,richmond,general-election,https://www.vec.vic.gov.au/results/state-election-results/2022-state-election-results/results-by-district/richmond-district-results,389cbb43ea0859abe1e91ef7ef0d67dcc3d1f0f4de3bf32c11dc94b6481aa321,2,"WARD, Roz",Victorian Socialists,False,Other/Independent,1828,39731,True
vic_la_2022,Richmond,richmond,general-election,https://www.vec.vic.gov.au/results/state-election-results/2022-state-election-results/results-by-district/richmond-district-results,389cbb43ea0859abe1e91ef7ef0d67dcc3d1f0f4de3bf32c11dc94b6481aa321,3,"HO, Meca",,True,Other/Independent,417,39731,True
vic_la_2022,Richmond,richmond,general-election,https://www.vec.vic.gov.au/results/state-election-results/2022-state-election-results/results-by-district/richmond-district-results,389cbb43ea0859abe1e91ef7ef0d67dcc3d1f0f4de3bf32c11dc94b6481aa321,4,"COWEN, Jeremy",Fiona Patten's Reason Party,False,Other/Independent,1830,39731,True
vic_la_2022,Richmond,richmond,general-election,https://www.vec.vic.gov.au/results/state-election-results/2022-state-election-results/results-by-district/richmond-district-results,389cbb43ea0859abe1e91ef7ef0d67dcc3d1f0f4de3bf32c11dc94b6481aa321,5,"DE VIETRI, Gabrielle",Australian Greens,False,Greens,13771,39731,True
vic_la_2022,Richmond,richmond,general-election,https://www.vec.vic.gov.au/results/state-election-results/2022-state-election-results/results-by-district/richmond-district-results,389cbb43ea0859abe1e91ef7ef0d67dcc3d1f0f4de3bf32c11dc94b6481aa321,6,"MOON, Lucas",Liberal,False,Coalition,7456,39731,True
vic_la_2022,Richmond,richmond,general-election,https://www.vec.vic.gov.au/results/state-election-results/2022-state-election-results/results-by-district/richmond-district-results,389cbb43ea0859abe1e91ef7ef0d67dcc3d1f0f4de3bf32c11dc94b6481aa321,7,"FREIVERTS, Markus",Family First Victoria,False,Other/Independent,458,39731,True
vic_la_2022,Richmond,richmond,general-election,https://www.vec.vic.gov.au/results/state-election-results/2022-state-election-results/results-by-district/richmond-district-results,389cbb43ea0859abe1e91ef7ef0d67dcc3d1f0f4de3bf32c11dc94b6481aa321,8,"O'DWYER, Lauren",Australian Labor Party - Victorian Branch,False,ALP,13037,39731,True
vic_la_2022,Ringwood,ringwood,general-election,https://www.vec.vic.gov.au/results/state-election-results/2022-state-election-results/results-by-district/ringwood-district-results,187769c6635dfb7a0929c164e35bc9176079373a83a23428c3cd2a5a9bf1cbd6,1,"RYAN, Gary",Labour DLP,False,Other/Independent,1684,45753,True
vic_la_2022,Ringwood,ringwood,general-election,https://www.vec.vic.gov.au/results/state-election-results/2022-state-election-results/results-by-district/ringwood-district-results,187769c6635dfb7a0929c164e35bc9176079373a83a23428c3cd2a5a9bf1cbd6,2,"FOWLES, Will",Australian Labor Party - Victorian Branch,False,ALP,17851,45753,True
vic_la_2022,Ringwood,ringwood,general-election,https://www.vec.vic.gov.au/results/state-election-results/2022-state-election-results/results-by-district/ringwood-district-results,187769c6635dfb7a0929c164e35bc9176079373a83a23428c3cd2a5a9bf1cbd6,3,"SIEMER, Robyn M.",Freedom Party of Victoria,False,Other/Independent,1038,45753,True
vic_la_2022,Ringwood,ringwood,general-election,https://www.vec.vic.gov.au/results/state-election-results/2022-state-election-results/results-by-district/ringwood-district-results,187769c6635dfb7a0929c164e35bc9176079373a83a23428c3cd2a5a9bf1cbd6,4,"WATSON, Cynthia",Liberal,False,Coalition,15467,45753,True
vic_la_2022,Ringwood,ringwood,general-election,https://www.vec.vic.gov.au/results/state-election-results/2022-state-election-results/results-by-district/ringwood-district-results,187769c6635dfb7a0929c164e35bc9176079373a83a23428c3cd2a5a9bf1cbd6,5,"STEEN, Reuben",Australian Greens,False,Greens,7105,45753,True
vic_la_2022,Ringwood,ringwood,general-election,https://www.vec.vic.gov.au/results/state-election-results/2022-state-election-results/results-by-district/ringwood-district-results,187769c6635dfb7a0929c164e35bc9176079373a83a23428c3cd2a5a9bf1cbd6,6,"GRIFFITH-JONES, Richard",Family First Victoria,False,Other/Independent,1396,45753,True
vic_la_2022,Ringwood,ringwood,general-election,https://www.vec.vic.gov.au/results/state-election-results/2022-state-election-results/results-by-district/ringwood-district-results,187769c6635dfb7a0929c164e35bc9176079373a83a23428c3cd2a5a9bf1cbd6,7,"ROWE, Nick",Animal Justice Party,False,Other/Independent,1212,45753,True
vic_la_2022,Ripon,ripon,general-election,https://www.vec.vic.gov.au/results/state-election-results/2022-state-election-results/results-by-district/ripon-district-results,745f4db6f66e5f5abb47a7b58119b693d5a6e62b4e990c8efd6f190b247e624f,1,"SMITH, Luke","Shooters, Fishers & Farmers Vic",False,Other/Independent,3606,42341,True
vic_la_2022,Ripon,ripon,general-election,https://www.vec.vic.gov.au/results/state-election-results/2022-state-election-results/results-by-district/ripon-district-results,745f4db6f66e5f5abb47a7b58119b693d5a6e62b4e990c8efd6f190b247e624f,2,"RIGG, Wayne",,True,Other/Independent,872,42341,True
vic_la_2022,Ripon,ripon,general-election,https://www.vec.vic.gov.au/results/state-election-results/2022-state-election-results/results-by-district/ripon-district-results,745f4db6f66e5f5abb47a7b58119b693d5a6e62b4e990c8efd6f190b247e624f,3,"JAMES, Earl",Australian Greens,False,Greens,2524,42341,True
vic_la_2022,Ripon,ripon,general-election,https://www.vec.vic.gov.au/results/state-election-results/2022-state-election-results/results-by-district/ripon-district-results,745f4db6f66e5f5abb47a7b58119b693d5a6e62b4e990c8efd6f190b247e624f,4,"HAYLETT, Martha",Australian Labor Party - Victorian Branch,False,ALP,16321,42341,True
vic_la_2022,Ripon,ripon,general-election,https://www.vec.vic.gov.au/results/state-election-results/2022-state-election-results/results-by-district/ripon-district-results,745f4db6f66e5f5abb47a7b58119b693d5a6e62b4e990c8efd6f190b247e624f,5,"WILSON, Wren Louise",Derryn Hinch's Justice Party,False,Other/Independent,940,42341,True
vic_la_2022,Ripon,ripon,general-election,https://www.vec.vic.gov.au/results/state-election-results/2022-state-election-results/results-by-district/ripon-district-results,745f4db6f66e5f5abb47a7b58119b693d5a6e62b4e990c8efd6f190b247e624f,6,"STALEY, Louise",Liberal,False,Coalition,15305,42341,True
vic_la_2022,Ripon,ripon,general-election,https://www.vec.vic.gov.au/results/state-election-results/2022-state-election-results/results-by-district/ripon-district-results,745f4db6f66e5f5abb47a7b58119b693d5a6e62b4e990c8efd6f190b247e624f,7,"SITTERS, Holly",Animal Justice Party,False,Other/Independent,1145,42341,True
vic_la_2022,Ripon,ripon,general-election,https://www.vec.vic.gov.au/results/state-election-results/2022-state-election-results/results-by-district/ripon-district-results,745f4db6f66e5f5abb47a7b58119b693d5a6e62b4e990c8efd6f190b247e624f,8,"GEORGE, Craig",Family First Victoria,False,Other/Independent,1316,42341,True
vic_la_2022,Ripon,ripon,general-election,https://www.vec.vic.gov.au/results/state-election-results/2022-state-election-results/results-by-district/ripon-district-results,745f4db6f66e5f5abb47a7b58119b693d5a6e62b4e990c8efd6f190b247e624f,9,"QUINCE, Bernard",,True,Other/Independent,312,42341,True
vic_la_2022,Rowville,rowville,general-election,https://www.vec.vic.gov.au/results/state-election-results/2022-state-election-results/results-by-district/rowville-district-results,e15a73b64f1b34bf2369972d12750709d94547599ed5ed0d679ecafabf13703e,1,"WELLS, Kim",Liberal,False,Coalition,17600,43369,True
vic_la_2022,Rowville,rowville,general-election,https://www.vec.vic.gov.au/results/state-election-results/2022-state-election-results/results-by-district/rowville-district-results,e15a73b64f1b34bf2369972d12750709d94547599ed5ed0d679ecafabf13703e,2,"SEYMOUR, Nicole",,True,Other/Independent,5231,43369,True
vic_la_2022,Rowville,rowville,general-election,https://www.vec.vic.gov.au/results/state-election-results/2022-state-election-results/results-by-district/rowville-district-results,e15a73b64f1b34bf2369972d12750709d94547599ed5ed0d679ecafabf13703e,3,"DI CAMILLO, Angelica",Australian Greens,False,Greens,3055,43369,True
vic_la_2022,Rowville,rowville,general-election,https://www.vec.vic.gov.au/results/state-election-results/2022-state-election-results/results-by-district/rowville-district-results,e15a73b64f1b34bf2369972d12750709d94547599ed5ed0d679ecafabf13703e,4,"VERMA, Mannie Kaur",Australian Labor Party - Victorian Branch,False,ALP,14283,43369,True
vic_la_2022,Rowville,rowville,general-election,https://www.vec.vic.gov.au/results/state-election-results/2022-state-election-results/results-by-district/rowville-district-results,e15a73b64f1b34bf2369972d12750709d94547599ed5ed0d679ecafabf13703e,5,"SMULDERS, Peterine Elizabeth",Freedom Party of Victoria,False,Other/Independent,908,43369,True
vic_la_2022,Rowville,rowville,general-election,https://www.vec.vic.gov.au/results/state-election-results/2022-state-election-results/results-by-district/rowville-district-results,e15a73b64f1b34bf2369972d12750709d94547599ed5ed0d679ecafabf13703e,6,"BURGESS, Stephen",Family First Victoria,False,Other/Independent,1433,43369,True
vic_la_2022,Rowville,rowville,general-election,https://www.vec.vic.gov.au/results/state-election-results/2022-state-election-results/results-by-district/rowville-district-results,e15a73b64f1b34bf2369972d12750709d94547599ed5ed0d679ecafabf13703e,7,"GLENANE, Diane",Animal Justice Party,False,Other/Independent,859,43369,True
vic_la_2022,Sandringham,sandringham,general-election,https://www.vec.vic.gov.au/results/state-election-results/2022-state-election-results/results-by-district/sandringham-district-results,d3c9e976ec8e9a06ad4e3bc5f9c43b8b490fe102630ef17d738fb3ea98727326,1,"REGAN, Alysia",Australian Greens,False,Greens,5949,40512,True
vic_la_2022,Sandringham,sandringham,general-election,https://www.vec.vic.gov.au/results/state-election-results/2022-state-election-results/results-by-district/sandringham-district-results,d3c9e976ec8e9a06ad4e3bc5f9c43b8b490fe102630ef17d738fb3ea98727326,2,"ZMEGAC, Karla",Labour DLP,False,Other/Independent,749,40512,True
vic_la_2022,Sandringham,sandringham,general-election,https://www.vec.vic.gov.au/results/state-election-results/2022-state-election-results/results-by-district/sandringham-district-results,d3c9e976ec8e9a06ad4e3bc5f9c43b8b490fe102630ef17d738fb3ea98727326,3,"PRESCOTT, Bettina",Australian Labor Party - Victorian Branch,False,ALP,10426,40512,True
vic_la_2022,Sandringham,sandringham,general-election,https://www.vec.vic.gov.au/results/state-election-results/2022-state-election-results/results-by-district/sandringham-district-results,d3c9e976ec8e9a06ad4e3bc5f9c43b8b490fe102630ef17d738fb3ea98727326,4,"EPPINGSTALL, Barbara",Animal Justice Party,False,Other/Independent,976,40512,True
vic_la_2022,Sandringham,sandringham,general-election,https://www.vec.vic.gov.au/results/state-election-results/2022-state-election-results/results-by-district/sandringham-district-results,d3c9e976ec8e9a06ad4e3bc5f9c43b8b490fe102630ef17d738fb3ea98727326,5,"ROWSWELL, Brad",Liberal,False,Coalition,18783,40512,True
vic_la_2022,Sandringham,sandringham,general-election,https://www.vec.vic.gov.au/results/state-election-results/2022-state-election-results/results-by-district/sandringham-district-results,d3c9e976ec8e9a06ad4e3bc5f9c43b8b490fe102630ef17d738fb3ea98727326,6,"CHALMERS, Jill",Family First Victoria,False,Other/Independent,714,40512,True
vic_la_2022,Sandringham,sandringham,general-election,https://www.vec.vic.gov.au/results/state-election-results/2022-state-election-results/results-by-district/sandringham-district-results,d3c9e976ec8e9a06ad4e3bc5f9c43b8b490fe102630ef17d738fb3ea98727326,7,"CAMPBELL, Rodney",,True,Other/Independent,115,40512,True
vic_la_2022,Sandringham,sandringham,general-election,https://www.vec.vic.gov.au/results/state-election-results/2022-state-election-results/results-by-district/sandringham-district-results,d3c9e976ec8e9a06ad4e3bc5f9c43b8b490fe102630ef17d738fb3ea98727326,8,"MARTIN, Clarke",,True,Other/Independent,2800,40512,True
vic_la_2022,Shepparton,shepparton,general-election,https://www.vec.vic.gov.au/results/state-election-results/2022-state-election-results/results-by-district/shepparton-district-results,068da5aa4cfa54e0199eec71c37d8b12d48abf0ac0eec5d348e749eeb1559b24,1,"O'KEEFFE, Kim",The Nationals,False,Coalition,13242,41301,True
vic_la_2022,Shepparton,shepparton,general-election,https://www.vec.vic.gov.au/results/state-election-results/2022-state-election-results/results-by-district/shepparton-district-results,068da5aa4cfa54e0199eec71c37d8b12d48abf0ac0eec5d348e749eeb1559b24,2,"CHRISTOE, Ian",Australian Greens,False,Greens,1056,41301,True
vic_la_2022,Shepparton,shepparton,general-election,https://www.vec.vic.gov.au/results/state-election-results/2022-state-election-results/results-by-district/shepparton-district-results,068da5aa4cfa54e0199eec71c37d8b12d48abf0ac0eec5d348e749eeb1559b24,3,"TAYLOR, Katherine",Animal Justice Party,False,Other/Independent,515,41301,True
vic_la_2022,Shepparton,shepparton,general-election,https://www.vec.vic.gov.au/results/state-election-results/2022-state-election-results/results-by-district/shepparton-district-results,068da5aa4cfa54e0199eec71c37d8b12d48abf0ac0eec5d348e749eeb1559b24,4,"McGRATH, Sueie",Labour DLP,False,Other/Independent,882,41301,True
vic_la_2022,Shepparton,shepparton,general-election,https://www.vec.vic.gov.au/results/state-election-results/2022-state-election-results/results-by-district/shepparton-district-results,068da5aa4cfa54e0199eec71c37d8b12d48abf0ac0eec5d348e749eeb1559b24,5,"TEASDALE, Diane M.",Freedom Party of Victoria,False,Other/Independent,807,41301,True
vic_la_2022,Shepparton,shepparton,general-election,https://www.vec.vic.gov.au/results/state-election-results/2022-state-election-results/results-by-district/shepparton-district-results,068da5aa4cfa54e0199eec71c37d8b12d48abf0ac0eec5d348e749eeb1559b24,6,"COWAN, Liam",Australian Labor Party - Victorian Branch,False,ALP,3285,41301,True
vic_la_2022,Shepparton,shepparton,general-election,https://www.vec.vic.gov.au/results/state-election-results/2022-state-election-results/results-by-district/shepparton-district-results,068da5aa4cfa54e0199eec71c37d8b12d48abf0ac0eec5d348e749eeb1559b24,7,"HAMMER, Cheryl",Liberal,False,Coalition,8491,41301,True
vic_la_2022,Shepparton,shepparton,general-election,https://www.vec.vic.gov.au/results/state-election-results/2022-state-election-results/results-by-district/shepparton-district-results,068da5aa4cfa54e0199eec71c37d8b12d48abf0ac0eec5d348e749eeb1559b24,8,"SHEED, Suzanna",,True,Other/Independent,12146,41301,True
vic_la_2022,Shepparton,shepparton,general-election,https://www.vec.vic.gov.au/results/state-election-results/2022-state-election-results/results-by-district/shepparton-district-results,068da5aa4cfa54e0199eec71c37d8b12d48abf0ac0eec5d348e749eeb1559b24,9,"WHITE, Alison",Family First Victoria,False,Other/Independent,877,41301,True
vic_la_2022,South Barwon,south-barwon,general-election,https://www.vec.vic.gov.au/results/state-election-results/2022-state-election-results/results-by-district/south-barwon-district-results,8f8abcc7a9ed047395322749b0be82c74816a58d0d42dad5dae53ac4d9b0daa2,1,"KATOS, Andrew",Liberal,False,Coalition,14516,45184,True
vic_la_2022,South Barwon,south-barwon,general-election,https://www.vec.vic.gov.au/results/state-election-results/2022-state-election-results/results-by-district/south-barwon-district-results,8f8abcc7a9ed047395322749b0be82c74816a58d0d42dad5dae53ac4d9b0daa2,2,"DEAN, Jeynelle Marie",Derryn Hinch's Justice Party,False,Other/Independent,891,45184,True
vic_la_2022,South Barwon,south-barwon,general-election,https://www.vec.vic.gov.au/results/state-election-results/2022-state-election-results/results-by-district/south-barwon-district-results,8f8abcc7a9ed047395322749b0be82c74816a58d0d42dad5dae53ac4d9b0daa2,3,"DAWSON-SCOTT, Genevieve Frances",Australian Greens,False,Greens,5719,45184,True
vic_la_2022,South Barwon,south-barwon,general-election,https://www.vec.vic.gov.au/results/state-election-results/2022-state-election-results/results-by-district/south-barwon-district-results,8f8abcc7a9ed047395322749b0be82c74816a58d0d42dad5dae53ac4d9b0daa2,4,"BATES, Leone",Labour DLP,False,Other/Independent,1099,45184,True
vic_la_2022,South Barwon,south-barwon,general-election,https://www.vec.vic.gov.au/results/state-election-results/2022-state-election-results/results-by-district/south-barwon-district-results,8f8abcc7a9ed047395322749b0be82c74816a58d0d42dad5dae53ac4d9b0daa2,5,"BARRON, Alan",Family First Victoria,False,Other/Independent,1338,45184,True
vic_la_2022,South Barwon,south-barwon,general-election,https://www.vec.vic.gov.au/results/state-election-results/2022-state-election-results/results-by-district/south-barwon-district-results,8f8abcc7a9ed047395322749b0be82c74816a58d0d42dad5dae53ac4d9b0daa2,6,"ADAMS, Naomi",Animal Justice Party,False,Other/Independent,1076,45184,True
vic_la_2022,South Barwon,south-barwon,general-election,https://www.vec.vic.gov.au/results/state-election-results/2022-state-election-results/results-by-district/south-barwon-district-results,8f8abcc7a9ed047395322749b0be82c74816a58d0d42dad5dae53ac4d9b0daa2,7,"TOMLINSON, Simone",Freedom Party of Victoria,False,Other/Independent,576,45184,True
vic_la_2022,South Barwon,south-barwon,general-election,https://www.vec.vic.gov.au/results/state-election-results/2022-state-election-results/results-by-district/south-barwon-district-results,8f8abcc7a9ed047395322749b0be82c74816a58d0d42dad5dae53ac4d9b0daa2,8,"CHEESEMAN, Darren",Australian Labor Party - Victorian Branch,False,ALP,19969,45184,True
vic_la_2022,South-West Coast,south-west-coast,general-election,https://www.vec.vic.gov.au/results/state-election-results/2022-state-election-results/results-by-district/south-west-coast-district-results,aff157f76de7cf120f08105a75fd7442809adafce1270b226e01d2ad3f8d518e,1,"PURCELL, James",,True,Other/Independent,2737,45496,True
vic_la_2022,South-West Coast,south-west-coast,general-election,https://www.vec.vic.gov.au/results/state-election-results/2022-state-election-results/results-by-district/south-west-coast-district-results,aff157f76de7cf120f08105a75fd7442809adafce1270b226e01d2ad3f8d518e,2,"DOUKAS, Jim",,True,Other/Independent,1865,45496,True
vic_la_2022,South-West Coast,south-west-coast,general-election,https://www.vec.vic.gov.au/results/state-election-results/2022-state-election-results/results-by-district/south-west-coast-district-results,aff157f76de7cf120f08105a75fd7442809adafce1270b226e01d2ad3f8d518e,3,"McCLUSKEY, Michael",,True,Other/Independent,616,45496,True
vic_la_2022,South-West Coast,south-west-coast,general-election,https://www.vec.vic.gov.au/results/state-election-results/2022-state-election-results/results-by-district/south-west-coast-district-results,aff157f76de7cf120f08105a75fd7442809adafce1270b226e01d2ad3f8d518e,4,"GRIMLEY, James Brash",Derryn Hinch's Justice Party,False,Other/Independent,488,45496,True
vic_la_2022,South-West Coast,south-west-coast,general-election,https://www.vec.vic.gov.au/results/state-election-results/2022-state-election-results/results-by-district/south-west-coast-district-results,aff157f76de7cf120f08105a75fd7442809adafce1270b226e01d2ad3f8d518e,5,"ALTMANN, Carol",,True,Other/Independent,6564,45496,True
vic_la_2022,South-West Coast,south-west-coast,general-election,https://www.vec.vic.gov.au/results/state-election-results/2022-state-election-results/results-by-district/south-west-coast-district-results,aff157f76de7cf120f08105a75fd7442809adafce1270b226e01d2ad3f8d518e,6,"BRUNT, Chris",Family First Victoria,False,Other/Independent,924,45496,True
vic_la_2022,South-West Coast,south-west-coast,general-election,https://www.vec.vic.gov.au/results/state-election-results/2022-state-election-results/results-by-district/south-west-coast-district-results,aff157f76de7cf120f08105a75fd7442809adafce1270b226e01d2ad3f8d518e,7,"ANDERSON, Jacinta",Animal Justice Party,False,Other/Independent,688,45496,True
vic_la_2022,South-West Coast,south-west-coast,general-election,https://www.vec.vic.gov.au/results/state-election-results/2022-state-election-results/results-by-district/south-west-coast-district-results,aff157f76de7cf120f08105a75fd7442809adafce1270b226e01d2ad3f8d518e,8,"GASTON, Kylie",Australian Labor Party - Victorian Branch,False,ALP,9640,45496,True
vic_la_2022,South-West Coast,south-west-coast,general-election,https://www.vec.vic.gov.au/results/state-election-results/2022-state-election-results/results-by-district/south-west-coast-district-results,aff157f76de7cf120f08105a75fd7442809adafce1270b226e01d2ad3f8d518e,9,"CAMPBELL, Thomas",Australian Greens,False,Greens,2457,45496,True
vic_la_2022,South-West Coast,south-west-coast,general-election,https://www.vec.vic.gov.au/results/state-election-results/2022-state-election-results/results-by-district/south-west-coast-district-results,aff157f76de7cf120f08105a75fd7442809adafce1270b226e01d2ad3f8d518e,10,"BRITNELL, Roma",Liberal,False,Coalition,19517,45496,True
vic_la_2022,St Albans,st-albans,general-election,https://www.vec.vic.gov.au/results/state-election-results/2022-state-election-results/results-by-district/st-albans-district-results,173e73029371de6174cb2c66bfba348b1d68915c982a9c48c8d87555730a8e18,1,"KERR, Maria",Liberal,False,Coalition,9066,35716,True
vic_la_2022,St Albans,st-albans,general-election,https://www.vec.vic.gov.au/results/state-election-results/2022-state-election-results/results-by-district/st-albans-district-results,173e73029371de6174cb2c66bfba348b1d68915c982a9c48c8d87555730a8e18,2,"HOBART, Mark",Labour DLP,False,Other/Independent,2735,35716,True
vic_la_2022,St Albans,st-albans,general-election,https://www.vec.vic.gov.au/results/state-election-results/2022-state-election-results/results-by-district/st-albans-district-results,173e73029371de6174cb2c66bfba348b1d68915c982a9c48c8d87555730a8e18,3,"RUDD, Van Thanh",Victorian Socialists,False,Other/Independent,2367,35716,True
vic_la_2022,St Albans,st-albans,general-election,https://www.vec.vic.gov.au/results/state-election-results/2022-state-election-results/results-by-district/st-albans-district-results,173e73029371de6174cb2c66bfba348b1d68915c982a9c48c8d87555730a8e18,4,"WALTON, Russell",Family First Victoria,False,Other/Independent,1038,35716,True
vic_la_2022,St Albans,st-albans,general-election,https://www.vec.vic.gov.au/results/state-election-results/2022-state-election-results/results-by-district/st-albans-district-results,173e73029371de6174cb2c66bfba348b1d68915c982a9c48c8d87555730a8e18,5,"SULEYMAN, Natalie",Australian Labor Party - Victorian Branch,False,ALP,15094,35716,True
vic_la_2022,St Albans,st-albans,general-election,https://www.vec.vic.gov.au/results/state-election-results/2022-state-election-results/results-by-district/st-albans-district-results,173e73029371de6174cb2c66bfba348b1d68915c982a9c48c8d87555730a8e18,6,"MANNAN, Zaffer",New Democrats,False,Other/Independent,192,35716,True
vic_la_2022,St Albans,st-albans,general-election,https://www.vec.vic.gov.au/results/state-election-results/2022-state-election-results/results-by-district/st-albans-district-results,173e73029371de6174cb2c66bfba348b1d68915c982a9c48c8d87555730a8e18,7,"BENTLEY, Joel",Australian Greens,False,Greens,2416,35716,True
vic_la_2022,St Albans,st-albans,general-election,https://www.vec.vic.gov.au/results/state-election-results/2022-state-election-results/results-by-district/st-albans-district-results,173e73029371de6174cb2c66bfba348b1d68915c982a9c48c8d87555730a8e18,8,"TACHOS, Virginia",,True,Other/Independent,1152,35716,True
vic_la_2022,St Albans,st-albans,general-election,https://www.vec.vic.gov.au/results/state-election-results/2022-state-election-results/results-by-district/st-albans-district-results,173e73029371de6174cb2c66bfba348b1d68915c982a9c48c8d87555730a8e18,9,"CULLEN, Kim J.",Freedom Party of Victoria,False,Other/Independent,874,35716,True
vic_la_2022,St Albans,st-albans,general-election,https://www.vec.vic.gov.au/results/state-election-results/2022-state-election-results/results-by-district/st-albans-district-results,173e73029371de6174cb2c66bfba348b1d68915c982a9c48c8d87555730a8e18,10,"CARACASSIS, Jason",Animal Justice Party,False,Other/Independent,782,35716,True
vic_la_2022,Sunbury,sunbury,general-election,https://www.vec.vic.gov.au/results/state-election-results/2022-state-election-results/results-by-district/sunbury-district-results,a883ceb6add6046ac40fd9203a9aa80752340cabfce613a785d26cafff3939fa,1,"MOHR, Rohanna",Animal Justice Party,False,Other/Independent,1537,37706,True
vic_la_2022,Sunbury,sunbury,general-election,https://www.vec.vic.gov.au/results/state-election-results/2022-state-election-results/results-by-district/sunbury-district-results,a883ceb6add6046ac40fd9203a9aa80752340cabfce613a785d26cafff3939fa,2,"PACE, Charles",Family First Victoria,False,Other/Independent,1445,37706,True
vic_la_2022,Sunbury,sunbury,general-election,https://www.vec.vic.gov.au/results/state-election-results/2022-state-election-results/results-by-district/sunbury-district-results,a883ceb6add6046ac40fd9203a9aa80752340cabfce613a785d26cafff3939fa,3,"COTTOM, Simmone",Liberal,False,Coalition,11895,37706,True
vic_la_2022,Sunbury,sunbury,general-election,https://www.vec.vic.gov.au/results/state-election-results/2022-state-election-results/results-by-district/sunbury-district-results,a883ceb6add6046ac40fd9203a9aa80752340cabfce613a785d26cafff3939fa,4,"BAYLISS, Peter",Labour DLP,False,Other/Independent,1317,37706,True
vic_la_2022,Sunbury,sunbury,general-election,https://www.vec.vic.gov.au/results/state-election-results/2022-state-election-results/results-by-district/sunbury-district-results,a883ceb6add6046ac40fd9203a9aa80752340cabfce613a785d26cafff3939fa,5,"BULL, Josh",Australian Labor Party - Victorian Branch,False,ALP,16253,37706,True
vic_la_2022,Sunbury,sunbury,general-election,https://www.vec.vic.gov.au/results/state-election-results/2022-state-election-results/results-by-district/sunbury-district-results,a883ceb6add6046ac40fd9203a9aa80752340cabfce613a785d26cafff3939fa,6,"GALLAGHER, James",Victorian Socialists,False,Other/Independent,1164,37706,True
vic_la_2022,Sunbury,sunbury,general-election,https://www.vec.vic.gov.au/results/state-election-results/2022-state-election-results/results-by-district/sunbury-district-results,a883ceb6add6046ac40fd9203a9aa80752340cabfce613a785d26cafff3939fa,7,"BURKE, Richard",Australian Greens,False,Greens,2459,37706,True
vic_la_2022,Sunbury,sunbury,general-election,https://www.vec.vic.gov.au/results/state-election-results/2022-state-election-results/results-by-district/sunbury-district-results,a883ceb6add6046ac40fd9203a9aa80752340cabfce613a785d26cafff3939fa,8,"PATEL, Rushi Vijaykumar",New Democrats,False,Other/Independent,204,37706,True
vic_la_2022,Sunbury,sunbury,general-election,https://www.vec.vic.gov.au/results/state-election-results/2022-state-election-results/results-by-district/sunbury-district-results,a883ceb6add6046ac40fd9203a9aa80752340cabfce613a785d26cafff3939fa,9,"PINCINI, Laurence",,True,Other/Independent,1432,37706,True
vic_la_2022,Sydenham,sydenham,general-election,https://www.vec.vic.gov.au/results/state-election-results/2022-state-election-results/results-by-district/sydenham-district-results,e677285247beeade2089edb47e3fdc4af9fbaf1b48aac4a666ebe50a1e5d0b46,1,"TAWADROS, Marvet",Family First Victoria,False,Other/Independent,2818,43665,True
vic_la_2022,Sydenham,sydenham,general-election,https://www.vec.vic.gov.au/results/state-election-results/2022-state-election-results/results-by-district/sydenham-district-results,e677285247beeade2089edb47e3fdc4af9fbaf1b48aac4a666ebe50a1e5d0b46,2,"CHLIHI, Hajar",Victorian Socialists,False,Other/Independent,1977,43665,True
vic_la_2022,Sydenham,sydenham,general-election,https://www.vec.vic.gov.au/results/state-election-results/2022-state-election-results/results-by-district/sydenham-district-results,e677285247beeade2089edb47e3fdc4af9fbaf1b48aac4a666ebe50a1e5d0b46,3,"HUTCHINS, Natalie",Australian Labor Party - Victorian Branch,False,ALP,18978,43665,True
vic_la_2022,Sydenham,sydenham,general-election,https://www.vec.vic.gov.au/results/state-election-results/2022-state-election-results/results-by-district/sydenham-district-results,e677285247beeade2089edb47e3fdc4af9fbaf1b48aac4a666ebe50a1e5d0b46,4,"CULLIA, Joseph",Liberal,False,Coalition,12661,43665,True
vic_la_2022,Sydenham,sydenham,general-election,https://www.vec.vic.gov.au/results/state-election-results/2022-state-election-results/results-by-district/sydenham-district-results,e677285247beeade2089edb47e3fdc4af9fbaf1b48aac4a666ebe50a1e5d0b46,5,"LEUNG, Karina",Animal Justice Party,False,Other/Independent,1095,43665,True
vic_la_2022,Sydenham,sydenham,general-election,https://www.vec.vic.gov.au/results/state-election-results/2022-state-election-results/results-by-district/sydenham-district-results,e677285247beeade2089edb47e3fdc4af9fbaf1b48aac4a666ebe50a1e5d0b46,6,"RALPH, Maggie",Australian Greens,False,Greens,2547,43665,True
vic_la_2022,Sydenham,sydenham,general-election,https://www.vec.vic.gov.au/results/state-election-results/2022-state-election-results/results-by-district/sydenham-district-results,e677285247beeade2089edb47e3fdc4af9fbaf1b48aac4a666ebe50a1e5d0b46,7,"RAMOS, Alejandro",Freedom Party of Victoria,False,Other/Independent,1672,43665,True
vic_la_2022,Sydenham,sydenham,general-election,https://www.vec.vic.gov.au/results/state-election-results/2022-state-election-results/results-by-district/sydenham-district-results,e677285247beeade2089edb47e3fdc4af9fbaf1b48aac4a666ebe50a1e5d0b46,8,"RADOVANI, Jakueline",Labour DLP,False,Other/Independent,1917,43665,True
vic_la_2022,Tarneit,tarneit,general-election,https://www.vec.vic.gov.au/results/state-election-results/2022-state-election-results/results-by-district/tarneit-district-results,e349956fa4097d7aaa54994fb3b10397980a3dd83108285df321ea5aa678fec5,1,"PATEL, Jaydeep",New Democrats,False,Other/Independent,1176,38978,True
vic_la_2022,Tarneit,tarneit,general-election,https://www.vec.vic.gov.au/results/state-election-results/2022-state-election-results/results-by-district/tarneit-district-results,e349956fa4097d7aaa54994fb3b10397980a3dd83108285df321ea5aa678fec5,2,"MOINUDDIN, Aijaz",,True,Other/Independent,534,38978,True
vic_la_2022,Tarneit,tarneit,general-election,https://www.vec.vic.gov.au/results/state-election-results/2022-state-election-results/results-by-district/tarneit-district-results,e349956fa4097d7aaa54994fb3b10397980a3dd83108285df321ea5aa678fec5,3,"URIBE, Claudio",Victorian Socialists,False,Other/Independent,2072,38978,True
vic_la_2022,Tarneit,tarneit,general-election,https://www.vec.vic.gov.au/results/state-election-results/2022-state-election-results/results-by-district/tarneit-district-results,e349956fa4097d7aaa54994fb3b10397980a3dd83108285df321ea5aa678fec5,4,"WIGHT, Dylan",Australian Labor Party - Victorian Branch,False,ALP,18173,38978,True
vic_la_2022,Tarneit,tarneit,general-election,https://www.vec.vic.gov.au/results/state-election-results/2022-state-election-results/results-by-district/tarneit-district-results,e349956fa4097d7aaa54994fb3b10397980a3dd83108285df321ea5aa678fec5,5,"MILLER, Clare",Australian Greens,False,Greens,2883,38978,True
vic_la_2022,Tarneit,tarneit,general-election,https://www.vec.vic.gov.au/results/state-election-results/2022-state-election-results/results-by-district/tarneit-district-results,e349956fa4097d7aaa54994fb3b10397980a3dd83108285df321ea5aa678fec5,6,"JEFFREY, Thomas",Family First Victoria,False,Other/Independent,1977,38978,True
vic_la_2022,Tarneit,tarneit,general-election,https://www.vec.vic.gov.au/results/state-election-results/2022-state-election-results/results-by-district/tarneit-district-results,e349956fa4097d7aaa54994fb3b10397980a3dd83108285df321ea5aa678fec5,7,"MAQSOOD, Erum",Freedom Party of Victoria,False,Other/Independent,882,38978,True
vic_la_2022,Tarneit,tarneit,general-election,https://www.vec.vic.gov.au/results/state-election-results/2022-state-election-results/results-by-district/tarneit-district-results,e349956fa4097d7aaa54994fb3b10397980a3dd83108285df321ea5aa678fec5,8,"SINGH, Preet",Liberal,False,Coalition,10438,38978,True
vic_la_2022,Tarneit,tarneit,general-election,https://www.vec.vic.gov.au/results/state-election-results/2022-state-election-results/results-by-district/tarneit-district-results,e349956fa4097d7aaa54994fb3b10397980a3dd83108285df321ea5aa678fec5,9,"RAHN, Maurita",Animal Justice Party,False,Other/Independent,843,38978,True
vic_la_2022,Thomastown,thomastown,general-election,https://www.vec.vic.gov.au/results/state-election-results/2022-state-election-results/results-by-district/thomastown-district-results,44adecd12c15f0df6f59babed9868fba596b21ee9b271d16eeebc3f5ed3a7ab2,1,"SINGH, Gurdawar",Liberal,False,Coalition,9003,37476,True
vic_la_2022,Thomastown,thomastown,general-election,https://www.vec.vic.gov.au/results/state-election-results/2022-state-election-results/results-by-district/thomastown-district-results,44adecd12c15f0df6f59babed9868fba596b21ee9b271d16eeebc3f5ed3a7ab2,2,"McNAMARA, Colleen",Family First Victoria,False,Other/Independent,2571,37476,True
vic_la_2022,Thomastown,thomastown,general-election,https://www.vec.vic.gov.au/results/state-election-results/2022-state-election-results/results-by-district/thomastown-district-results,44adecd12c15f0df6f59babed9868fba596b21ee9b271d16eeebc3f5ed3a7ab2,3,"LEVENS, Evie",Animal Justice Party,False,Other/Independent,1076,37476,True
vic_la_2022,Thomastown,thomastown,general-election,https://www.vec.vic.gov.au/results/state-election-results/2022-state-election-results/results-by-district/thomastown-district-results,44adecd12c15f0df6f59babed9868fba596b21ee9b271d16eeebc3f5ed3a7ab2,4,"HALFPENNY, Bronwyn",Australian Labor Party - Victorian Branch,False,ALP,19396,37476,True
vic_la_2022,Thomastown,thomastown,general-election,https://www.vec.vic.gov.au/results/state-election-results/2022-state-election-results/results-by-district/thomastown-district-results,44adecd12c15f0df6f59babed9868fba596b21ee9b271d16eeebc3f5ed3a7ab2,5,"SINAPI, Matt",Australian Greens,False,Greens,2557,37476,True
vic_la_2022,Thomastown,thomastown,general-election,https://www.vec.vic.gov.au/results/state-election-results/2022-state-election-results/results-by-district/thomastown-district-results,44adecd12c15f0df6f59babed9868fba596b21ee9b271d16eeebc3f5ed3a7ab2,6,"CVETKOVA, Kelly",Victorian Socialists,False,Other/Independent,2873,37476,True
vic_la_2022,Warrandyte,warrandyte,general-election,https://www.vec.vic.gov.au/results/state-election-results/2022-state-election-results/results-by-district/warrandyte-district-results,e5319221e65608c1688b11423dbdb731f27988dbc10e3ed9767cc5e15dd5e967,1,"OAKLEY, Naomi",Australian Labor Party - Victorian Branch,False,ALP,14946,45075,True
vic_la_2022,Warrandyte,warrandyte,general-election,https://www.vec.vic.gov.au/results/state-election-results/2022-state-election-results/results-by-district/warrandyte-district-results,e5319221e65608c1688b11423dbdb731f27988dbc10e3ed9767cc5e15dd5e967,2,"RAE, Nicola",Animal Justice Party,False,Other/Independent,1020,45075,True
vic_la_2022,Warrandyte,warrandyte,general-election,https://www.vec.vic.gov.au/results/state-election-results/2022-state-election-results/results-by-district/warrandyte-district-results,e5319221e65608c1688b11423dbdb731f27988dbc10e3ed9767cc5e15dd5e967,3,"JOSHI, Deepak",Australian Greens,False,Greens,5283,45075,True
vic_la_2022,Warrandyte,warrandyte,general-election,https://www.vec.vic.gov.au/results/state-election-results/2022-state-election-results/results-by-district/warrandyte-district-results,e5319221e65608c1688b11423dbdb731f27988dbc10e3ed9767cc5e15dd5e967,4,"VERNAY, Richard",Family First Victoria,False,Other/Independent,1823,45075,True
vic_la_2022,Warrandyte,warrandyte,general-election,https://www.vec.vic.gov.au/results/state-election-results/2022-state-election-results/results-by-district/warrandyte-district-results,e5319221e65608c1688b11423dbdb731f27988dbc10e3ed9767cc5e15dd5e967,5,"PILLI, Cynthia",,True,Other/Independent,659,45075,True
vic_la_2022,Warrandyte,warrandyte,general-election,https://www.vec.vic.gov.au/results/state-election-results/2022-state-election-results/results-by-district/warrandyte-district-results,e5319221e65608c1688b11423dbdb731f27988dbc10e3ed9767cc5e15dd5e967,6,"SMITH, Ryan",Liberal,False,Coalition,21344,45075,True
vic_la_2022,Wendouree,wendouree,general-election,https://www.vec.vic.gov.au/results/state-election-results/2022-state-election-results/results-by-district/wendouree-district-results,7e96317c2881ad44830930b6827dcd3966299e6092a98c266e5def27a279e00e,1,"HARKNESS, Ian",Family First Victoria,False,Other/Independent,1616,42175,True
vic_la_2022,Wendouree,wendouree,general-election,https://www.vec.vic.gov.au/results/state-election-results/2022-state-election-results/results-by-district/wendouree-district-results,7e96317c2881ad44830930b6827dcd3966299e6092a98c266e5def27a279e00e,2,"HILLS, Bryn",Animal Justice Party,False,Other/Independent,1602,42175,True
vic_la_2022,Wendouree,wendouree,general-election,https://www.vec.vic.gov.au/results/state-election-results/2022-state-election-results/results-by-district/wendouree-district-results,7e96317c2881ad44830930b6827dcd3966299e6092a98c266e5def27a279e00e,3,"McINTOSH, Samantha",Liberal,False,Coalition,12548,42175,True
vic_la_2022,Wendouree,wendouree,general-election,https://www.vec.vic.gov.au/results/state-election-results/2022-state-election-results/results-by-district/wendouree-district-results,7e96317c2881ad44830930b6827dcd3966299e6092a98c266e5def27a279e00e,4,"ADDISON, Juliana",Australian Labor Party - Victorian Branch,False,ALP,20059,42175,True
vic_la_2022,Wendouree,wendouree,general-election,https://www.vec.vic.gov.au/results/state-election-results/2022-state-election-results/results-by-district/wendouree-district-results,7e96317c2881ad44830930b6827dcd3966299e6092a98c266e5def27a279e00e,5,"ECKEL, Bren",,True,Other/Independent,455,42175,True
vic_la_2022,Wendouree,wendouree,general-election,https://www.vec.vic.gov.au/results/state-election-results/2022-state-election-results/results-by-district/wendouree-district-results,7e96317c2881ad44830930b6827dcd3966299e6092a98c266e5def27a279e00e,6,"COLBERT, Dianne",Labour DLP,False,Other/Independent,1509,42175,True
vic_la_2022,Wendouree,wendouree,general-election,https://www.vec.vic.gov.au/results/state-election-results/2022-state-election-results/results-by-district/wendouree-district-results,7e96317c2881ad44830930b6827dcd3966299e6092a98c266e5def27a279e00e,7,"BURNS, Ellen",Australian Greens,False,Greens,4386,42175,True
vic_la_2022,Werribee,werribee,general-election,https://www.vec.vic.gov.au/results/state-election-results/2022-state-election-results/results-by-district/werribee-district-results,c05f294ee417501426a725b96e11cc6a48b658c9e38390a8c06daa86db9a70a6,1,"PALLAS, Tim",Australian Labor Party - Victorian Branch,False,ALP,17512,38603,True
vic_la_2022,Werribee,werribee,general-election,https://www.vec.vic.gov.au/results/state-election-results/2022-state-election-results/results-by-district/werribee-district-results,c05f294ee417501426a725b96e11cc6a48b658c9e38390a8c06daa86db9a70a6,2,"WICKS, Patricia Anne",Derryn Hinch's Justice Party,False,Other/Independent,709,38603,True
vic_la_2022,Werribee,werribee,general-election,https://www.vec.vic.gov.au/results/state-election-results/2022-state-election-results/results-by-district/werribee-district-results,c05f294ee417501426a725b96e11cc6a48b658c9e38390a8c06daa86db9a70a6,3,"BARCATTA, Patrizia",,True,Other/Independent,213,38603,True
vic_la_2022,Werribee,werribee,general-election,https://www.vec.vic.gov.au/results/state-election-results/2022-state-election-results/results-by-district/werribee-district-results,c05f294ee417501426a725b96e11cc6a48b658c9e38390a8c06daa86db9a70a6,4,"BREAKWELL, Kathryn",Labour DLP,False,Other/Independent,767,38603,True
vic_la_2022,Werribee,werribee,general-election,https://www.vec.vic.gov.au/results/state-election-results/2022-state-election-results/results-by-district/werribee-district-results,c05f294ee417501426a725b96e11cc6a48b658c9e38390a8c06daa86db9a70a6,5,"KWAN, Heni Cazlynn",,True,Other/Independent,45,38603,True
vic_la_2022,Werribee,werribee,general-election,https://www.vec.vic.gov.au/results/state-election-results/2022-state-election-results/results-by-district/werribee-district-results,c05f294ee417501426a725b96e11cc6a48b658c9e38390a8c06daa86db9a70a6,6,"BODDEKE, Jack",Australian Greens,False,Greens,2613,38603,True
vic_la_2022,Werribee,werribee,general-election,https://www.vec.vic.gov.au/results/state-election-results/2022-state-election-results/results-by-district/werribee-district-results,c05f294ee417501426a725b96e11cc6a48b658c9e38390a8c06daa86db9a70a6,7,"SHAW, Mia",Liberal,False,Coalition,9779,38603,True
vic_la_2022,Werribee,werribee,general-election,https://www.vec.vic.gov.au/results/state-election-results/2022-state-election-results/results-by-district/werribee-district-results,c05f294ee417501426a725b96e11cc6a48b658c9e38390a8c06daa86db9a70a6,8,"MUNRO, Sue",Victorian Socialists,False,Other/Independent,1391,38603,True
vic_la_2022,Werribee,werribee,general-election,https://www.vec.vic.gov.au/results/state-election-results/2022-state-election-results/results-by-district/werribee-district-results,c05f294ee417501426a725b96e11cc6a48b658c9e38390a8c06daa86db9a70a6,9,"TANDON, Prashant",New Democrats,False,Other/Independent,319,38603,True
vic_la_2022,Werribee,werribee,general-election,https://www.vec.vic.gov.au/results/state-election-results/2022-state-election-results/results-by-district/werribee-district-results,c05f294ee417501426a725b96e11cc6a48b658c9e38390a8c06daa86db9a70a6,10,"SEGRAVE, Josh",Animal Justice Party,False,Other/Independent,730,38603,True
vic_la_2022,Werribee,werribee,general-election,https://www.vec.vic.gov.au/results/state-election-results/2022-state-election-results/results-by-district/werribee-district-results,c05f294ee417501426a725b96e11cc6a48b658c9e38390a8c06daa86db9a70a6,11,"HOPPER, Paul",,True,Other/Independent,2278,38603,True
vic_la_2022,Werribee,werribee,general-election,https://www.vec.vic.gov.au/results/state-election-results/2022-state-election-results/results-by-district/werribee-district-results,c05f294ee417501426a725b96e11cc6a48b658c9e38390a8c06daa86db9a70a6,12,"EMERSON, Matthew",Family First Victoria,False,Other/Independent,964,38603,True
vic_la_2022,Werribee,werribee,general-election,https://www.vec.vic.gov.au/results/state-election-results/2022-state-election-results/results-by-district/werribee-district-results,c05f294ee417501426a725b96e11cc6a48b658c9e38390a8c06daa86db9a70a6,13,"HOGAN, Karen",Health Australia Party,False,Other/Independent,260,38603,True
vic_la_2022,Werribee,werribee,general-election,https://www.vec.vic.gov.au/results/state-election-results/2022-state-election-results/results-by-district/werribee-district-results,c05f294ee417501426a725b96e11cc6a48b658c9e38390a8c06daa86db9a70a6,14,"STROTHER, Mark",Freedom Party of Victoria,False,Other/Independent,663,38603,True
vic_la_2022,Werribee,werribee,general-election,https://www.vec.vic.gov.au/results/state-election-results/2022-state-election-results/results-by-district/werribee-district-results,c05f294ee417501426a725b96e11cc6a48b658c9e38390a8c06daa86db9a70a6,15,"COLLINS, Trevor Russell",Transport Matters,False,Other/Independent,360,38603,True
vic_la_2022,Williamstown,williamstown,general-election,https://www.vec.vic.gov.au/results/state-election-results/2022-state-election-results/results-by-district/williamstown-district-results,562b90051a94a244d0e6804045e7b7930223a2e48171de9325ccad852fe407a4,1,"FISHER, Rochelle",Labour DLP,False,Other/Independent,1632,38974,True
vic_la_2022,Williamstown,williamstown,general-election,https://www.vec.vic.gov.au/results/state-election-results/2022-state-election-results/results-by-district/williamstown-district-results,562b90051a94a244d0e6804045e7b7930223a2e48171de9325ccad852fe407a4,2,"KELLANDER, Daria",Liberal,False,Coalition,10928,38974,True
vic_la_2022,Williamstown,williamstown,general-election,https://www.vec.vic.gov.au/results/state-election-results/2022-state-election-results/results-by-district/williamstown-district-results,562b90051a94a244d0e6804045e7b7930223a2e48171de9325ccad852fe407a4,3,"MOSELY, Joshua",Family First Victoria,False,Other/Independent,675,38974,True
vic_la_2022,Williamstown,williamstown,general-election,https://www.vec.vic.gov.au/results/state-election-results/2022-state-election-results/results-by-district/williamstown-district-results,562b90051a94a244d0e6804045e7b7930223a2e48171de9325ccad852fe407a4,4,"ANSALONE, Alexander",Freedom Party of Victoria,False,Other/Independent,976,38974,True
vic_la_2022,Williamstown,williamstown,general-election,https://www.vec.vic.gov.au/results/state-election-results/2022-state-election-results/results-by-district/williamstown-district-results,562b90051a94a244d0e6804045e7b7930223a2e48171de9325ccad852fe407a4,5,"MACANDILI, Julien Q.",Victorian Socialists,False,Other/Independent,1528,38974,True
vic_la_2022,Williamstown,williamstown,general-election,https://www.vec.vic.gov.au/results/state-election-results/2022-state-election-results/results-by-district/williamstown-district-results,562b90051a94a244d0e6804045e7b7930223a2e48171de9325ccad852fe407a4,6,"HORNE, Melissa",Australian Labor Party - Victorian Branch,False,ALP,16173,38974,True
vic_la_2022,Williamstown,williamstown,general-election,https://www.vec.vic.gov.au/results/state-election-results/2022-state-election-results/results-by-district/williamstown-district-results,562b90051a94a244d0e6804045e7b7930223a2e48171de9325ccad852fe407a4,7,"RODOREDA, Suzette",Australian Greens,False,Greens,6013,38974,True
vic_la_2022,Williamstown,williamstown,general-election,https://www.vec.vic.gov.au/results/state-election-results/2022-state-election-results/results-by-district/williamstown-district-results,562b90051a94a244d0e6804045e7b7930223a2e48171de9325ccad852fe407a4,8,"MACKEVICIUS, Patricia",Animal Justice Party,False,Other/Independent,1049,38974,True
vic_la_2022,Yan Yean,yan-yean,general-election,https://www.vec.vic.gov.au/results/state-election-results/2022-state-election-results/results-by-district/yan-yean-district-results,aad523c1a7236a3508b8be0aba9e75c8fe02b97d583379451597568412899a1a,1,"WOOLDRIDGE, Jack",Labour DLP,False,Other/Independent,2028,39419,True
vic_la_2022,Yan Yean,yan-yean,general-election,https://www.vec.vic.gov.au/results/state-election-results/2022-state-election-results/results-by-district/yan-yean-district-results,aad523c1a7236a3508b8be0aba9e75c8fe02b97d583379451597568412899a1a,2,"HALL, James",Family First Victoria,False,Other/Independent,1284,39419,True
vic_la_2022,Yan Yean,yan-yean,general-election,https://www.vec.vic.gov.au/results/state-election-results/2022-state-election-results/results-by-district/yan-yean-district-results,aad523c1a7236a3508b8be0aba9e75c8fe02b97d583379451597568412899a1a,3,"MASON, Samantha",Australian Greens,False,Greens,2537,39419,True
vic_la_2022,Yan Yean,yan-yean,general-election,https://www.vec.vic.gov.au/results/state-election-results/2022-state-election-results/results-by-district/yan-yean-district-results,aad523c1a7236a3508b8be0aba9e75c8fe02b97d583379451597568412899a1a,4,"GRIMLEY, Mandy Anne",Derryn Hinch's Justice Party,False,Other/Independent,793,39419,True
vic_la_2022,Yan Yean,yan-yean,general-election,https://www.vec.vic.gov.au/results/state-election-results/2022-state-election-results/results-by-district/yan-yean-district-results,aad523c1a7236a3508b8be0aba9e75c8fe02b97d583379451597568412899a1a,5,"WELCH, Richard",Liberal,False,Coalition,13361,39419,True
vic_la_2022,Yan Yean,yan-yean,general-election,https://www.vec.vic.gov.au/results/state-election-results/2022-state-election-results/results-by-district/yan-yean-district-results,aad523c1a7236a3508b8be0aba9e75c8fe02b97d583379451597568412899a1a,6,"KATHAGE, Lauren",Australian Labor Party - Victorian Branch,False,ALP,16328,39419,True
vic_la_2022,Yan Yean,yan-yean,general-election,https://www.vec.vic.gov.au/results/state-election-results/2022-state-election-results/results-by-district/yan-yean-district-results,aad523c1a7236a3508b8be0aba9e75c8fe02b97d583379451597568412899a1a,7,"KRSTIC, Alexandar","Shooters, Fishers & Farmers Vic",False,Other/Independent,1024,39419,True
vic_la_2022,Yan Yean,yan-yean,general-election,https://www.vec.vic.gov.au/results/state-election-results/2022-state-election-results/results-by-district/yan-yean-district-results,aad523c1a7236a3508b8be0aba9e75c8fe02b97d583379451597568412899a1a,8,"BOUROUTZIS, Con",Freedom Party of Victoria,False,Other/Independent,1021,39419,True
vic_la_2022,Yan Yean,yan-yean,general-election,https://www.vec.vic.gov.au/results/state-election-results/2022-state-election-results/results-by-district/yan-yean-district-results,aad523c1a7236a3508b8be0aba9e75c8fe02b97d583379451597568412899a1a,9,"PARRAMORE, Ruth",Animal Justice Party,False,Other/Independent,1043,39419,True
