election_id,district_name,district_id,contest,source_url,source_sha256,candidate_order,candidate_name,party_raw,independent_status,party_family,first_preference_votes,formal_votes,district_reconciled
vic_la_2018,Albert Park,albert-park,general-election,https://itsitecoreblobvecprd01.blob.core.windows.net/public-files/historical-results/state2018/albertparkdistrict.html,b40499a2074537eef9b043801bf5925d1511a660adc0ee7f84428c5221fdc891,1,"RAMSAY, Tamasin",ANIMAL JUSTICE PARTY,False,Other/Independent,1555,39858,True
vic_la_2018,Albert Park,albert-park,general-election,https://itsitecoreblobvecprd01.blob.core.windows.net/public-files/historical-results/state2018/albertparkdistrict.html,b40499a2074537eef9b043801bf5925d1511a660adc0ee7f84428c5221fdc891,2,"BOND, Andrew",LIBERAL,False,Coalition,12457,39858,True
vic_la_2018,Albert Park,albert-park,general-election,https://itsitecoreblobvecprd01.blob.core.windows.net/public-files/historical-results/state2018/albertparkdistrict.html,b40499a2074537eef9b043801bf5925d1511a660adc0ee7f84428c5221fdc891,3,"BARTLE, Jarryd",FIONA PATTEN'S REASON PARTY,False,Other/Independent,1079,39858,True
vic_la_2018,Albert Park,albert-park,general-election,https://itsitecoreblobvecprd01.blob.core.windows.net/public-files/historical-results/state2018/albertparkdistrict.html,b40499a2074537eef9b043801bf5925d1511a660adc0ee7f84428c5221fdc891,4,"ARMSTRONG, Steven",SUSTAINABLE AUSTRALIA,False,Other/Independent,597,39858,True
vic_la_2018,Albert Park,albert-park,general-election,https://itsitecoreblobvecprd01.blob.core.windows.net/public-files/historical-results/state2018/albertparkdistrict.html,b40499a2074537eef9b043801bf5925d1511a660adc0ee7f84428c5221fdc891,5,"TOSCANO, Joseph",,True,Other/Independent,282,39858,True
vic_la_2018,Albert Park,albert-park,general-election,https://itsitecoreblobvecprd01.blob.core.windows.net/public-files/historical-results/state2018/albertparkdistrict.html,b40499a2074537eef9b043801bf5925d1511a660adc0ee7f84428c5221fdc891,6,"SIMIC, Ogy",AUSTRALIAN GREENS,False,Greens,6601,39858,True
vic_la_2018,Albert Park,albert-park,general-election,https://itsitecoreblobvecprd01.blob.core.windows.net/public-files/historical-results/state2018/albertparkdistrict.html,b40499a2074537eef9b043801bf5925d1511a660adc0ee7f84428c5221fdc891,7,"FOLEY, Martin",AUSTRALIAN LABOR PARTY,False,ALP,17287,39858,True
vic_la_2018,Altona,altona,general-election,https://itsitecoreblobvecprd01.blob.core.windows.net/public-files/historical-results/state2018/altonadistrict.html,71b87225616d972e69befc5f349429b33ae379795860340ea76028b9fd56028b,1,"MARTINU, Christian",LIBERAL,False,Coalition,11194,46906,True
vic_la_2018,Altona,altona,general-election,https://itsitecoreblobvecprd01.blob.core.windows.net/public-files/historical-results/state2018/altonadistrict.html,71b87225616d972e69befc5f349429b33ae379795860340ea76028b9fd56028b,2,"HOOPER, Tony",,True,Other/Independent,5861,46906,True
vic_la_2018,Altona,altona,general-election,https://itsitecoreblobvecprd01.blob.core.windows.net/public-files/historical-results/state2018/altonadistrict.html,71b87225616d972e69befc5f349429b33ae379795860340ea76028b9fd56028b,3,"AYLWARD, Maria",,True,Other/Independent,1522,46906,True
vic_la_2018,Altona,altona,general-election,https://itsitecoreblobvecprd01.blob.core.windows.net/public-files/historical-results/state2018/altonadistrict.html,71b87225616d972e69befc5f349429b33ae379795860340ea76028b9fd56028b,4,"BYRNE, Emma-Jane",AUSTRALIAN GREENS,False,Greens,4217,46906,True
vic_la_2018,Altona,altona,general-election,https://itsitecoreblobvecprd01.blob.core.windows.net/public-files/historical-results/state2018/altonadistrict.html,71b87225616d972e69befc5f349429b33ae379795860340ea76028b9fd56028b,5,"HENNESSY, Jill",AUSTRALIAN LABOR PARTY,False,ALP,24112,46906,True
vic_la_2018,Bass,bass,general-election,https://itsitecoreblobvecprd01.blob.core.windows.net/public-files/historical-results/state2018/bassdistrict.html,7b62e7433054e7e37216437d72ed0b537321caa5997602bd124c4d31c2e4f5b0,1,"PAYNTER, Brian",LIBERAL,False,Coalition,20315,49589,True
vic_la_2018,Bass,bass,general-election,https://itsitecoreblobvecprd01.blob.core.windows.net/public-files/historical-results/state2018/bassdistrict.html,7b62e7433054e7e37216437d72ed0b537321caa5997602bd124c4d31c2e4f5b0,2,"LE SERVE, Clare",,True,Other/Independent,2212,49589,True
vic_la_2018,Bass,bass,general-election,https://itsitecoreblobvecprd01.blob.core.windows.net/public-files/historical-results/state2018/bassdistrict.html,7b62e7433054e7e37216437d72ed0b537321caa5997602bd124c4d31c2e4f5b0,3,"CRUGNALE, Jordan",AUSTRALIAN LABOR PARTY,False,ALP,19954,49589,True
vic_la_2018,Bass,bass,general-election,https://itsitecoreblobvecprd01.blob.core.windows.net/public-files/historical-results/state2018/bassdistrict.html,7b62e7433054e7e37216437d72ed0b537321caa5997602bd124c4d31c2e4f5b0,4,"McPHEE, Ross",LABOUR DLP,False,Other/Independent,1288,49589,True
vic_la_2018,Bass,bass,general-election,https://itsitecoreblobvecprd01.blob.core.windows.net/public-files/historical-results/state2018/bassdistrict.html,7b62e7433054e7e37216437d72ed0b537321caa5997602bd124c4d31c2e4f5b0,5,"BAUER, Ron",,True,Other/Independent,603,49589,True
vic_la_2018,Bass,bass,general-election,https://itsitecoreblobvecprd01.blob.core.windows.net/public-files/historical-results/state2018/bassdistrict.html,7b62e7433054e7e37216437d72ed0b537321caa5997602bd124c4d31c2e4f5b0,6,"LEMPRIERE, Kate",,True,Other/Independent,385,49589,True
vic_la_2018,Bass,bass,general-election,https://itsitecoreblobvecprd01.blob.core.windows.net/public-files/historical-results/state2018/bassdistrict.html,7b62e7433054e7e37216437d72ed0b537321caa5997602bd124c4d31c2e4f5b0,7,"RIPA, Frank","SHOOTERS, FISHERS & FARMERS VIC",False,Other/Independent,2011,49589,True
vic_la_2018,Bass,bass,general-election,https://itsitecoreblobvecprd01.blob.core.windows.net/public-files/historical-results/state2018/bassdistrict.html,7b62e7433054e7e37216437d72ed0b537321caa5997602bd124c4d31c2e4f5b0,8,"ARNAULT, David",AUSTRALIAN GREENS,False,Greens,2821,49589,True
vic_la_2018,Bayswater,bayswater,general-election,https://itsitecoreblobvecprd01.blob.core.windows.net/public-files/historical-results/state2018/bayswaterdistrict.html,d17010dd7e5938701ab1000d5a9d62bc22896b3077a16db8005858ff47b025a4,1,"VICTORIA, Heidi",LIBERAL,False,Coalition,17650,38126,True
vic_la_2018,Bayswater,bayswater,general-election,https://itsitecoreblobvecprd01.blob.core.windows.net/public-files/historical-results/state2018/bayswaterdistrict.html,d17010dd7e5938701ab1000d5a9d62bc22896b3077a16db8005858ff47b025a4,2,"TAYLOR, Jackson",AUSTRALIAN LABOR PARTY,False,ALP,15548,38126,True
vic_la_2018,Bayswater,bayswater,general-election,https://itsitecoreblobvecprd01.blob.core.windows.net/public-files/historical-results/state2018/bayswaterdistrict.html,d17010dd7e5938701ab1000d5a9d62bc22896b3077a16db8005858ff47b025a4,3,"COOKSON, Asher",AUSTRALIAN GREENS,False,Greens,3228,38126,True
vic_la_2018,Bayswater,bayswater,general-election,https://itsitecoreblobvecprd01.blob.core.windows.net/public-files/historical-results/state2018/bayswaterdistrict.html,d17010dd7e5938701ab1000d5a9d62bc22896b3077a16db8005858ff47b025a4,4,"SCHRAM, Nathan",ANIMAL JUSTICE PARTY,False,Other/Independent,1700,38126,True
vic_la_2018,Bellarine,bellarine,general-election,https://itsitecoreblobvecprd01.blob.core.windows.net/public-files/historical-results/state2018/bellarinedistrict.html,bba490fd8390b7ec722c83c98bd232c92c9875ae19a05a0775e2ad390822ddf7,1,"ADAMS, Naomi",ANIMAL JUSTICE PARTY,False,Other/Independent,1968,44013,True
vic_la_2018,Bellarine,bellarine,general-election,https://itsitecoreblobvecprd01.blob.core.windows.net/public-files/historical-results/state2018/bellarinedistrict.html,bba490fd8390b7ec722c83c98bd232c92c9875ae19a05a0775e2ad390822ddf7,2,"NEVILLE, Lisa",AUSTRALIAN LABOR PARTY,False,ALP,21948,44013,True
vic_la_2018,Bellarine,bellarine,general-election,https://itsitecoreblobvecprd01.blob.core.windows.net/public-files/historical-results/state2018/bellarinedistrict.html,bba490fd8390b7ec722c83c98bd232c92c9875ae19a05a0775e2ad390822ddf7,3,"SEMMENS, Rachel",AUSTRALIAN GREENS,False,Greens,3957,44013,True
vic_la_2018,Bellarine,bellarine,general-election,https://itsitecoreblobvecprd01.blob.core.windows.net/public-files/historical-results/state2018/bellarinedistrict.html,bba490fd8390b7ec722c83c98bd232c92c9875ae19a05a0775e2ad390822ddf7,4,"McKITERICK, Brian",LIBERAL,False,Coalition,15619,44013,True
vic_la_2018,Bellarine,bellarine,general-election,https://itsitecoreblobvecprd01.blob.core.windows.net/public-files/historical-results/state2018/bellarinedistrict.html,bba490fd8390b7ec722c83c98bd232c92c9875ae19a05a0775e2ad390822ddf7,5,"KRIZ, Jackie",VICTORIAN SOCIALISTS,False,Other/Independent,521,44013,True
vic_la_2018,Benambra,benambra,general-election,https://itsitecoreblobvecprd01.blob.core.windows.net/public-files/historical-results/state2018/benambradistrict.html,e73cdc260c191ce24b6b11d76d6b6235d1ec63556e70be0a537a3ce8a15ab80e,1,"HAWKINS, Jacqui",,True,Other/Independent,6687,41435,True
vic_la_2018,Benambra,benambra,general-election,https://itsitecoreblobvecprd01.blob.core.windows.net/public-files/historical-results/state2018/benambradistrict.html,e73cdc260c191ce24b6b11d76d6b6235d1ec63556e70be0a537a3ce8a15ab80e,2,"TAIT, Mark",AUSTRALIAN LABOR PARTY,False,ALP,7467,41435,True
vic_la_2018,Benambra,benambra,general-election,https://itsitecoreblobvecprd01.blob.core.windows.net/public-files/historical-results/state2018/benambradistrict.html,e73cdc260c191ce24b6b11d76d6b6235d1ec63556e70be0a537a3ce8a15ab80e,3,"TILLEY, Bill",LIBERAL,False,Coalition,16515,41435,True
vic_la_2018,Benambra,benambra,general-election,https://itsitecoreblobvecprd01.blob.core.windows.net/public-files/historical-results/state2018/benambradistrict.html,e73cdc260c191ce24b6b11d76d6b6235d1ec63556e70be0a537a3ce8a15ab80e,4,"O'CONNOR, Jenny",,True,Other/Independent,5427,41435,True
vic_la_2018,Benambra,benambra,general-election,https://itsitecoreblobvecprd01.blob.core.windows.net/public-files/historical-results/state2018/benambradistrict.html,e73cdc260c191ce24b6b11d76d6b6235d1ec63556e70be0a537a3ce8a15ab80e,5,"KNIGHT, Josh","SHOOTERS, FISHERS & FARMERS VIC",False,Other/Independent,3774,41435,True
vic_la_2018,Benambra,benambra,general-election,https://itsitecoreblobvecprd01.blob.core.windows.net/public-files/historical-results/state2018/benambradistrict.html,e73cdc260c191ce24b6b11d76d6b6235d1ec63556e70be0a537a3ce8a15ab80e,6,"BARDSLEY, John",AUSTRALIAN GREENS,False,Greens,1565,41435,True
vic_la_2018,Bendigo East,bendigo-east,general-election,https://itsitecoreblobvecprd01.blob.core.windows.net/public-files/historical-results/state2018/bendigoeastdistrict.html,f5bada50cc540cc6c4eb2b36f3495a6c6b9736eb232d0df7fea17c2984b3f38a,1,"BELARDINELLI, Michael",,True,Other/Independent,999,43088,True
vic_la_2018,Bendigo East,bendigo-east,general-election,https://itsitecoreblobvecprd01.blob.core.windows.net/public-files/historical-results/state2018/bendigoeastdistrict.html,f5bada50cc540cc6c4eb2b36f3495a6c6b9736eb232d0df7fea17c2984b3f38a,2,"ELLIS, Ian",LIBERAL,False,Coalition,8987,43088,True
vic_la_2018,Bendigo East,bendigo-east,general-election,https://itsitecoreblobvecprd01.blob.core.windows.net/public-files/historical-results/state2018/bendigoeastdistrict.html,f5bada50cc540cc6c4eb2b36f3495a6c6b9736eb232d0df7fea17c2984b3f38a,3,"LEACH, Helen",LABOUR DLP,False,Other/Independent,1080,43088,True
vic_la_2018,Bendigo East,bendigo-east,general-election,https://itsitecoreblobvecprd01.blob.core.windows.net/public-files/historical-results/state2018/bendigoeastdistrict.html,f5bada50cc540cc6c4eb2b36f3495a6c6b9736eb232d0df7fea17c2984b3f38a,4,"ALLAN, Jacinta",AUSTRALIAN LABOR PARTY,False,ALP,21693,43088,True
vic_la_2018,Bendigo East,bendigo-east,general-election,https://itsitecoreblobvecprd01.blob.core.windows.net/public-files/historical-results/state2018/bendigoeastdistrict.html,f5bada50cc540cc6c4eb2b36f3495a6c6b9736eb232d0df7fea17c2984b3f38a,5,"THOMSON, Nakita",AUSTRALIAN GREENS,False,Greens,3465,43088,True
vic_la_2018,Bendigo East,bendigo-east,general-election,https://itsitecoreblobvecprd01.blob.core.windows.net/public-files/historical-results/state2018/bendigoeastdistrict.html,f5bada50cc540cc6c4eb2b36f3495a6c6b9736eb232d0df7fea17c2984b3f38a,6,"BROAD, Gaelle",THE NATIONALS,False,Coalition,6864,43088,True
vic_la_2018,Bendigo West,bendigo-west,general-election,https://itsitecoreblobvecprd01.blob.core.windows.net/public-files/historical-results/state2018/bendigowestdistrict.html,2535759a2cb8327ee844a44cb0353af4f17538d622df3be23338af0d68e09a0f,1,"NUSKE, Marilyn",ANIMAL JUSTICE PARTY,False,Other/Independent,2504,39276,True
vic_la_2018,Bendigo West,bendigo-west,general-election,https://itsitecoreblobvecprd01.blob.core.windows.net/public-files/historical-results/state2018/bendigowestdistrict.html,2535759a2cb8327ee844a44cb0353af4f17538d622df3be23338af0d68e09a0f,2,"FINN, Kevin",LIBERAL,False,Coalition,10641,39276,True
vic_la_2018,Bendigo West,bendigo-west,general-election,https://itsitecoreblobvecprd01.blob.core.windows.net/public-files/historical-results/state2018/bendigowestdistrict.html,2535759a2cb8327ee844a44cb0353af4f17538d622df3be23338af0d68e09a0f,3,"EDWARDS, Maree",AUSTRALIAN LABOR PARTY,False,ALP,21004,39276,True
vic_la_2018,Bendigo West,bendigo-west,general-election,https://itsitecoreblobvecprd01.blob.core.windows.net/public-files/historical-results/state2018/bendigowestdistrict.html,2535759a2cb8327ee844a44cb0353af4f17538d622df3be23338af0d68e09a0f,4,"WHELAN, Laurie",AUSTRALIAN GREENS,False,Greens,5127,39276,True
vic_la_2018,Bentleigh,bentleigh,general-election,https://itsitecoreblobvecprd01.blob.core.windows.net/public-files/historical-results/state2018/bentleighdistrict.html,d057702ca840e27ffb5c69ff8df276db153728c04ce93486a78158234a59a202,1,"LOBO, Oscar",,True,Other/Independent,752,36739,True
vic_la_2018,Bentleigh,bentleigh,general-election,https://itsitecoreblobvecprd01.blob.core.windows.net/public-files/historical-results/state2018/bentleighdistrict.html,d057702ca840e27ffb5c69ff8df276db153728c04ce93486a78158234a59a202,2,"JUDAH, Asher",LIBERAL,False,Coalition,12232,36739,True
vic_la_2018,Bentleigh,bentleigh,general-election,https://itsitecoreblobvecprd01.blob.core.windows.net/public-files/historical-results/state2018/bentleighdistrict.html,d057702ca840e27ffb5c69ff8df276db153728c04ce93486a78158234a59a202,3,"STAIKOS, Nick",AUSTRALIAN LABOR PARTY,False,ALP,18443,36739,True
vic_la_2018,Bentleigh,bentleigh,general-election,https://itsitecoreblobvecprd01.blob.core.windows.net/public-files/historical-results/state2018/bentleighdistrict.html,d057702ca840e27ffb5c69ff8df276db153728c04ce93486a78158234a59a202,4,"DEKIERE, Sarah",AUSTRALIAN GREENS,False,Greens,2763,36739,True
vic_la_2018,Bentleigh,bentleigh,general-election,https://itsitecoreblobvecprd01.blob.core.windows.net/public-files/historical-results/state2018/bentleighdistrict.html,d057702ca840e27ffb5c69ff8df276db153728c04ce93486a78158234a59a202,5,"STOTT, Dave",FIONA PATTEN'S REASON PARTY,False,Other/Independent,452,36739,True
vic_la_2018,Bentleigh,bentleigh,general-election,https://itsitecoreblobvecprd01.blob.core.windows.net/public-files/historical-results/state2018/bentleighdistrict.html,d057702ca840e27ffb5c69ff8df276db153728c04ce93486a78158234a59a202,6,"VERZIJL, Hans",SUSTAINABLE AUSTRALIA,False,Other/Independent,312,36739,True
vic_la_2018,Bentleigh,bentleigh,general-election,https://itsitecoreblobvecprd01.blob.core.windows.net/public-files/historical-results/state2018/bentleighdistrict.html,d057702ca840e27ffb5c69ff8df276db153728c04ce93486a78158234a59a202,7,"CHELLAPPAH, Naren",ANIMAL JUSTICE PARTY,False,Other/Independent,709,36739,True
vic_la_2018,Bentleigh,bentleigh,general-election,https://itsitecoreblobvecprd01.blob.core.windows.net/public-files/historical-results/state2018/bentleighdistrict.html,d057702ca840e27ffb5c69ff8df276db153728c04ce93486a78158234a59a202,8,"FRASER, Fi",LABOUR DLP,False,Other/Independent,412,36739,True
vic_la_2018,Bentleigh,bentleigh,general-election,https://itsitecoreblobvecprd01.blob.core.windows.net/public-files/historical-results/state2018/bentleighdistrict.html,d057702ca840e27ffb5c69ff8df276db153728c04ce93486a78158234a59a202,9,"SULLIVAN, Ellie Jean",DERRYN HINCH'S JUSTICE PARTY,False,Other/Independent,572,36739,True
vic_la_2018,Bentleigh,bentleigh,general-election,https://itsitecoreblobvecprd01.blob.core.windows.net/public-files/historical-results/state2018/bentleighdistrict.html,d057702ca840e27ffb5c69ff8df276db153728c04ce93486a78158234a59a202,10,"MAVROYENI, George",,True,Other/Independent,92,36739,True
vic_la_2018,Box Hill,box-hill,general-election,https://itsitecoreblobvecprd01.blob.core.windows.net/public-files/historical-results/state2018/boxhilldistrict.html,1eeaae49b6ecec300995cb326fe4722edd53789ae58d9d3897dd5ce23e18c2a0,1,"CLARK, Robert",LIBERAL,False,Coalition,17352,38351,True
vic_la_2018,Box Hill,box-hill,general-election,https://itsitecoreblobvecprd01.blob.core.windows.net/public-files/historical-results/state2018/boxhilldistrict.html,1eeaae49b6ecec300995cb326fe4722edd53789ae58d9d3897dd5ce23e18c2a0,2,"HAMER, Paul",AUSTRALIAN LABOR PARTY,False,ALP,15360,38351,True
vic_la_2018,Box Hill,box-hill,general-election,https://itsitecoreblobvecprd01.blob.core.windows.net/public-files/historical-results/state2018/boxhilldistrict.html,1eeaae49b6ecec300995cb326fe4722edd53789ae58d9d3897dd5ce23e18c2a0,3,"SUN, Sophia",AUSTRALIAN GREENS,False,Greens,5639,38351,True
vic_la_2018,Brighton,brighton,general-election,https://itsitecoreblobvecprd01.blob.core.windows.net/public-files/historical-results/state2018/brightondistrict.html,97c54afeb18f1db5f4f456959647d42a39a00f4cac3ca0384792530458aa4015,1,"TAYLOR, Cathy",ANIMAL JUSTICE PARTY,False,Other/Independent,1961,38759,True
vic_la_2018,Brighton,brighton,general-election,https://itsitecoreblobvecprd01.blob.core.windows.net/public-files/historical-results/state2018/brightondistrict.html,97c54afeb18f1db5f4f456959647d42a39a00f4cac3ca0384792530458aa4015,2,"MARTIN, Declan",AUSTRALIAN LABOR PARTY,False,ALP,12193,38759,True
vic_la_2018,Brighton,brighton,general-election,https://itsitecoreblobvecprd01.blob.core.windows.net/public-files/historical-results/state2018/brightondistrict.html,97c54afeb18f1db5f4f456959647d42a39a00f4cac3ca0384792530458aa4015,3,"NEWBURY, James",LIBERAL,False,Coalition,17597,38759,True
vic_la_2018,Brighton,brighton,general-election,https://itsitecoreblobvecprd01.blob.core.windows.net/public-files/historical-results/state2018/brightondistrict.html,97c54afeb18f1db5f4f456959647d42a39a00f4cac3ca0384792530458aa4015,4,"CASLEY, John Tiger",,True,Other/Independent,273,38759,True
vic_la_2018,Brighton,brighton,general-election,https://itsitecoreblobvecprd01.blob.core.windows.net/public-files/historical-results/state2018/brightondistrict.html,97c54afeb18f1db5f4f456959647d42a39a00f4cac3ca0384792530458aa4015,5,"COPSEY, Katherine",AUSTRALIAN GREENS,False,Greens,5854,38759,True
vic_la_2018,Brighton,brighton,general-election,https://itsitecoreblobvecprd01.blob.core.windows.net/public-files/historical-results/state2018/brightondistrict.html,97c54afeb18f1db5f4f456959647d42a39a00f4cac3ca0384792530458aa4015,6,"PRIDHAM, Alison",SUSTAINABLE AUSTRALIA,False,Other/Independent,881,38759,True
vic_la_2018,Broadmeadows,broadmeadows,general-election,https://itsitecoreblobvecprd01.blob.core.windows.net/public-files/historical-results/state2018/broadmeadowsdistrict.html,9900f4934a083f1de7edcc4b644936d05ddcc2d1f4f124a5c4f4b95e9d0db325,1,"MCGUIRE, Frank",AUSTRALIAN LABOR PARTY,False,ALP,22047,32287,True
vic_la_2018,Broadmeadows,broadmeadows,general-election,https://itsitecoreblobvecprd01.blob.core.windows.net/public-files/historical-results/state2018/broadmeadowsdistrict.html,9900f4934a083f1de7edcc4b644936d05ddcc2d1f4f124a5c4f4b95e9d0db325,2,"SMALL, Jerome",VICTORIAN SOCIALISTS,False,Other/Independent,2307,32287,True
vic_la_2018,Broadmeadows,broadmeadows,general-election,https://itsitecoreblobvecprd01.blob.core.windows.net/public-files/historical-results/state2018/broadmeadowsdistrict.html,9900f4934a083f1de7edcc4b644936d05ddcc2d1f4f124a5c4f4b95e9d0db325,3,"TATE, Sheriden",AUSTRALIAN GREENS,False,Greens,2612,32287,True
vic_la_2018,Broadmeadows,broadmeadows,general-election,https://itsitecoreblobvecprd01.blob.core.windows.net/public-files/historical-results/state2018/broadmeadowsdistrict.html,9900f4934a083f1de7edcc4b644936d05ddcc2d1f4f124a5c4f4b95e9d0db325,4,"DOW, Jenny",LIBERAL,False,Coalition,5321,32287,True
vic_la_2018,Brunswick,brunswick,general-election,https://itsitecoreblobvecprd01.blob.core.windows.net/public-files/historical-results/state2018/brunswickdistrict.html,e49d1694dbcdcccff768eed7c1c97d7ee00f62ab14deb757c8e7aee770a8c689,1,"GEORGIOU, George",,True,Other/Independent,1240,43927,True
vic_la_2018,Brunswick,brunswick,general-election,https://itsitecoreblobvecprd01.blob.core.windows.net/public-files/historical-results/state2018/brunswickdistrict.html,e49d1694dbcdcccff768eed7c1c97d7ee00f62ab14deb757c8e7aee770a8c689,2,"DEVENY, Catherine",FIONA PATTEN'S REASON PARTY,False,Other/Independent,1969,43927,True
vic_la_2018,Brunswick,brunswick,general-election,https://itsitecoreblobvecprd01.blob.core.windows.net/public-files/historical-results/state2018/brunswickdistrict.html,e49d1694dbcdcccff768eed7c1c97d7ee00f62ab14deb757c8e7aee770a8c689,3,"COLLINS, Noel",LIBERAL DEMOCRATS,False,Other/Independent,613,43927,True
vic_la_2018,Brunswick,brunswick,general-election,https://itsitecoreblobvecprd01.blob.core.windows.net/public-files/historical-results/state2018/brunswickdistrict.html,e49d1694dbcdcccff768eed7c1c97d7ee00f62ab14deb757c8e7aee770a8c689,4,"O'CONNOR, Cindy",AUSTRALIAN LABOR PARTY,False,ALP,16701,43927,True
vic_la_2018,Brunswick,brunswick,general-election,https://itsitecoreblobvecprd01.blob.core.windows.net/public-files/historical-results/state2018/brunswickdistrict.html,e49d1694dbcdcccff768eed7c1c97d7ee00f62ab14deb757c8e7aee770a8c689,5,"SOURASIS, Kerry",,True,Other/Independent,276,43927,True
vic_la_2018,Brunswick,brunswick,general-election,https://itsitecoreblobvecprd01.blob.core.windows.net/public-files/historical-results/state2018/brunswickdistrict.html,e49d1694dbcdcccff768eed7c1c97d7ee00f62ab14deb757c8e7aee770a8c689,6,"WOJTONIS, Adam",LIBERAL,False,Coalition,4450,43927,True
vic_la_2018,Brunswick,brunswick,general-election,https://itsitecoreblobvecprd01.blob.core.windows.net/public-files/historical-results/state2018/brunswickdistrict.html,e49d1694dbcdcccff768eed7c1c97d7ee00f62ab14deb757c8e7aee770a8c689,7,"READ, Tim",AUSTRALIAN GREENS,False,Greens,17599,43927,True
vic_la_2018,Brunswick,brunswick,general-election,https://itsitecoreblobvecprd01.blob.core.windows.net/public-files/historical-results/state2018/brunswickdistrict.html,e49d1694dbcdcccff768eed7c1c97d7ee00f62ab14deb757c8e7aee770a8c689,8,"ANDERSON, Christopher",,True,Other/Independent,250,43927,True
vic_la_2018,Brunswick,brunswick,general-election,https://itsitecoreblobvecprd01.blob.core.windows.net/public-files/historical-results/state2018/brunswickdistrict.html,e49d1694dbcdcccff768eed7c1c97d7ee00f62ab14deb757c8e7aee770a8c689,9,"MILES, Christopher",ANIMAL JUSTICE PARTY,False,Other/Independent,829,43927,True
vic_la_2018,Bulleen,bulleen,general-election,https://itsitecoreblobvecprd01.blob.core.windows.net/public-files/historical-results/state2018/bulleendistrict.html,bb34faeab37378b865801a677d031537dfe7ff9b814a2afbdebcd0822c96208c,1,"KEARNEY, Chris",AUSTRALIAN GREENS,False,Greens,4219,37257,True
vic_la_2018,Bulleen,bulleen,general-election,https://itsitecoreblobvecprd01.blob.core.windows.net/public-files/historical-results/state2018/bulleendistrict.html,bb34faeab37378b865801a677d031537dfe7ff9b814a2afbdebcd0822c96208c,2,"GUY, Matthew",LIBERAL,False,Coalition,19441,37257,True
vic_la_2018,Bulleen,bulleen,general-election,https://itsitecoreblobvecprd01.blob.core.windows.net/public-files/historical-results/state2018/bulleendistrict.html,bb34faeab37378b865801a677d031537dfe7ff9b814a2afbdebcd0822c96208c,3,"MACKENZIE, Fiona",AUSTRALIAN LABOR PARTY,False,ALP,13597,37257,True
vic_la_2018,Bundoora,bundoora,general-election,https://itsitecoreblobvecprd01.blob.core.windows.net/public-files/historical-results/state2018/bundooradistrict.html,9af9d5cd605598e0e3e4e7dc4263b69391c5bde3db452bb28b01e8d5a3e34882,1,"STANYON, Clement",AUSTRALIAN GREENS,False,Greens,2790,35098,True
vic_la_2018,Bundoora,bundoora,general-election,https://itsitecoreblobvecprd01.blob.core.windows.net/public-files/historical-results/state2018/bundooradistrict.html,9af9d5cd605598e0e3e4e7dc4263b69391c5bde3db452bb28b01e8d5a3e34882,2,"MULHOLLAND, Jenny",LIBERAL,False,Coalition,9958,35098,True
vic_la_2018,Bundoora,bundoora,general-election,https://itsitecoreblobvecprd01.blob.core.windows.net/public-files/historical-results/state2018/bundooradistrict.html,9af9d5cd605598e0e3e4e7dc4263b69391c5bde3db452bb28b01e8d5a3e34882,3,"BROOKS, Colin",AUSTRALIAN LABOR PARTY,False,ALP,19716,35098,True
vic_la_2018,Bundoora,bundoora,general-election,https://itsitecoreblobvecprd01.blob.core.windows.net/public-files/historical-results/state2018/bundooradistrict.html,9af9d5cd605598e0e3e4e7dc4263b69391c5bde3db452bb28b01e8d5a3e34882,4,"BAKER, Bryce",FIONA PATTEN'S REASON PARTY,False,Other/Independent,818,35098,True
vic_la_2018,Bundoora,bundoora,general-election,https://itsitecoreblobvecprd01.blob.core.windows.net/public-files/historical-results/state2018/bundooradistrict.html,9af9d5cd605598e0e3e4e7dc4263b69391c5bde3db452bb28b01e8d5a3e34882,5,"ANDREWARTHA, Jacob",VICTORIAN SOCIALISTS,False,Other/Independent,805,35098,True
vic_la_2018,Bundoora,bundoora,general-election,https://itsitecoreblobvecprd01.blob.core.windows.net/public-files/historical-results/state2018/bundooradistrict.html,9af9d5cd605598e0e3e4e7dc4263b69391c5bde3db452bb28b01e8d5a3e34882,6,"WHITFIELD, Rodney",ANIMAL JUSTICE PARTY,False,Other/Independent,1011,35098,True
vic_la_2018,Buninyong,buninyong,general-election,https://itsitecoreblobvecprd01.blob.core.windows.net/public-files/historical-results/state2018/buninyongdistrict.html,ada1ae517342663b900352e97e03c5e3a922da31535f22e7be1e9c7cec7d8833,1,"SETTLE, Michaela",AUSTRALIAN LABOR PARTY,False,ALP,18965,38594,True
vic_la_2018,Buninyong,buninyong,general-election,https://itsitecoreblobvecprd01.blob.core.windows.net/public-files/historical-results/state2018/buninyongdistrict.html,ada1ae517342663b900352e97e03c5e3a922da31535f22e7be1e9c7cec7d8833,2,"ZIBELL, Linda",AUSTRALIAN GREENS,False,Greens,3542,38594,True
vic_la_2018,Buninyong,buninyong,general-election,https://itsitecoreblobvecprd01.blob.core.windows.net/public-files/historical-results/state2018/buninyongdistrict.html,ada1ae517342663b900352e97e03c5e3a922da31535f22e7be1e9c7cec7d8833,3,"KILMARTIN, Andrew",LIBERAL,False,Coalition,11921,38594,True
vic_la_2018,Buninyong,buninyong,general-election,https://itsitecoreblobvecprd01.blob.core.windows.net/public-files/historical-results/state2018/buninyongdistrict.html,ada1ae517342663b900352e97e03c5e3a922da31535f22e7be1e9c7cec7d8833,4,"WATTERS, Lindsay",,True,Other/Independent,436,38594,True
vic_la_2018,Buninyong,buninyong,general-election,https://itsitecoreblobvecprd01.blob.core.windows.net/public-files/historical-results/state2018/buninyongdistrict.html,ada1ae517342663b900352e97e03c5e3a922da31535f22e7be1e9c7cec7d8833,5,"McKENDRICK, Jane",VICTORIAN SOCIALISTS,False,Other/Independent,397,38594,True
vic_la_2018,Buninyong,buninyong,general-election,https://itsitecoreblobvecprd01.blob.core.windows.net/public-files/historical-results/state2018/buninyongdistrict.html,ada1ae517342663b900352e97e03c5e3a922da31535f22e7be1e9c7cec7d8833,6,"COLBERT, Dianne",,True,Other/Independent,1285,38594,True
vic_la_2018,Buninyong,buninyong,general-election,https://itsitecoreblobvecprd01.blob.core.windows.net/public-files/historical-results/state2018/buninyongdistrict.html,ada1ae517342663b900352e97e03c5e3a922da31535f22e7be1e9c7cec7d8833,7,"MORRISON, Wendy",ANIMAL JUSTICE PARTY,False,Other/Independent,1581,38594,True
vic_la_2018,Buninyong,buninyong,general-election,https://itsitecoreblobvecprd01.blob.core.windows.net/public-files/historical-results/state2018/buninyongdistrict.html,ada1ae517342663b900352e97e03c5e3a922da31535f22e7be1e9c7cec7d8833,8,"ECKEL, Brendan",,True,Other/Independent,467,38594,True
vic_la_2018,Burwood,burwood,general-election,https://itsitecoreblobvecprd01.blob.core.windows.net/public-files/historical-results/state2018/burwooddistrict.html,08404714cf0b05ee0836640382fc53bc8692fa7c65eeadfd58465170ce938689,1,"WILLIAMS, Andrew",SUSTAINABLE AUSTRALIA,False,Other/Independent,1101,37767,True
vic_la_2018,Burwood,burwood,general-election,https://itsitecoreblobvecprd01.blob.core.windows.net/public-files/historical-results/state2018/burwooddistrict.html,08404714cf0b05ee0836640382fc53bc8692fa7c65eeadfd58465170ce938689,2,"FOWLES, Will",AUSTRALIAN LABOR PARTY,False,ALP,14924,37767,True
vic_la_2018,Burwood,burwood,general-election,https://itsitecoreblobvecprd01.blob.core.windows.net/public-files/historical-results/state2018/burwooddistrict.html,08404714cf0b05ee0836640382fc53bc8692fa7c65eeadfd58465170ce938689,3,"BEATTIE, Amanda",ANIMAL JUSTICE PARTY,False,Other/Independent,1000,37767,True
vic_la_2018,Burwood,burwood,general-election,https://itsitecoreblobvecprd01.blob.core.windows.net/public-files/historical-results/state2018/burwooddistrict.html,08404714cf0b05ee0836640382fc53bc8692fa7c65eeadfd58465170ce938689,4,"ROSS, Graham",AUSTRALIAN GREENS,False,Greens,4604,37767,True
vic_la_2018,Burwood,burwood,general-election,https://itsitecoreblobvecprd01.blob.core.windows.net/public-files/historical-results/state2018/burwooddistrict.html,08404714cf0b05ee0836640382fc53bc8692fa7c65eeadfd58465170ce938689,5,"WATT, Graham",LIBERAL,False,Coalition,16138,37767,True
vic_la_2018,Carrum,carrum,general-election,https://itsitecoreblobvecprd01.blob.core.windows.net/public-files/historical-results/state2018/carrumdistrict.html,39cbf90115437509d4570c22912a5cd70ec36e22e1f7ad53760b9bf21e4f84a1,1,"YADAV, Santosh Kumar",TRANSPORT MATTERS,False,Other/Independent,585,41420,True
vic_la_2018,Carrum,carrum,general-election,https://itsitecoreblobvecprd01.blob.core.windows.net/public-files/historical-results/state2018/carrumdistrict.html,39cbf90115437509d4570c22912a5cd70ec36e22e1f7ad53760b9bf21e4f84a1,2,"BAUER, Donna",LIBERAL,False,Coalition,13608,41420,True
vic_la_2018,Carrum,carrum,general-election,https://itsitecoreblobvecprd01.blob.core.windows.net/public-files/historical-results/state2018/carrumdistrict.html,39cbf90115437509d4570c22912a5cd70ec36e22e1f7ad53760b9bf21e4f84a1,3,"PHILPOTT-SMART, Simone",DERRYN HINCH'S JUSTICE PARTY,False,Other/Independent,1822,41420,True
vic_la_2018,Carrum,carrum,general-election,https://itsitecoreblobvecprd01.blob.core.windows.net/public-files/historical-results/state2018/carrumdistrict.html,39cbf90115437509d4570c22912a5cd70ec36e22e1f7ad53760b9bf21e4f84a1,4,"THOMPSON, Braeden",AUSTRALIAN GREENS,False,Greens,2432,41420,True
vic_la_2018,Carrum,carrum,general-election,https://itsitecoreblobvecprd01.blob.core.windows.net/public-files/historical-results/state2018/carrumdistrict.html,39cbf90115437509d4570c22912a5cd70ec36e22e1f7ad53760b9bf21e4f84a1,5,"TELLESSON, Michael",,True,Other/Independent,433,41420,True
vic_la_2018,Carrum,carrum,general-election,https://itsitecoreblobvecprd01.blob.core.windows.net/public-files/historical-results/state2018/carrumdistrict.html,39cbf90115437509d4570c22912a5cd70ec36e22e1f7ad53760b9bf21e4f84a1,6,"KILKENNY, Sonya",AUSTRALIAN LABOR PARTY,False,ALP,21844,41420,True
vic_la_2018,Carrum,carrum,general-election,https://itsitecoreblobvecprd01.blob.core.windows.net/public-files/historical-results/state2018/carrumdistrict.html,39cbf90115437509d4570c22912a5cd70ec36e22e1f7ad53760b9bf21e4f84a1,7,"BOWDEN, Jennifer",LABOUR DLP,False,Other/Independent,696,41420,True
vic_la_2018,Caulfield,caulfield,general-election,https://itsitecoreblobvecprd01.blob.core.windows.net/public-files/historical-results/state2018/caulfielddistrict.html,c5d274a995e364c0f4a033bc27bcc6aa249852a6d1599062bc04b1a53eea7fe0,1,"SOUTHWICK, David",LIBERAL,False,Coalition,17861,38120,True
vic_la_2018,Caulfield,caulfield,general-election,https://itsitecoreblobvecprd01.blob.core.windows.net/public-files/historical-results/state2018/caulfielddistrict.html,c5d274a995e364c0f4a033bc27bcc6aa249852a6d1599062bc04b1a53eea7fe0,2,"GRASSO, Sorina",AUSTRALIAN LABOR PARTY,False,ALP,13054,38120,True
vic_la_2018,Caulfield,caulfield,general-election,https://itsitecoreblobvecprd01.blob.core.windows.net/public-files/historical-results/state2018/caulfielddistrict.html,c5d274a995e364c0f4a033bc27bcc6aa249852a6d1599062bc04b1a53eea7fe0,3,"EVANS, Troy",ANIMAL JUSTICE PARTY,False,Other/Independent,1153,38120,True
vic_la_2018,Caulfield,caulfield,general-election,https://itsitecoreblobvecprd01.blob.core.windows.net/public-files/historical-results/state2018/caulfielddistrict.html,c5d274a995e364c0f4a033bc27bcc6aa249852a6d1599062bc04b1a53eea7fe0,4,"BAVATI, Aviya",SUSTAINABLE AUSTRALIA,False,Other/Independent,665,38120,True
vic_la_2018,Caulfield,caulfield,general-election,https://itsitecoreblobvecprd01.blob.core.windows.net/public-files/historical-results/state2018/caulfielddistrict.html,c5d274a995e364c0f4a033bc27bcc6aa249852a6d1599062bc04b1a53eea7fe0,5,"MATHEW, Dinesh",AUSTRALIAN GREENS,False,Greens,5387,38120,True
vic_la_2018,Clarinda,clarinda,general-election,https://itsitecoreblobvecprd01.blob.core.windows.net/public-files/historical-results/state2018/clarindadistrict.html,c507f07178ed60267b8bb15716f86749520e229993b6ab6aad4b7368eb284314,1,"ZHUANG, Zhi Gang",TRANSPORT MATTERS,False,Other/Independent,1558,36761,True
vic_la_2018,Clarinda,clarinda,general-election,https://itsitecoreblobvecprd01.blob.core.windows.net/public-files/historical-results/state2018/clarindadistrict.html,c507f07178ed60267b8bb15716f86749520e229993b6ab6aad4b7368eb284314,2,"FERGEUS, Josh",AUSTRALIAN GREENS,False,Greens,3870,36761,True
vic_la_2018,Clarinda,clarinda,general-election,https://itsitecoreblobvecprd01.blob.core.windows.net/public-files/historical-results/state2018/clarindadistrict.html,c507f07178ed60267b8bb15716f86749520e229993b6ab6aad4b7368eb284314,3,"BEVINAKOPPA, Gandhi",LIBERAL,False,Coalition,9083,36761,True
vic_la_2018,Clarinda,clarinda,general-election,https://itsitecoreblobvecprd01.blob.core.windows.net/public-files/historical-results/state2018/clarindadistrict.html,c507f07178ed60267b8bb15716f86749520e229993b6ab6aad4b7368eb284314,4,"GARDNER, Michael James",,True,Other/Independent,1829,36761,True
vic_la_2018,Clarinda,clarinda,general-election,https://itsitecoreblobvecprd01.blob.core.windows.net/public-files/historical-results/state2018/clarindadistrict.html,c507f07178ed60267b8bb15716f86749520e229993b6ab6aad4b7368eb284314,5,"TAK, Meng Heang",AUSTRALIAN LABOR PARTY,False,ALP,20421,36761,True
vic_la_2018,Cranbourne,cranbourne,general-election,https://itsitecoreblobvecprd01.blob.core.windows.net/public-files/historical-results/state2018/cranbournedistrict.html,40231b31cb7b3403dac3ca6a87ebe160c0d27eb792248d7f1b2c7824a8c940e2,1,"JAKOBI, Susan",,True,Other/Independent,1265,51158,True
vic_la_2018,Cranbourne,cranbourne,general-election,https://itsitecoreblobvecprd01.blob.core.windows.net/public-files/historical-results/state2018/cranbournedistrict.html,40231b31cb7b3403dac3ca6a87ebe160c0d27eb792248d7f1b2c7824a8c940e2,2,"FOSBERRY, Norman",,True,Other/Independent,465,51158,True
vic_la_2018,Cranbourne,cranbourne,general-election,https://itsitecoreblobvecprd01.blob.core.windows.net/public-files/historical-results/state2018/cranbournedistrict.html,40231b31cb7b3403dac3ca6a87ebe160c0d27eb792248d7f1b2c7824a8c940e2,3,"RICHARDS, Pauline",AUSTRALIAN LABOR PARTY,False,ALP,25725,51158,True
vic_la_2018,Cranbourne,cranbourne,general-election,https://itsitecoreblobvecprd01.blob.core.windows.net/public-files/historical-results/state2018/cranbournedistrict.html,40231b31cb7b3403dac3ca6a87ebe160c0d27eb792248d7f1b2c7824a8c940e2,4,"SINGH, Tarlochan",TRANSPORT MATTERS,False,Other/Independent,1827,51158,True
vic_la_2018,Cranbourne,cranbourne,general-election,https://itsitecoreblobvecprd01.blob.core.windows.net/public-files/historical-results/state2018/cranbournedistrict.html,40231b31cb7b3403dac3ca6a87ebe160c0d27eb792248d7f1b2c7824a8c940e2,5,"SOULTANIDIS, Jason",DERRYN HINCH'S JUSTICE PARTY,False,Other/Independent,2288,51158,True
vic_la_2018,Cranbourne,cranbourne,general-election,https://itsitecoreblobvecprd01.blob.core.windows.net/public-files/historical-results/state2018/cranbournedistrict.html,40231b31cb7b3403dac3ca6a87ebe160c0d27eb792248d7f1b2c7824a8c940e2,6,"SOK, Edward",LABOUR DLP,False,Other/Independent,933,51158,True
vic_la_2018,Cranbourne,cranbourne,general-election,https://itsitecoreblobvecprd01.blob.core.windows.net/public-files/historical-results/state2018/cranbournedistrict.html,40231b31cb7b3403dac3ca6a87ebe160c0d27eb792248d7f1b2c7824a8c940e2,7,"RAGUPATHY, Ravi",,True,Other/Independent,164,51158,True
vic_la_2018,Cranbourne,cranbourne,general-election,https://itsitecoreblobvecprd01.blob.core.windows.net/public-files/historical-results/state2018/cranbournedistrict.html,40231b31cb7b3403dac3ca6a87ebe160c0d27eb792248d7f1b2c7824a8c940e2,8,"HERMANS, Ann-Marie",LIBERAL,False,Coalition,16483,51158,True
vic_la_2018,Cranbourne,cranbourne,general-election,https://itsitecoreblobvecprd01.blob.core.windows.net/public-files/historical-results/state2018/cranbournedistrict.html,40231b31cb7b3403dac3ca6a87ebe160c0d27eb792248d7f1b2c7824a8c940e2,9,"TILTON, Jake",AUSTRALIAN GREENS,False,Greens,2008,51158,True
vic_la_2018,Croydon,croydon,general-election,https://itsitecoreblobvecprd01.blob.core.windows.net/public-files/historical-results/state2018/croydondistrict.html,befc8b9e5eb69918d8b8fca6e1dd5f96b17e6b474b2998c5b49d4c8c7b2e2b53,1,"CUSACK, Josh",AUSTRALIAN LABOR PARTY,False,ALP,14307,37746,True
vic_la_2018,Croydon,croydon,general-election,https://itsitecoreblobvecprd01.blob.core.windows.net/public-files/historical-results/state2018/croydondistrict.html,befc8b9e5eb69918d8b8fca6e1dd5f96b17e6b474b2998c5b49d4c8c7b2e2b53,2,"HODGETT, David",LIBERAL,False,Coalition,18108,37746,True
vic_la_2018,Croydon,croydon,general-election,https://itsitecoreblobvecprd01.blob.core.windows.net/public-files/historical-results/state2018/croydondistrict.html,befc8b9e5eb69918d8b8fca6e1dd5f96b17e6b474b2998c5b49d4c8c7b2e2b53,3,"COSTANTINO, Vinita",ANIMAL JUSTICE PARTY,False,Other/Independent,1863,37746,True
vic_la_2018,Croydon,croydon,general-election,https://itsitecoreblobvecprd01.blob.core.windows.net/public-files/historical-results/state2018/croydondistrict.html,befc8b9e5eb69918d8b8fca6e1dd5f96b17e6b474b2998c5b49d4c8c7b2e2b53,4,"O'FLYNN, Caleb",AUSTRALIAN GREENS,False,Greens,3468,37746,True
vic_la_2018,Dandenong,dandenong,general-election,https://itsitecoreblobvecprd01.blob.core.windows.net/public-files/historical-results/state2018/dandenongdistrict.html,9f9329cd07a2199257d72d80bb0321b4a83386cb10537e819ee339bedecc12df,1,"WILLIAMS, Gabrielle",AUSTRALIAN LABOR PARTY,False,ALP,21823,33064,True
vic_la_2018,Dandenong,dandenong,general-election,https://itsitecoreblobvecprd01.blob.core.windows.net/public-files/historical-results/state2018/dandenongdistrict.html,9f9329cd07a2199257d72d80bb0321b4a83386cb10537e819ee339bedecc12df,2,"GARAD, Rhonda",AUSTRALIAN GREENS,False,Greens,2483,33064,True
vic_la_2018,Dandenong,dandenong,general-election,https://itsitecoreblobvecprd01.blob.core.windows.net/public-files/historical-results/state2018/dandenongdistrict.html,9f9329cd07a2199257d72d80bb0321b4a83386cb10537e819ee339bedecc12df,3,"PERERA, Virosh",LIBERAL,False,Coalition,7608,33064,True
vic_la_2018,Dandenong,dandenong,general-election,https://itsitecoreblobvecprd01.blob.core.windows.net/public-files/historical-results/state2018/dandenongdistrict.html,9f9329cd07a2199257d72d80bb0321b4a83386cb10537e819ee339bedecc12df,4,"AHMED, Afroz",TRANSPORT MATTERS,False,Other/Independent,1150,33064,True
vic_la_2018,Eildon,eildon,general-election,https://itsitecoreblobvecprd01.blob.core.windows.net/public-files/historical-results/state2018/eildondistrict.html,67bc3f92138d92c78c2ca3f0dfee7753462961b483828a38212624f513717da7,1,"BRENNAN, Sally",AUSTRALIAN LABOR PARTY,False,ALP,13850,38715,True
vic_la_2018,Eildon,eildon,general-election,https://itsitecoreblobvecprd01.blob.core.windows.net/public-files/historical-results/state2018/eildondistrict.html,67bc3f92138d92c78c2ca3f0dfee7753462961b483828a38212624f513717da7,2,"DUNSCOMBE, Michelle",,True,Other/Independent,2113,38715,True
vic_la_2018,Eildon,eildon,general-election,https://itsitecoreblobvecprd01.blob.core.windows.net/public-files/historical-results/state2018/eildondistrict.html,67bc3f92138d92c78c2ca3f0dfee7753462961b483828a38212624f513717da7,3,"DEACON, Ken",AUSTRALIAN GREENS,False,Greens,4035,38715,True
vic_la_2018,Eildon,eildon,general-election,https://itsitecoreblobvecprd01.blob.core.windows.net/public-files/historical-results/state2018/eildondistrict.html,67bc3f92138d92c78c2ca3f0dfee7753462961b483828a38212624f513717da7,4,"McLEISH, Cindy",LIBERAL,False,Coalition,18717,38715,True
vic_la_2018,Eltham,eltham,general-election,https://itsitecoreblobvecprd01.blob.core.windows.net/public-files/historical-results/state2018/elthamdistrict.html,a7d161b4251daa5fe5f755a115e86c737d9219dd90069ebb4d42fb12121eac64,1,"McGOWAN, Nick",LIBERAL,False,Coalition,15639,40292,True
vic_la_2018,Eltham,eltham,general-election,https://itsitecoreblobvecprd01.blob.core.windows.net/public-files/historical-results/state2018/elthamdistrict.html,a7d161b4251daa5fe5f755a115e86c737d9219dd90069ebb4d42fb12121eac64,2,"WARD, Vicki",AUSTRALIAN LABOR PARTY,False,ALP,19831,40292,True
vic_la_2018,Eltham,eltham,general-election,https://itsitecoreblobvecprd01.blob.core.windows.net/public-files/historical-results/state2018/elthamdistrict.html,a7d161b4251daa5fe5f755a115e86c737d9219dd90069ebb4d42fb12121eac64,3,"GOODMAN, Matthew",AUSTRALIAN GREENS,False,Greens,4208,40292,True
vic_la_2018,Eltham,eltham,general-election,https://itsitecoreblobvecprd01.blob.core.windows.net/public-files/historical-results/state2018/elthamdistrict.html,a7d161b4251daa5fe5f755a115e86c737d9219dd90069ebb4d42fb12121eac64,4,"O'BRIEN, Peter",LABOUR DLP,False,Other/Independent,614,40292,True
vic_la_2018,Essendon,essendon,general-election,https://itsitecoreblobvecprd01.blob.core.windows.net/public-files/historical-results/state2018/essendondistrict.html,684d3eb62705f4dc33c3b3c71b9550150c70cac219e6904fb82c9e25542a295e,1,"BAKER, Kate",,True,Other/Independent,1356,41472,True
vic_la_2018,Essendon,essendon,general-election,https://itsitecoreblobvecprd01.blob.core.windows.net/public-files/historical-results/state2018/essendondistrict.html,684d3eb62705f4dc33c3b3c71b9550150c70cac219e6904fb82c9e25542a295e,2,"WILLIAMS, James",AUSTRALIAN GREENS,False,Greens,6971,41472,True
vic_la_2018,Essendon,essendon,general-election,https://itsitecoreblobvecprd01.blob.core.windows.net/public-files/historical-results/state2018/essendondistrict.html,684d3eb62705f4dc33c3b3c71b9550150c70cac219e6904fb82c9e25542a295e,3,"CONNORS, Dermot",LABOUR DLP,False,Other/Independent,856,41472,True
vic_la_2018,Essendon,essendon,general-election,https://itsitecoreblobvecprd01.blob.core.windows.net/public-files/historical-results/state2018/essendondistrict.html,684d3eb62705f4dc33c3b3c71b9550150c70cac219e6904fb82c9e25542a295e,4,"LAWRENCE, Richard",,True,Other/Independent,1702,41472,True
vic_la_2018,Essendon,essendon,general-election,https://itsitecoreblobvecprd01.blob.core.windows.net/public-files/historical-results/state2018/essendondistrict.html,684d3eb62705f4dc33c3b3c71b9550150c70cac219e6904fb82c9e25542a295e,5,"PEARSON, Danny",AUSTRALIAN LABOR PARTY,False,ALP,19173,41472,True
vic_la_2018,Essendon,essendon,general-election,https://itsitecoreblobvecprd01.blob.core.windows.net/public-files/historical-results/state2018/essendondistrict.html,684d3eb62705f4dc33c3b3c71b9550150c70cac219e6904fb82c9e25542a295e,6,"POTENZA, Gino",LIBERAL,False,Coalition,11414,41472,True
vic_la_2018,Euroa,euroa,general-election,https://itsitecoreblobvecprd01.blob.core.windows.net/public-files/historical-results/state2018/euroadistrict.html,f5960860be8c233b1da3c602bee3e4828c5c9500222f978831e93eadb4d054a2,1,"RYAN, Steph",THE NATIONALS,False,Coalition,24749,41985,True
vic_la_2018,Euroa,euroa,general-election,https://itsitecoreblobvecprd01.blob.core.windows.net/public-files/historical-results/state2018/euroadistrict.html,f5960860be8c233b1da3c602bee3e4828c5c9500222f978831e93eadb4d054a2,2,"DEPPELER-MORTON, Fionna",AUSTRALIAN LABOR PARTY,False,ALP,12003,41985,True
vic_la_2018,Euroa,euroa,general-election,https://itsitecoreblobvecprd01.blob.core.windows.net/public-files/historical-results/state2018/euroadistrict.html,f5960860be8c233b1da3c602bee3e4828c5c9500222f978831e93eadb4d054a2,3,"FIRTH, Don",,True,Other/Independent,3035,41985,True
vic_la_2018,Euroa,euroa,general-election,https://itsitecoreblobvecprd01.blob.core.windows.net/public-files/historical-results/state2018/euroadistrict.html,f5960860be8c233b1da3c602bee3e4828c5c9500222f978831e93eadb4d054a2,4,"CASSIDY, Keppel",AUSTRALIAN GREENS,False,Greens,2198,41985,True
vic_la_2018,Evelyn,evelyn,general-election,https://itsitecoreblobvecprd01.blob.core.windows.net/public-files/historical-results/state2018/evelyndistrict.html,f05ba05f00a7003e205b6c83446f95fba761549f6202c79b7270e6d24325c1f5,1,"EVERIST, Brodie",AUSTRALIAN GREENS,False,Greens,3786,37518,True
vic_la_2018,Evelyn,evelyn,general-election,https://itsitecoreblobvecprd01.blob.core.windows.net/public-files/historical-results/state2018/evelyndistrict.html,f05ba05f00a7003e205b6c83446f95fba761549f6202c79b7270e6d24325c1f5,2,"VALLENCE, Bridget",LIBERAL,False,Coalition,18566,37518,True
vic_la_2018,Evelyn,evelyn,general-election,https://itsitecoreblobvecprd01.blob.core.windows.net/public-files/historical-results/state2018/evelyndistrict.html,f05ba05f00a7003e205b6c83446f95fba761549f6202c79b7270e6d24325c1f5,3,"RITCHIE, Gail",AUSTRALIAN LABOR PARTY,False,ALP,15166,37518,True
vic_la_2018,Ferntree Gully,ferntree-gully,general-election,https://itsitecoreblobvecprd01.blob.core.windows.net/public-files/historical-results/state2018/ferntreegullydistrict.html,3bc3de3cad0b446205e2c5e97fe146a4ba09bf59efeda32bcd596d8771032d7e,1,"BUXTON, Julie",AUSTRALIAN LABOR PARTY,False,ALP,14618,35646,True
vic_la_2018,Ferntree Gully,ferntree-gully,general-election,https://itsitecoreblobvecprd01.blob.core.windows.net/public-files/historical-results/state2018/ferntreegullydistrict.html,3bc3de3cad0b446205e2c5e97fe146a4ba09bf59efeda32bcd596d8771032d7e,2,"RAYMOND, Steve",AUSTRALIAN GREENS,False,Greens,3414,35646,True
vic_la_2018,Ferntree Gully,ferntree-gully,general-election,https://itsitecoreblobvecprd01.blob.core.windows.net/public-files/historical-results/state2018/ferntreegullydistrict.html,3bc3de3cad0b446205e2c5e97fe146a4ba09bf59efeda32bcd596d8771032d7e,3,"WAKELING, Nick",LIBERAL,False,Coalition,17614,35646,True
vic_la_2018,Footscray,footscray,general-election,https://itsitecoreblobvecprd01.blob.core.windows.net/public-files/historical-results/state2018/footscraydistrict.html,c849dfa81f5eee9b72f9411bfd3f8771f722409c9ca21e76e52b5367b0a8be65,1,"SUN, Shan",ANIMAL JUSTICE PARTY,False,Other/Independent,3177,41803,True
vic_la_2018,Footscray,footscray,general-election,https://itsitecoreblobvecprd01.blob.core.windows.net/public-files/historical-results/state2018/footscraydistrict.html,c849dfa81f5eee9b72f9411bfd3f8771f722409c9ca21e76e52b5367b0a8be65,2,"McALPINE, Angus",AUSTRALIAN GREENS,False,Greens,6996,41803,True
vic_la_2018,Footscray,footscray,general-election,https://itsitecoreblobvecprd01.blob.core.windows.net/public-files/historical-results/state2018/footscraydistrict.html,c849dfa81f5eee9b72f9411bfd3f8771f722409c9ca21e76e52b5367b0a8be65,3,"HALL, Katie",AUSTRALIAN LABOR PARTY,False,ALP,23877,41803,True
vic_la_2018,Footscray,footscray,general-election,https://itsitecoreblobvecprd01.blob.core.windows.net/public-files/historical-results/state2018/footscraydistrict.html,c849dfa81f5eee9b72f9411bfd3f8771f722409c9ca21e76e52b5367b0a8be65,4,"JOESIKA, Emete",LIBERAL,False,Coalition,7753,41803,True
vic_la_2018,Forest Hill,forest-hill,general-election,https://itsitecoreblobvecprd01.blob.core.windows.net/public-files/historical-results/state2018/foresthilldistrict.html,043f6336f26862012089f1049144d9fac93eb240038c8e34a4c741a45489eb46,1,"KUMAR, Manoj",AUSTRALIAN LABOR PARTY,False,ALP,14164,34913,True
vic_la_2018,Forest Hill,forest-hill,general-election,https://itsitecoreblobvecprd01.blob.core.windows.net/public-files/historical-results/state2018/foresthilldistrict.html,043f6336f26862012089f1049144d9fac93eb240038c8e34a4c741a45489eb46,2,"BAI, Claude",,True,Other/Independent,696,34913,True
vic_la_2018,Forest Hill,forest-hill,general-election,https://itsitecoreblobvecprd01.blob.core.windows.net/public-files/historical-results/state2018/foresthilldistrict.html,043f6336f26862012089f1049144d9fac93eb240038c8e34a4c741a45489eb46,3,"BHALLA, Naresh",AUSTRALIAN GREENS,False,Greens,3083,34913,True
vic_la_2018,Forest Hill,forest-hill,general-election,https://itsitecoreblobvecprd01.blob.core.windows.net/public-files/historical-results/state2018/foresthilldistrict.html,043f6336f26862012089f1049144d9fac93eb240038c8e34a4c741a45489eb46,4,"ANGUS, Neil",LIBERAL,False,Coalition,16970,34913,True
vic_la_2018,Frankston,frankston,general-election,https://itsitecoreblobvecprd01.blob.core.windows.net/public-files/historical-results/state2018/frankstondistrict.html,dc00107e921a6c9c94eabb923a915165baa3b918b063f9397a7d197dbec91285,1,"KELSALL, Henry",,True,Other/Independent,790,36734,True
vic_la_2018,Frankston,frankston,general-election,https://itsitecoreblobvecprd01.blob.core.windows.net/public-files/historical-results/state2018/frankstondistrict.html,dc00107e921a6c9c94eabb923a915165baa3b918b063f9397a7d197dbec91285,2,"O'CONNELL, Lachlan",DERRYN HINCH'S JUSTICE PARTY,False,Other/Independent,1564,36734,True
vic_la_2018,Frankston,frankston,general-election,https://itsitecoreblobvecprd01.blob.core.windows.net/public-files/historical-results/state2018/frankstondistrict.html,dc00107e921a6c9c94eabb923a915165baa3b918b063f9397a7d197dbec91285,3,"LANE, Colin",AUSTRALIAN GREENS,False,Greens,2781,36734,True
vic_la_2018,Frankston,frankston,general-election,https://itsitecoreblobvecprd01.blob.core.windows.net/public-files/historical-results/state2018/frankstondistrict.html,dc00107e921a6c9c94eabb923a915165baa3b918b063f9397a7d197dbec91285,4,"LONG, Michael",LABOUR DLP,False,Other/Independent,1366,36734,True
vic_la_2018,Frankston,frankston,general-election,https://itsitecoreblobvecprd01.blob.core.windows.net/public-files/historical-results/state2018/frankstondistrict.html,dc00107e921a6c9c94eabb923a915165baa3b918b063f9397a7d197dbec91285,5,"LAMB, Michael",LIBERAL,False,Coalition,12005,36734,True
vic_la_2018,Frankston,frankston,general-election,https://itsitecoreblobvecprd01.blob.core.windows.net/public-files/historical-results/state2018/frankstondistrict.html,dc00107e921a6c9c94eabb923a915165baa3b918b063f9397a7d197dbec91285,6,"PERSSON, James",ANIMAL JUSTICE PARTY,False,Other/Independent,1142,36734,True
vic_la_2018,Frankston,frankston,general-election,https://itsitecoreblobvecprd01.blob.core.windows.net/public-files/historical-results/state2018/frankstondistrict.html,dc00107e921a6c9c94eabb923a915165baa3b918b063f9397a7d197dbec91285,7,"RUDRA, Jyothi",TRANSPORT MATTERS,False,Other/Independent,242,36734,True
vic_la_2018,Frankston,frankston,general-election,https://itsitecoreblobvecprd01.blob.core.windows.net/public-files/historical-results/state2018/frankstondistrict.html,dc00107e921a6c9c94eabb923a915165baa3b918b063f9397a7d197dbec91285,8,"EDBROOKE, Paul",AUSTRALIAN LABOR PARTY,False,ALP,16844,36734,True
vic_la_2018,Geelong,geelong,general-election,https://itsitecoreblobvecprd01.blob.core.windows.net/public-files/historical-results/state2018/geelongdistrict.html,a3d27b3ba774969675e99d3595e6ede56828042958aa98cc5e5a31de8335240a,1,"FIDGE, Freya",LIBERAL,False,Coalition,8327,41316,True
vic_la_2018,Geelong,geelong,general-election,https://itsitecoreblobvecprd01.blob.core.windows.net/public-files/historical-results/state2018/geelongdistrict.html,a3d27b3ba774969675e99d3595e6ede56828042958aa98cc5e5a31de8335240a,2,"JACKA, Jacki",ANIMAL JUSTICE PARTY,False,Other/Independent,1173,41316,True
vic_la_2018,Geelong,geelong,general-election,https://itsitecoreblobvecprd01.blob.core.windows.net/public-files/historical-results/state2018/geelongdistrict.html,a3d27b3ba774969675e99d3595e6ede56828042958aa98cc5e5a31de8335240a,3,"WOLF, Gottfried",,True,Other/Independent,300,41316,True
vic_la_2018,Geelong,geelong,general-election,https://itsitecoreblobvecprd01.blob.core.windows.net/public-files/historical-results/state2018/geelongdistrict.html,a3d27b3ba774969675e99d3595e6ede56828042958aa98cc5e5a31de8335240a,4,"JUHASZ, Stephen",,True,Other/Independent,256,41316,True
vic_la_2018,Geelong,geelong,general-election,https://itsitecoreblobvecprd01.blob.core.windows.net/public-files/historical-results/state2018/geelongdistrict.html,a3d27b3ba774969675e99d3595e6ede56828042958aa98cc5e5a31de8335240a,5,"HATHWAY, Sarah",VICTORIAN SOCIALISTS,False,Other/Independent,464,41316,True
vic_la_2018,Geelong,geelong,general-election,https://itsitecoreblobvecprd01.blob.core.windows.net/public-files/historical-results/state2018/geelongdistrict.html,a3d27b3ba774969675e99d3595e6ede56828042958aa98cc5e5a31de8335240a,6,"NEWMAN, Lois",AUSTRALIAN GREENS,False,Greens,3922,41316,True
vic_la_2018,Geelong,geelong,general-election,https://itsitecoreblobvecprd01.blob.core.windows.net/public-files/historical-results/state2018/geelongdistrict.html,a3d27b3ba774969675e99d3595e6ede56828042958aa98cc5e5a31de8335240a,7,"COUZENS, Christine",AUSTRALIAN LABOR PARTY,False,ALP,16680,41316,True
vic_la_2018,Geelong,geelong,general-election,https://itsitecoreblobvecprd01.blob.core.windows.net/public-files/historical-results/state2018/geelongdistrict.html,a3d27b3ba774969675e99d3595e6ede56828042958aa98cc5e5a31de8335240a,8,"LYONS, Darryn",,True,Other/Independent,10194,41316,True
vic_la_2018,Gembrook,gembrook,general-election,https://itsitecoreblobvecprd01.blob.core.windows.net/public-files/historical-results/state2018/gembrookdistrict.html,7c2cc94ebcabd39f232efd4ae6ab6c77ef85369cecf5b9419cdf43b256d61449,1,"GREGOROVICH, Amy",AUSTRALIAN GREENS,False,Greens,4667,43934,True
vic_la_2018,Gembrook,gembrook,general-election,https://itsitecoreblobvecprd01.blob.core.windows.net/public-files/historical-results/state2018/gembrookdistrict.html,7c2cc94ebcabd39f232efd4ae6ab6c77ef85369cecf5b9419cdf43b256d61449,2,"GALEA, Michael",AUSTRALIAN LABOR PARTY,False,ALP,18065,43934,True
vic_la_2018,Gembrook,gembrook,general-election,https://itsitecoreblobvecprd01.blob.core.windows.net/public-files/historical-results/state2018/gembrookdistrict.html,7c2cc94ebcabd39f232efd4ae6ab6c77ef85369cecf5b9419cdf43b256d61449,3,"BATTIN, Brad",LIBERAL,False,Coalition,21202,43934,True
vic_la_2018,Gippsland East,gippsland-east,general-election,https://itsitecoreblobvecprd01.blob.core.windows.net/public-files/historical-results/state2018/gippslandeastdistrict.html,94aa7c21741d869602fd42bff31a705298b55af4e37549bb6571e8d147adb03c,1,"BUCKLEY, Sonia",LIBERAL DEMOCRATS,False,Other/Independent,2507,39550,True
vic_la_2018,Gippsland East,gippsland-east,general-election,https://itsitecoreblobvecprd01.blob.core.windows.net/public-files/historical-results/state2018/gippslandeastdistrict.html,94aa7c21741d869602fd42bff31a705298b55af4e37549bb6571e8d147adb03c,2,"STEPHENSON, Matt",,True,Other/Independent,1509,39550,True
vic_la_2018,Gippsland East,gippsland-east,general-election,https://itsitecoreblobvecprd01.blob.core.windows.net/public-files/historical-results/state2018/gippslandeastdistrict.html,94aa7c21741d869602fd42bff31a705298b55af4e37549bb6571e8d147adb03c,3,"FOSKEY, Deb",AUSTRALIAN GREENS,False,Greens,2455,39550,True
vic_la_2018,Gippsland East,gippsland-east,general-election,https://itsitecoreblobvecprd01.blob.core.windows.net/public-files/historical-results/state2018/gippslandeastdistrict.html,94aa7c21741d869602fd42bff31a705298b55af4e37549bb6571e8d147adb03c,4,"REEVES, Mark",AUSTRALIAN LABOR PARTY,False,ALP,8589,39550,True
vic_la_2018,Gippsland East,gippsland-east,general-election,https://itsitecoreblobvecprd01.blob.core.windows.net/public-files/historical-results/state2018/gippslandeastdistrict.html,94aa7c21741d869602fd42bff31a705298b55af4e37549bb6571e8d147adb03c,5,"BULL, Tim",THE NATIONALS,False,Coalition,22438,39550,True
vic_la_2018,Gippsland East,gippsland-east,general-election,https://itsitecoreblobvecprd01.blob.core.windows.net/public-files/historical-results/state2018/gippslandeastdistrict.html,94aa7c21741d869602fd42bff31a705298b55af4e37549bb6571e8d147adb03c,6,"GARRETT, Benjamin",,True,Other/Independent,842,39550,True
vic_la_2018,Gippsland East,gippsland-east,general-election,https://itsitecoreblobvecprd01.blob.core.windows.net/public-files/historical-results/state2018/gippslandeastdistrict.html,94aa7c21741d869602fd42bff31a705298b55af4e37549bb6571e8d147adb03c,7,"NEOPHYTOU, George",,True,Other/Independent,1210,39550,True
vic_la_2018,Gippsland South,gippsland-south,general-election,https://itsitecoreblobvecprd01.blob.core.windows.net/public-files/historical-results/state2018/gippslandsouthdistrict.html,640a340f0dd478dbde6e7da77476b34c54e2dbe0be48b6e6ed85b288a9620a2b,1,"O'BRIEN, Danny",THE NATIONALS,False,Coalition,22813,36850,True
vic_la_2018,Gippsland South,gippsland-south,general-election,https://itsitecoreblobvecprd01.blob.core.windows.net/public-files/historical-results/state2018/gippslandsouthdistrict.html,640a340f0dd478dbde6e7da77476b34c54e2dbe0be48b6e6ed85b288a9620a2b,2,"ONLEY, Ian",AUSTRALIAN GREENS,False,Greens,3573,36850,True
vic_la_2018,Gippsland South,gippsland-south,general-election,https://itsitecoreblobvecprd01.blob.core.windows.net/public-files/historical-results/state2018/gippslandsouthdistrict.html,640a340f0dd478dbde6e7da77476b34c54e2dbe0be48b6e6ed85b288a9620a2b,3,"RYAN, Denise",AUSTRALIAN LABOR PARTY,False,ALP,10464,36850,True
vic_la_2018,Hastings,hastings,general-election,https://itsitecoreblobvecprd01.blob.core.windows.net/public-files/historical-results/state2018/hastingsdistrict.html,f9f4674ef62cd35673a20f8fcc1b6592714e611fb73fd648f5849e134ce32fb4,1,"LESSLIE, Nathan",AUSTRALIAN GREENS,False,Greens,3811,43968,True
vic_la_2018,Hastings,hastings,general-election,https://itsitecoreblobvecprd01.blob.core.windows.net/public-files/historical-results/state2018/hastingsdistrict.html,f9f4674ef62cd35673a20f8fcc1b6592714e611fb73fd648f5849e134ce32fb4,2,"MEYER, Simon",AUSTRALIAN LABOR PARTY,False,ALP,16916,43968,True
vic_la_2018,Hastings,hastings,general-election,https://itsitecoreblobvecprd01.blob.core.windows.net/public-files/historical-results/state2018/hastingsdistrict.html,f9f4674ef62cd35673a20f8fcc1b6592714e611fb73fd648f5849e134ce32fb4,3,"BURGESS, Neale",LIBERAL,False,Coalition,20361,43968,True
vic_la_2018,Hastings,hastings,general-election,https://itsitecoreblobvecprd01.blob.core.windows.net/public-files/historical-results/state2018/hastingsdistrict.html,f9f4674ef62cd35673a20f8fcc1b6592714e611fb73fd648f5849e134ce32fb4,4,"KNIGHT, Georgia",ANIMAL JUSTICE PARTY,False,Other/Independent,2880,43968,True
vic_la_2018,Hawthorn,hawthorn,general-election,https://itsitecoreblobvecprd01.blob.core.windows.net/public-files/historical-results/state2018/hawthorndistrict.html,2e2973c77a571ec646da6042c22e7c53f1cc90abf596a8518144be276805af5a,1,"BIEBER, Nicholas",AUSTRALIAN GREENS,False,Greens,7167,39256,True
vic_la_2018,Hawthorn,hawthorn,general-election,https://itsitecoreblobvecprd01.blob.core.windows.net/public-files/historical-results/state2018/hawthorndistrict.html,2e2973c77a571ec646da6042c22e7c53f1cc90abf596a8518144be276805af5a,2,"PESUTTO, John",LIBERAL,False,Coalition,17231,39256,True
vic_la_2018,Hawthorn,hawthorn,general-election,https://itsitecoreblobvecprd01.blob.core.windows.net/public-files/historical-results/state2018/hawthorndistrict.html,2e2973c77a571ec646da6042c22e7c53f1cc90abf596a8518144be276805af5a,3,"GRUMMET, Richard",,True,Other/Independent,367,39256,True
vic_la_2018,Hawthorn,hawthorn,general-election,https://itsitecoreblobvecprd01.blob.core.windows.net/public-files/historical-results/state2018/hawthorndistrict.html,2e2973c77a571ec646da6042c22e7c53f1cc90abf596a8518144be276805af5a,4,"WRIGHT, Catherine",ANIMAL JUSTICE PARTY,False,Other/Independent,885,39256,True
vic_la_2018,Hawthorn,hawthorn,general-election,https://itsitecoreblobvecprd01.blob.core.windows.net/public-files/historical-results/state2018/hawthorndistrict.html,2e2973c77a571ec646da6042c22e7c53f1cc90abf596a8518144be276805af5a,5,"KENNEDY, John Ormond",AUSTRALIAN LABOR PARTY,False,ALP,12646,39256,True
vic_la_2018,Hawthorn,hawthorn,general-election,https://itsitecoreblobvecprd01.blob.core.windows.net/public-files/historical-results/state2018/hawthorndistrict.html,2e2973c77a571ec646da6042c22e7c53f1cc90abf596a8518144be276805af5a,6,"PATERSON, Sophie",SUSTAINABLE AUSTRALIA,False,Other/Independent,960,39256,True
vic_la_2018,Ivanhoe,ivanhoe,general-election,https://itsitecoreblobvecprd01.blob.core.windows.net/public-files/historical-results/state2018/ivanhoedistrict.html,a51affdba06a2cd142c3964bb2f0ad11a42c453b53389c988720f738b7828f50,1,"CARBINES, Anthony",AUSTRALIAN LABOR PARTY,False,ALP,18800,40475,True
vic_la_2018,Ivanhoe,ivanhoe,general-election,https://itsitecoreblobvecprd01.blob.core.windows.net/public-files/historical-results/state2018/ivanhoedistrict.html,a51affdba06a2cd142c3964bb2f0ad11a42c453b53389c988720f738b7828f50,2,"LANGDON, Craig",,True,Other/Independent,1969,40475,True
vic_la_2018,Ivanhoe,ivanhoe,general-election,https://itsitecoreblobvecprd01.blob.core.windows.net/public-files/historical-results/state2018/ivanhoedistrict.html,a51affdba06a2cd142c3964bb2f0ad11a42c453b53389c988720f738b7828f50,3,"CONLEY, Andrew",AUSTRALIAN GREENS,False,Greens,5962,40475,True
vic_la_2018,Ivanhoe,ivanhoe,general-election,https://itsitecoreblobvecprd01.blob.core.windows.net/public-files/historical-results/state2018/ivanhoedistrict.html,a51affdba06a2cd142c3964bb2f0ad11a42c453b53389c988720f738b7828f50,4,"CLARK, Monica",LIBERAL,False,Coalition,13084,40475,True
vic_la_2018,Ivanhoe,ivanhoe,general-election,https://itsitecoreblobvecprd01.blob.core.windows.net/public-files/historical-results/state2018/ivanhoedistrict.html,a51affdba06a2cd142c3964bb2f0ad11a42c453b53389c988720f738b7828f50,5,"JENKINS, Philip",LABOUR DLP,False,Other/Independent,660,40475,True
vic_la_2018,Kew,kew,general-election,https://itsitecoreblobvecprd01.blob.core.windows.net/public-files/historical-results/state2018/kewdistrict.html,446e4bc85fb598323d825f9af3cc3ed0947a0251f7ae51e88e784b09e6bd32d5,1,"MARKS, Alex",AUSTRALIAN GREENS,False,Greens,5961,38769,True
vic_la_2018,Kew,kew,general-election,https://itsitecoreblobvecprd01.blob.core.windows.net/public-files/historical-results/state2018/kewdistrict.html,446e4bc85fb598323d825f9af3cc3ed0947a0251f7ae51e88e784b09e6bd32d5,2,"SMITH, Tim",LIBERAL,False,Coalition,19098,38769,True
vic_la_2018,Kew,kew,general-election,https://itsitecoreblobvecprd01.blob.core.windows.net/public-files/historical-results/state2018/kewdistrict.html,446e4bc85fb598323d825f9af3cc3ed0947a0251f7ae51e88e784b09e6bd32d5,3,"D'ARCY, Marg",AUSTRALIAN LABOR PARTY,False,ALP,11960,38769,True
vic_la_2018,Kew,kew,general-election,https://itsitecoreblobvecprd01.blob.core.windows.net/public-files/historical-results/state2018/kewdistrict.html,446e4bc85fb598323d825f9af3cc3ed0947a0251f7ae51e88e784b09e6bd32d5,4,"SCATURCHIO, Paul",SUSTAINABLE AUSTRALIA,False,Other/Independent,835,38769,True
vic_la_2018,Kew,kew,general-election,https://itsitecoreblobvecprd01.blob.core.windows.net/public-files/historical-results/state2018/kewdistrict.html,446e4bc85fb598323d825f9af3cc3ed0947a0251f7ae51e88e784b09e6bd32d5,5,"GARDINER, Bronwyn",ANIMAL JUSTICE PARTY,False,Other/Independent,915,38769,True
vic_la_2018,Keysborough,keysborough,general-election,https://itsitecoreblobvecprd01.blob.core.windows.net/public-files/historical-results/state2018/keysboroughdistrict.html,19a8d863dd3b6c470d46c17dbd61d140c4d2d0b88eead183ccd441328e4dc7f7,1,"TAYLOR, Darrel",LIBERAL,False,Coalition,10919,38089,True
vic_la_2018,Keysborough,keysborough,general-election,https://itsitecoreblobvecprd01.blob.core.windows.net/public-files/historical-results/state2018/keysboroughdistrict.html,19a8d863dd3b6c470d46c17dbd61d140c4d2d0b88eead183ccd441328e4dc7f7,2,"VO, Hung",,True,Other/Independent,2401,38089,True
vic_la_2018,Keysborough,keysborough,general-election,https://itsitecoreblobvecprd01.blob.core.windows.net/public-files/historical-results/state2018/keysboroughdistrict.html,19a8d863dd3b6c470d46c17dbd61d140c4d2d0b88eead183ccd441328e4dc7f7,3,"AFZAL, Usman Mohammed",TRANSPORT MATTERS,False,Other/Independent,680,38089,True
vic_la_2018,Keysborough,keysborough,general-election,https://itsitecoreblobvecprd01.blob.core.windows.net/public-files/historical-results/state2018/keysboroughdistrict.html,19a8d863dd3b6c470d46c17dbd61d140c4d2d0b88eead183ccd441328e4dc7f7,4,"PAKULA, Martin",AUSTRALIAN LABOR PARTY,False,ALP,20800,38089,True
vic_la_2018,Keysborough,keysborough,general-election,https://itsitecoreblobvecprd01.blob.core.windows.net/public-files/historical-results/state2018/keysboroughdistrict.html,19a8d863dd3b6c470d46c17dbd61d140c4d2d0b88eead183ccd441328e4dc7f7,5,"McALPINE, Ken",AUSTRALIAN GREENS,False,Greens,1882,38089,True
vic_la_2018,Keysborough,keysborough,general-election,https://itsitecoreblobvecprd01.blob.core.windows.net/public-files/historical-results/state2018/keysboroughdistrict.html,19a8d863dd3b6c470d46c17dbd61d140c4d2d0b88eead183ccd441328e4dc7f7,6,"JEGES, Helen",ANIMAL JUSTICE PARTY,False,Other/Independent,1407,38089,True
vic_la_2018,Kororoit,kororoit,general-election,https://itsitecoreblobvecprd01.blob.core.windows.net/public-files/historical-results/state2018/kororoitdistrict.html,75e93f70fcc6e7e1a2c020ecf89c5e778b05f94c6054a8741184be8dd9b06f57,1,"DIVITA, Katherine",ANIMAL JUSTICE PARTY,False,Other/Independent,3180,42148,True
vic_la_2018,Kororoit,kororoit,general-election,https://itsitecoreblobvecprd01.blob.core.windows.net/public-files/historical-results/state2018/kororoitdistrict.html,75e93f70fcc6e7e1a2c020ecf89c5e778b05f94c6054a8741184be8dd9b06f57,2,"WARING, Rohan",AUSTRALIAN GREENS,False,Greens,3615,42148,True
vic_la_2018,Kororoit,kororoit,general-election,https://itsitecoreblobvecprd01.blob.core.windows.net/public-files/historical-results/state2018/kororoitdistrict.html,75e93f70fcc6e7e1a2c020ecf89c5e778b05f94c6054a8741184be8dd9b06f57,3,"KAIROUZ, Marlene",AUSTRALIAN LABOR PARTY,False,ALP,26769,42148,True
vic_la_2018,Kororoit,kororoit,general-election,https://itsitecoreblobvecprd01.blob.core.windows.net/public-files/historical-results/state2018/kororoitdistrict.html,75e93f70fcc6e7e1a2c020ecf89c5e778b05f94c6054a8741184be8dd9b06f57,4,"HAQUE, Golam",LIBERAL,False,Coalition,8584,42148,True
vic_la_2018,Lara,lara,general-election,https://itsitecoreblobvecprd01.blob.core.windows.net/public-files/historical-results/state2018/laradistrict.html,168e4059baf37298e7d362ab82810ec8a82bafd7bcd2b0d45df1f27381c9ac4a,1,"CARDIGAN, Dean",VICTORIAN SOCIALISTS,False,Other/Independent,1408,39624,True
vic_la_2018,Lara,lara,general-election,https://itsitecoreblobvecprd01.blob.core.windows.net/public-files/historical-results/state2018/laradistrict.html,168e4059baf37298e7d362ab82810ec8a82bafd7bcd2b0d45df1f27381c9ac4a,2,"BAKER, Bronwen",ANIMAL JUSTICE PARTY,False,Other/Independent,2740,39624,True
vic_la_2018,Lara,lara,general-election,https://itsitecoreblobvecprd01.blob.core.windows.net/public-files/historical-results/state2018/laradistrict.html,168e4059baf37298e7d362ab82810ec8a82bafd7bcd2b0d45df1f27381c9ac4a,3,"Di PASQUALE, Melissa",LIBERAL,False,Coalition,9559,39624,True
vic_la_2018,Lara,lara,general-election,https://itsitecoreblobvecprd01.blob.core.windows.net/public-files/historical-results/state2018/laradistrict.html,168e4059baf37298e7d362ab82810ec8a82bafd7bcd2b0d45df1f27381c9ac4a,4,"FORBES, Amber",AUSTRALIAN GREENS,False,Greens,2966,39624,True
vic_la_2018,Lara,lara,general-election,https://itsitecoreblobvecprd01.blob.core.windows.net/public-files/historical-results/state2018/laradistrict.html,168e4059baf37298e7d362ab82810ec8a82bafd7bcd2b0d45df1f27381c9ac4a,5,"EREN, John",AUSTRALIAN LABOR PARTY,False,ALP,22951,39624,True
vic_la_2018,Lowan,lowan,general-election,https://itsitecoreblobvecprd01.blob.core.windows.net/public-files/historical-results/state2018/lowandistrict.html,738317a6e3750bb5ebaaed90e1e4af0bb0dbf25fedb6a438086f03a5932f6513,1,"KEALY, Emma",THE NATIONALS,False,Coalition,25562,38187,True
vic_la_2018,Lowan,lowan,general-election,https://itsitecoreblobvecprd01.blob.core.windows.net/public-files/historical-results/state2018/lowandistrict.html,738317a6e3750bb5ebaaed90e1e4af0bb0dbf25fedb6a438086f03a5932f6513,2,"SHEA, Barry",,True,Other/Independent,2470,38187,True
vic_la_2018,Lowan,lowan,general-election,https://itsitecoreblobvecprd01.blob.core.windows.net/public-files/historical-results/state2018/lowandistrict.html,738317a6e3750bb5ebaaed90e1e4af0bb0dbf25fedb6a438086f03a5932f6513,3,"BILLI, Maurice",AUSTRALIAN LABOR PARTY,False,ALP,7681,38187,True
vic_la_2018,Lowan,lowan,general-election,https://itsitecoreblobvecprd01.blob.core.windows.net/public-files/historical-results/state2018/lowandistrict.html,738317a6e3750bb5ebaaed90e1e4af0bb0dbf25fedb6a438086f03a5932f6513,4,"GRENFELL, Trevor",VICTORIAN SOCIALISTS,False,Other/Independent,434,38187,True
vic_la_2018,Lowan,lowan,general-election,https://itsitecoreblobvecprd01.blob.core.windows.net/public-files/historical-results/state2018/lowandistrict.html,738317a6e3750bb5ebaaed90e1e4af0bb0dbf25fedb6a438086f03a5932f6513,5,"LANE, Richard",AUSTRALIAN GREENS,False,Greens,2040,38187,True
vic_la_2018,Macedon,macedon,general-election,https://itsitecoreblobvecprd01.blob.core.windows.net/public-files/historical-results/state2018/macedondistrict.html,027045ddfd5fbb992fcaccc76eba5721d342302d0d759bbe45c2441c081c623a,1,"O'BRIEN, Tony",LABOUR DLP,False,Other/Independent,1296,40133,True
vic_la_2018,Macedon,macedon,general-election,https://itsitecoreblobvecprd01.blob.core.windows.net/public-files/historical-results/state2018/macedondistrict.html,027045ddfd5fbb992fcaccc76eba5721d342302d0d759bbe45c2441c081c623a,2,"BAKES, Rob",,True,Other/Independent,1230,40133,True
vic_la_2018,Macedon,macedon,general-election,https://itsitecoreblobvecprd01.blob.core.windows.net/public-files/historical-results/state2018/macedondistrict.html,027045ddfd5fbb992fcaccc76eba5721d342302d0d759bbe45c2441c081c623a,3,"THOMAS, Mary-Anne",AUSTRALIAN LABOR PARTY,False,ALP,19251,40133,True
vic_la_2018,Macedon,macedon,general-election,https://itsitecoreblobvecprd01.blob.core.windows.net/public-files/historical-results/state2018/macedondistrict.html,027045ddfd5fbb992fcaccc76eba5721d342302d0d759bbe45c2441c081c623a,4,"PARRAMORE, Ruth",ANIMAL JUSTICE PARTY,False,Other/Independent,1584,40133,True
vic_la_2018,Macedon,macedon,general-election,https://itsitecoreblobvecprd01.blob.core.windows.net/public-files/historical-results/state2018/macedondistrict.html,027045ddfd5fbb992fcaccc76eba5721d342302d0d759bbe45c2441c081c623a,5,"MILLAR, Amanda",LIBERAL,False,Coalition,12836,40133,True
vic_la_2018,Macedon,macedon,general-election,https://itsitecoreblobvecprd01.blob.core.windows.net/public-files/historical-results/state2018/macedondistrict.html,027045ddfd5fbb992fcaccc76eba5721d342302d0d759bbe45c2441c081c623a,6,"THESING, Ralf",AUSTRALIAN GREENS,False,Greens,3936,40133,True
vic_la_2018,Malvern,malvern,general-election,https://itsitecoreblobvecprd01.blob.core.windows.net/public-files/historical-results/state2018/malverndistrict.html,0ecac15ced18bf5055ddab12ad800858409855975993c7f8665ee7fc929a2de9,1,"MORAN, Michaela",SUSTAINABLE AUSTRALIA,False,Other/Independent,1161,37080,True
vic_la_2018,Malvern,malvern,general-election,https://itsitecoreblobvecprd01.blob.core.windows.net/public-files/historical-results/state2018/malverndistrict.html,0ecac15ced18bf5055ddab12ad800858409855975993c7f8665ee7fc929a2de9,2,"FEILD, Candace",ANIMAL JUSTICE PARTY,False,Other/Independent,1116,37080,True
vic_la_2018,Malvern,malvern,general-election,https://itsitecoreblobvecprd01.blob.core.windows.net/public-files/historical-results/state2018/malverndistrict.html,0ecac15ced18bf5055ddab12ad800858409855975993c7f8665ee7fc929a2de9,3,"SQUIRES, Oliver",AUSTRALIAN LABOR PARTY,False,ALP,11141,37080,True
vic_la_2018,Malvern,malvern,general-election,https://itsitecoreblobvecprd01.blob.core.windows.net/public-files/historical-results/state2018/malverndistrict.html,0ecac15ced18bf5055ddab12ad800858409855975993c7f8665ee7fc929a2de9,4,"O'BRIEN, Michael",LIBERAL,False,Coalition,19003,37080,True
vic_la_2018,Malvern,malvern,general-election,https://itsitecoreblobvecprd01.blob.core.windows.net/public-files/historical-results/state2018/malverndistrict.html,0ecac15ced18bf5055ddab12ad800858409855975993c7f8665ee7fc929a2de9,5,"MORGAN, Polly",AUSTRALIAN GREENS,False,Greens,4659,37080,True
vic_la_2018,Melbourne,melbourne,general-election,https://itsitecoreblobvecprd01.blob.core.windows.net/public-files/historical-results/state2018/melbournedistrict.html,a7810708bd3c33f027bb8608dc95bd8f4023bd6317ca2dfa4c475fc250a90ec5,1,"SANDELL, Ellen",AUSTRALIAN GREENS,False,Greens,15755,40557,True
vic_la_2018,Melbourne,melbourne,general-election,https://itsitecoreblobvecprd01.blob.core.windows.net/public-files/historical-results/state2018/melbournedistrict.html,a7810708bd3c33f027bb8608dc95bd8f4023bd6317ca2dfa4c475fc250a90ec5,2,"SCHADE, Darin",LIBERAL,False,Coalition,6920,40557,True
vic_la_2018,Melbourne,melbourne,general-election,https://itsitecoreblobvecprd01.blob.core.windows.net/public-files/historical-results/state2018/melbournedistrict.html,a7810708bd3c33f027bb8608dc95bd8f4023bd6317ca2dfa4c475fc250a90ec5,3,"HANLON, Peter",,True,Other/Independent,328,40557,True
vic_la_2018,Melbourne,melbourne,general-election,https://itsitecoreblobvecprd01.blob.core.windows.net/public-files/historical-results/state2018/melbournedistrict.html,a7810708bd3c33f027bb8608dc95bd8f4023bd6317ca2dfa4c475fc250a90ec5,4,"ROOKES, Benjamin",LIBERAL DEMOCRATS,False,Other/Independent,410,40557,True
vic_la_2018,Melbourne,melbourne,general-election,https://itsitecoreblobvecprd01.blob.core.windows.net/public-files/historical-results/state2018/melbournedistrict.html,a7810708bd3c33f027bb8608dc95bd8f4023bd6317ca2dfa4c475fc250a90ec5,5,"FUHRMANN, Kim",AUSSIE BATTLER PARTY,False,Other/Independent,233,40557,True
vic_la_2018,Melbourne,melbourne,general-election,https://itsitecoreblobvecprd01.blob.core.windows.net/public-files/historical-results/state2018/melbournedistrict.html,a7810708bd3c33f027bb8608dc95bd8f4023bd6317ca2dfa4c475fc250a90ec5,6,"KANIS, Jennifer",AUSTRALIAN LABOR PARTY,False,ALP,14568,40557,True
vic_la_2018,Melbourne,melbourne,general-election,https://itsitecoreblobvecprd01.blob.core.windows.net/public-files/historical-results/state2018/melbournedistrict.html,a7810708bd3c33f027bb8608dc95bd8f4023bd6317ca2dfa4c475fc250a90ec5,7,"POPE, Lawrence",ANIMAL JUSTICE PARTY,False,Other/Independent,830,40557,True
vic_la_2018,Melbourne,melbourne,general-election,https://itsitecoreblobvecprd01.blob.core.windows.net/public-files/historical-results/state2018/melbournedistrict.html,a7810708bd3c33f027bb8608dc95bd8f4023bd6317ca2dfa4c475fc250a90ec5,8,"CLOSE, Leo",FIONA PATTEN'S REASON PARTY,False,Other/Independent,1513,40557,True
vic_la_2018,Melton,melton,general-election,https://itsitecoreblobvecprd01.blob.core.windows.net/public-files/historical-results/state2018/meltondistrict.html,2a7d744c65d9b98de0ab36e0e4b282d05f0a6c470e9bd14ec84c6206bc2ed019,1,"TURNER, Bob",,True,Other/Independent,4108,42055,True
vic_la_2018,Melton,melton,general-election,https://itsitecoreblobvecprd01.blob.core.windows.net/public-files/historical-results/state2018/meltondistrict.html,2a7d744c65d9b98de0ab36e0e4b282d05f0a6c470e9bd14ec84c6206bc2ed019,2,"FARROW, Ryan",LIBERAL,False,Coalition,7844,42055,True
vic_la_2018,Melton,melton,general-election,https://itsitecoreblobvecprd01.blob.core.windows.net/public-files/historical-results/state2018/meltondistrict.html,2a7d744c65d9b98de0ab36e0e4b282d05f0a6c470e9bd14ec84c6206bc2ed019,3,"STIRLING, Grant",,True,Other/Independent,424,42055,True
vic_la_2018,Melton,melton,general-election,https://itsitecoreblobvecprd01.blob.core.windows.net/public-files/historical-results/state2018/meltondistrict.html,2a7d744c65d9b98de0ab36e0e4b282d05f0a6c470e9bd14ec84c6206bc2ed019,4,"BINGHAM, Jarrod",,True,Other/Independent,2842,42055,True
vic_la_2018,Melton,melton,general-election,https://itsitecoreblobvecprd01.blob.core.windows.net/public-files/historical-results/state2018/meltondistrict.html,2a7d744c65d9b98de0ab36e0e4b282d05f0a6c470e9bd14ec84c6206bc2ed019,5,"SINGH, Harkirat",AUSTRALIAN GREENS,False,Greens,1980,42055,True
vic_la_2018,Melton,melton,general-election,https://itsitecoreblobvecprd01.blob.core.windows.net/public-files/historical-results/state2018/meltondistrict.html,2a7d744c65d9b98de0ab36e0e4b282d05f0a6c470e9bd14ec84c6206bc2ed019,6,"RAMSEY, Sophie",,True,Other/Independent,2260,42055,True
vic_la_2018,Melton,melton,general-election,https://itsitecoreblobvecprd01.blob.core.windows.net/public-files/historical-results/state2018/meltondistrict.html,2a7d744c65d9b98de0ab36e0e4b282d05f0a6c470e9bd14ec84c6206bc2ed019,7,"BENNETT, Victor",LABOUR DLP,False,Other/Independent,1166,42055,True
vic_la_2018,Melton,melton,general-election,https://itsitecoreblobvecprd01.blob.core.windows.net/public-files/historical-results/state2018/meltondistrict.html,2a7d744c65d9b98de0ab36e0e4b282d05f0a6c470e9bd14ec84c6206bc2ed019,8,"GUY, Ron",VICTORIAN SOCIALISTS,False,Other/Independent,275,42055,True
vic_la_2018,Melton,melton,general-election,https://itsitecoreblobvecprd01.blob.core.windows.net/public-files/historical-results/state2018/meltondistrict.html,2a7d744c65d9b98de0ab36e0e4b282d05f0a6c470e9bd14ec84c6206bc2ed019,9,"MILTON, Tania",ANIMAL JUSTICE PARTY,False,Other/Independent,1185,42055,True
vic_la_2018,Melton,melton,general-election,https://itsitecoreblobvecprd01.blob.core.windows.net/public-files/historical-results/state2018/meltondistrict.html,2a7d744c65d9b98de0ab36e0e4b282d05f0a6c470e9bd14ec84c6206bc2ed019,10,"BIRCHALL, Ian",,True,Other/Independent,4402,42055,True
vic_la_2018,Melton,melton,general-election,https://itsitecoreblobvecprd01.blob.core.windows.net/public-files/historical-results/state2018/meltondistrict.html,2a7d744c65d9b98de0ab36e0e4b282d05f0a6c470e9bd14ec84c6206bc2ed019,11,"MCGHIE, Stephen John",AUSTRALIAN LABOR PARTY,False,ALP,14691,42055,True
vic_la_2018,Melton,melton,general-election,https://itsitecoreblobvecprd01.blob.core.windows.net/public-files/historical-results/state2018/meltondistrict.html,2a7d744c65d9b98de0ab36e0e4b282d05f0a6c470e9bd14ec84c6206bc2ed019,12,"LANG, Daryl",,True,Other/Independent,878,42055,True
vic_la_2018,Mildura,mildura,general-election,https://itsitecoreblobvecprd01.blob.core.windows.net/public-files/historical-results/state2018/milduradistrict.html,071a551436aab4c3acaf82e752b48dbd066384b47d54eb61c31c00db9b7b480f,1,"ALESSI, Tony",AUSTRALIAN LABOR PARTY,False,ALP,6404,37207,True
vic_la_2018,Mildura,mildura,general-election,https://itsitecoreblobvecprd01.blob.core.windows.net/public-files/historical-results/state2018/milduradistrict.html,071a551436aab4c3acaf82e752b48dbd066384b47d54eb61c31c00db9b7b480f,2,"MILNE, Cathryn",AUSTRALIAN GREENS,False,Greens,1414,37207,True
vic_la_2018,Mildura,mildura,general-election,https://itsitecoreblobvecprd01.blob.core.windows.net/public-files/historical-results/state2018/milduradistrict.html,071a551436aab4c3acaf82e752b48dbd066384b47d54eb61c31c00db9b7b480f,3,"CRISP, Peter",THE NATIONALS,False,Coalition,14654,37207,True
vic_la_2018,Mildura,mildura,general-election,https://itsitecoreblobvecprd01.blob.core.windows.net/public-files/historical-results/state2018/milduradistrict.html,071a551436aab4c3acaf82e752b48dbd066384b47d54eb61c31c00db9b7b480f,4,"TIMMIS, Steven John",,True,Other/Independent,2555,37207,True
vic_la_2018,Mildura,mildura,general-election,https://itsitecoreblobvecprd01.blob.core.windows.net/public-files/historical-results/state2018/milduradistrict.html,071a551436aab4c3acaf82e752b48dbd066384b47d54eb61c31c00db9b7b480f,5,"CUPPER, Ali",,True,Other/Independent,12180,37207,True
vic_la_2018,Mill Park,mill-park,general-election,https://itsitecoreblobvecprd01.blob.core.windows.net/public-files/historical-results/state2018/millparkdistrict.html,d5795b68bbb2effe1ecb5aef2d941801a8a042cd605a50fdac95b88896b5da40,1,"SIMONS, Marcia",ANIMAL JUSTICE PARTY,False,Other/Independent,2655,39433,True
vic_la_2018,Mill Park,mill-park,general-election,https://itsitecoreblobvecprd01.blob.core.windows.net/public-files/historical-results/state2018/millparkdistrict.html,d5795b68bbb2effe1ecb5aef2d941801a8a042cd605a50fdac95b88896b5da40,2,"D'AMBROSIO, Lily",AUSTRALIAN LABOR PARTY,False,ALP,24729,39433,True
vic_la_2018,Mill Park,mill-park,general-election,https://itsitecoreblobvecprd01.blob.core.windows.net/public-files/historical-results/state2018/millparkdistrict.html,d5795b68bbb2effe1ecb5aef2d941801a8a042cd605a50fdac95b88896b5da40,3,"REICH, Nicholas",VICTORIAN SOCIALISTS,False,Other/Independent,1540,39433,True
vic_la_2018,Mill Park,mill-park,general-election,https://itsitecoreblobvecprd01.blob.core.windows.net/public-files/historical-results/state2018/millparkdistrict.html,d5795b68bbb2effe1ecb5aef2d941801a8a042cd605a50fdac95b88896b5da40,4,"SINGH, Lakhwinder",LIBERAL,False,Coalition,8421,39433,True
vic_la_2018,Mill Park,mill-park,general-election,https://itsitecoreblobvecprd01.blob.core.windows.net/public-files/historical-results/state2018/millparkdistrict.html,d5795b68bbb2effe1ecb5aef2d941801a8a042cd605a50fdac95b88896b5da40,5,"EDWARDS, Alexander",AUSTRALIAN GREENS,False,Greens,2088,39433,True
vic_la_2018,Monbulk,monbulk,general-election,https://itsitecoreblobvecprd01.blob.core.windows.net/public-files/historical-results/state2018/monbulkdistrict.html,5c8b25513478b78c687afb2bd47ad2a964fc1208a53ce744107028599787f8f4,1,"NORMAN, Joshua James",LABOUR DLP,False,Other/Independent,1251,37988,True
vic_la_2018,Monbulk,monbulk,general-election,https://itsitecoreblobvecprd01.blob.core.windows.net/public-files/historical-results/state2018/monbulkdistrict.html,5c8b25513478b78c687afb2bd47ad2a964fc1208a53ce744107028599787f8f4,2,"SCHURINK, John",LIBERAL,False,Coalition,13823,37988,True
vic_la_2018,Monbulk,monbulk,general-election,https://itsitecoreblobvecprd01.blob.core.windows.net/public-files/historical-results/state2018/monbulkdistrict.html,5c8b25513478b78c687afb2bd47ad2a964fc1208a53ce744107028599787f8f4,3,"CROOK, Jordan",,True,Other/Independent,1176,37988,True
vic_la_2018,Monbulk,monbulk,general-election,https://itsitecoreblobvecprd01.blob.core.windows.net/public-files/historical-results/state2018/monbulkdistrict.html,5c8b25513478b78c687afb2bd47ad2a964fc1208a53ce744107028599787f8f4,4,"MERLINO, James",AUSTRALIAN LABOR PARTY,False,ALP,15912,37988,True
vic_la_2018,Monbulk,monbulk,general-election,https://itsitecoreblobvecprd01.blob.core.windows.net/public-files/historical-results/state2018/monbulkdistrict.html,5c8b25513478b78c687afb2bd47ad2a964fc1208a53ce744107028599787f8f4,5,"HICKS, Liz",AUSTRALIAN GREENS,False,Greens,5826,37988,True
vic_la_2018,Mordialloc,mordialloc,general-election,https://itsitecoreblobvecprd01.blob.core.windows.net/public-files/historical-results/state2018/mordiallocdistrict.html,34de72fc00160fd062e49811ef8aa81a6ab4620e3aaa5bf0ff6f70bb5a311891,1,"NOLAN, Robyn",,True,Other/Independent,859,39859,True
vic_la_2018,Mordialloc,mordialloc,general-election,https://itsitecoreblobvecprd01.blob.core.windows.net/public-files/historical-results/state2018/mordiallocdistrict.html,34de72fc00160fd062e49811ef8aa81a6ab4620e3aaa5bf0ff6f70bb5a311891,2,"RICHARDSON, Tim",AUSTRALIAN LABOR PARTY,False,ALP,19991,39859,True
vic_la_2018,Mordialloc,mordialloc,general-election,https://itsitecoreblobvecprd01.blob.core.windows.net/public-files/historical-results/state2018/mordiallocdistrict.html,34de72fc00160fd062e49811ef8aa81a6ab4620e3aaa5bf0ff6f70bb5a311891,3,"SULLIVAN, Peter",DERRYN HINCH'S JUSTICE PARTY,False,Other/Independent,1102,39859,True
vic_la_2018,Mordialloc,mordialloc,general-election,https://itsitecoreblobvecprd01.blob.core.windows.net/public-files/historical-results/state2018/mordiallocdistrict.html,34de72fc00160fd062e49811ef8aa81a6ab4620e3aaa5bf0ff6f70bb5a311891,4,"REID, Phil",,True,Other/Independent,167,39859,True
vic_la_2018,Mordialloc,mordialloc,general-election,https://itsitecoreblobvecprd01.blob.core.windows.net/public-files/historical-results/state2018/mordiallocdistrict.html,34de72fc00160fd062e49811ef8aa81a6ab4620e3aaa5bf0ff6f70bb5a311891,5,"TAYLOR, Hamish",AUSTRALIAN GREENS,False,Greens,3135,39859,True
vic_la_2018,Mordialloc,mordialloc,general-election,https://itsitecoreblobvecprd01.blob.core.windows.net/public-files/historical-results/state2018/mordiallocdistrict.html,34de72fc00160fd062e49811ef8aa81a6ab4620e3aaa5bf0ff6f70bb5a311891,6,"WATSON, Stephen",,True,Other/Independent,89,39859,True
vic_la_2018,Mordialloc,mordialloc,general-election,https://itsitecoreblobvecprd01.blob.core.windows.net/public-files/historical-results/state2018/mordiallocdistrict.html,34de72fc00160fd062e49811ef8aa81a6ab4620e3aaa5bf0ff6f70bb5a311891,7,"CURRIE, Bronwyn",ANIMAL JUSTICE PARTY,False,Other/Independent,1117,39859,True
vic_la_2018,Mordialloc,mordialloc,general-election,https://itsitecoreblobvecprd01.blob.core.windows.net/public-files/historical-results/state2018/mordiallocdistrict.html,34de72fc00160fd062e49811ef8aa81a6ab4620e3aaa5bf0ff6f70bb5a311891,8,"VERMA, Amit",TRANSPORT MATTERS,False,Other/Independent,221,39859,True
vic_la_2018,Mordialloc,mordialloc,general-election,https://itsitecoreblobvecprd01.blob.core.windows.net/public-files/historical-results/state2018/mordiallocdistrict.html,34de72fc00160fd062e49811ef8aa81a6ab4620e3aaa5bf0ff6f70bb5a311891,9,"GLEDHILL, Geoff",LIBERAL,False,Coalition,12535,39859,True
vic_la_2018,Mordialloc,mordialloc,general-election,https://itsitecoreblobvecprd01.blob.core.windows.net/public-files/historical-results/state2018/mordiallocdistrict.html,34de72fc00160fd062e49811ef8aa81a6ab4620e3aaa5bf0ff6f70bb5a311891,10,"PHILLIPS, Peter",LABOUR DLP,False,Other/Independent,643,39859,True
vic_la_2018,Mornington,mornington,general-election,https://itsitecoreblobvecprd01.blob.core.windows.net/public-files/historical-results/state2018/morningtondistrict.html,9690adf7f29bd9a1abfb2cf9ceb5093d745eeaac5cfb47f2327cdce9661b81a2,1,"MORRIS, David",LIBERAL,False,Coalition,20963,41435,True
vic_la_2018,Mornington,mornington,general-election,https://itsitecoreblobvecprd01.blob.core.windows.net/public-files/historical-results/state2018/morningtondistrict.html,9690adf7f29bd9a1abfb2cf9ceb5093d745eeaac5cfb47f2327cdce9661b81a2,2,"JACK, Tyson",ANIMAL JUSTICE PARTY,False,Other/Independent,2208,41435,True
vic_la_2018,Mornington,mornington,general-election,https://itsitecoreblobvecprd01.blob.core.windows.net/public-files/historical-results/state2018/morningtondistrict.html,9690adf7f29bd9a1abfb2cf9ceb5093d745eeaac5cfb47f2327cdce9661b81a2,3,"SINCLAIR, David",AUSTRALIAN GREENS,False,Greens,4060,41435,True
vic_la_2018,Mornington,mornington,general-election,https://itsitecoreblobvecprd01.blob.core.windows.net/public-files/historical-results/state2018/morningtondistrict.html,9690adf7f29bd9a1abfb2cf9ceb5093d745eeaac5cfb47f2327cdce9661b81a2,4,"WHITE, Ryan",AUSTRALIAN LABOR PARTY,False,ALP,14204,41435,True
vic_la_2018,Morwell,morwell,general-election,https://itsitecoreblobvecprd01.blob.core.windows.net/public-files/historical-results/state2018/morwelldistrict.html,25268b5037be09ef3397d8b516e4d79f6fddcc76426d34712ff1e1468998de85,1,"DIGGINS, Reece",AUSSIE BATTLER PARTY,False,Other/Independent,892,40142,True
vic_la_2018,Morwell,morwell,general-election,https://itsitecoreblobvecprd01.blob.core.windows.net/public-files/historical-results/state2018/morwelldistrict.html,25268b5037be09ef3397d8b516e4d79f6fddcc76426d34712ff1e1468998de85,2,"BOND, Sheridan",THE NATIONALS,False,Coalition,4283,40142,True
vic_la_2018,Morwell,morwell,general-election,https://itsitecoreblobvecprd01.blob.core.windows.net/public-files/historical-results/state2018/morwelldistrict.html,25268b5037be09ef3397d8b516e4d79f6fddcc76426d34712ff1e1468998de85,3,"LUND, Tracie",,True,Other/Independent,841,40142,True
vic_la_2018,Morwell,morwell,general-election,https://itsitecoreblobvecprd01.blob.core.windows.net/public-files/historical-results/state2018/morwelldistrict.html,25268b5037be09ef3397d8b516e4d79f6fddcc76426d34712ff1e1468998de85,4,"RICHARDS, Mark",AUSTRALIAN LABOR PARTY,False,ALP,13725,40142,True
vic_la_2018,Morwell,morwell,general-election,https://itsitecoreblobvecprd01.blob.core.windows.net/public-files/historical-results/state2018/morwelldistrict.html,25268b5037be09ef3397d8b516e4d79f6fddcc76426d34712ff1e1468998de85,5,"MUIR, Ricky","SHOOTERS, FISHERS & FARMERS VIC",False,Other/Independent,2856,40142,True
vic_la_2018,Morwell,morwell,general-election,https://itsitecoreblobvecprd01.blob.core.windows.net/public-files/historical-results/state2018/morwelldistrict.html,25268b5037be09ef3397d8b516e4d79f6fddcc76426d34712ff1e1468998de85,6,"BURGESS, Ray",,True,Other/Independent,2388,40142,True
vic_la_2018,Morwell,morwell,general-election,https://itsitecoreblobvecprd01.blob.core.windows.net/public-files/historical-results/state2018/morwelldistrict.html,25268b5037be09ef3397d8b516e4d79f6fddcc76426d34712ff1e1468998de85,7,"CAFFREY, Daniel",AUSTRALIAN GREENS,False,Greens,1460,40142,True
vic_la_2018,Morwell,morwell,general-election,https://itsitecoreblobvecprd01.blob.core.windows.net/public-files/historical-results/state2018/morwelldistrict.html,25268b5037be09ef3397d8b516e4d79f6fddcc76426d34712ff1e1468998de85,8,"HARRIMAN, Dale",LIBERAL,False,Coalition,4955,40142,True
vic_la_2018,Morwell,morwell,general-election,https://itsitecoreblobvecprd01.blob.core.windows.net/public-files/historical-results/state2018/morwelldistrict.html,25268b5037be09ef3397d8b516e4d79f6fddcc76426d34712ff1e1468998de85,9,"NORTHE, Russell",,True,Other/Independent,7851,40142,True
vic_la_2018,Morwell,morwell,general-election,https://itsitecoreblobvecprd01.blob.core.windows.net/public-files/historical-results/state2018/morwelldistrict.html,25268b5037be09ef3397d8b516e4d79f6fddcc76426d34712ff1e1468998de85,10,"KEEN, Nathan",LABOUR DLP,False,Other/Independent,654,40142,True
vic_la_2018,Morwell,morwell,general-election,https://itsitecoreblobvecprd01.blob.core.windows.net/public-files/historical-results/state2018/morwelldistrict.html,25268b5037be09ef3397d8b516e4d79f6fddcc76426d34712ff1e1468998de85,11,"SINDT, Christine",,True,Other/Independent,237,40142,True
vic_la_2018,Mount Waverley,mount-waverley,general-election,https://itsitecoreblobvecprd01.blob.core.windows.net/public-files/historical-results/state2018/mountwaverleydistrict.html,3ebcafdcf9a7ea19a1ad6c27b082c59794541eefe5d3583495684b79e3baacb7,1,"FREGON, Matt",AUSTRALIAN LABOR PARTY,False,ALP,14722,33661,True
vic_la_2018,Mount Waverley,mount-waverley,general-election,https://itsitecoreblobvecprd01.blob.core.windows.net/public-files/historical-results/state2018/mountwaverleydistrict.html,3ebcafdcf9a7ea19a1ad6c27b082c59794541eefe5d3583495684b79e3baacb7,2,"GIDLEY, Michael",LIBERAL,False,Coalition,15495,33661,True
vic_la_2018,Mount Waverley,mount-waverley,general-election,https://itsitecoreblobvecprd01.blob.core.windows.net/public-files/historical-results/state2018/mountwaverleydistrict.html,3ebcafdcf9a7ea19a1ad6c27b082c59794541eefe5d3583495684b79e3baacb7,3,"McCARTHY, Justin",AUSTRALIAN GREENS,False,Greens,3444,33661,True
vic_la_2018,Mulgrave,mulgrave,general-election,https://itsitecoreblobvecprd01.blob.core.windows.net/public-files/historical-results/state2018/mulgravedistrict.html,c696bd1c0bac18dc24b9c2469173ed3363f01ba7ef6974fcd6bc3eb41546024c,1,"RAJASINGHE, Ovi",AUSTRALIAN GREENS,False,Greens,2154,34634,True
vic_la_2018,Mulgrave,mulgrave,general-election,https://itsitecoreblobvecprd01.blob.core.windows.net/public-files/historical-results/state2018/mulgravedistrict.html,c696bd1c0bac18dc24b9c2469173ed3363f01ba7ef6974fcd6bc3eb41546024c,2,"DAVENPORT, Maree",LIBERAL,False,Coalition,11390,34634,True
vic_la_2018,Mulgrave,mulgrave,general-election,https://itsitecoreblobvecprd01.blob.core.windows.net/public-files/historical-results/state2018/mulgravedistrict.html,c696bd1c0bac18dc24b9c2469173ed3363f01ba7ef6974fcd6bc3eb41546024c,3,"ANDREWS, Daniel",AUSTRALIAN LABOR PARTY,False,ALP,19649,34634,True
vic_la_2018,Mulgrave,mulgrave,general-election,https://itsitecoreblobvecprd01.blob.core.windows.net/public-files/historical-results/state2018/mulgravedistrict.html,c696bd1c0bac18dc24b9c2469173ed3363f01ba7ef6974fcd6bc3eb41546024c,4,"MALIK, Nadeem",TRANSPORT MATTERS,False,Other/Independent,499,34634,True
vic_la_2018,Mulgrave,mulgrave,general-election,https://itsitecoreblobvecprd01.blob.core.windows.net/public-files/historical-results/state2018/mulgravedistrict.html,c696bd1c0bac18dc24b9c2469173ed3363f01ba7ef6974fcd6bc3eb41546024c,5,"KELLY, Des",LABOUR DLP,False,Other/Independent,942,34634,True
vic_la_2018,Murray Plains,murray-plains,general-election,https://itsitecoreblobvecprd01.blob.core.windows.net/public-files/historical-results/state2018/murrayplainsdistrict.html,cc0039e4183f03e87d312d16303b701930f92200efdd56e2c1431ce5891b2585,1,"STRAUB, Daniel Allan","SHOOTERS, FISHERS & FARMERS VIC",False,Other/Independent,6438,40168,True
vic_la_2018,Murray Plains,murray-plains,general-election,https://itsitecoreblobvecprd01.blob.core.windows.net/public-files/historical-results/state2018/murrayplainsdistrict.html,cc0039e4183f03e87d312d16303b701930f92200efdd56e2c1431ce5891b2585,2,"CHRISTOE, Ian",AUSTRALIAN GREENS,False,Greens,1706,40168,True
vic_la_2018,Murray Plains,murray-plains,general-election,https://itsitecoreblobvecprd01.blob.core.windows.net/public-files/historical-results/state2018/murrayplainsdistrict.html,cc0039e4183f03e87d312d16303b701930f92200efdd56e2c1431ce5891b2585,3,"WALSH, Peter",THE NATIONALS,False,Coalition,24234,40168,True
vic_la_2018,Murray Plains,murray-plains,general-election,https://itsitecoreblobvecprd01.blob.core.windows.net/public-files/historical-results/state2018/murrayplainsdistrict.html,cc0039e4183f03e87d312d16303b701930f92200efdd56e2c1431ce5891b2585,4,"WILLIAMS, Peter",AUSTRALIAN LABOR PARTY,False,ALP,7790,40168,True
vic_la_2018,Narracan,narracan,general-election,https://itsitecoreblobvecprd01.blob.core.windows.net/public-files/historical-results/state2018/narracandistrict.html,fca1c3fd1acc570012d63ba014485fea146e34f0699a00f60b85eab9ca060562,1,"LAMBDEN, Guss",,True,Other/Independent,1425,44870,True
vic_la_2018,Narracan,narracan,general-election,https://itsitecoreblobvecprd01.blob.core.windows.net/public-files/historical-results/state2018/narracandistrict.html,fca1c3fd1acc570012d63ba014485fea146e34f0699a00f60b85eab9ca060562,2,"BLACKWOOD, Gary",LIBERAL,False,Coalition,23207,44870,True
vic_la_2018,Narracan,narracan,general-election,https://itsitecoreblobvecprd01.blob.core.windows.net/public-files/historical-results/state2018/narracandistrict.html,fca1c3fd1acc570012d63ba014485fea146e34f0699a00f60b85eab9ca060562,3,"HORNSTRA, William",AUSTRALIAN GREENS,False,Greens,2679,44870,True
vic_la_2018,Narracan,narracan,general-election,https://itsitecoreblobvecprd01.blob.core.windows.net/public-files/historical-results/state2018/narracandistrict.html,fca1c3fd1acc570012d63ba014485fea146e34f0699a00f60b85eab9ca060562,4,"IERFONE, Carlo",,True,Other/Independent,1613,44870,True
vic_la_2018,Narracan,narracan,general-election,https://itsitecoreblobvecprd01.blob.core.windows.net/public-files/historical-results/state2018/narracandistrict.html,fca1c3fd1acc570012d63ba014485fea146e34f0699a00f60b85eab9ca060562,5,"MAXFIELD, Christine",AUSTRALIAN LABOR PARTY,False,ALP,15946,44870,True
vic_la_2018,Narre Warren North,narre-warren-north,general-election,https://itsitecoreblobvecprd01.blob.core.windows.net/public-files/historical-results/state2018/narrewarrennorthdistrict.html,5bfece137866d102a9c93cb4c52214e7d99de863861acc0a151faa3a0c6a9c11,1,"GREISS, Sami",LABOUR DLP,False,Other/Independent,1680,37491,True
vic_la_2018,Narre Warren North,narre-warren-north,general-election,https://itsitecoreblobvecprd01.blob.core.windows.net/public-files/historical-results/state2018/narrewarrennorthdistrict.html,5bfece137866d102a9c93cb4c52214e7d99de863861acc0a151faa3a0c6a9c11,2,"MAHMOOD, Zeeshan",TRANSPORT MATTERS,False,Other/Independent,1234,37491,True
vic_la_2018,Narre Warren North,narre-warren-north,general-election,https://itsitecoreblobvecprd01.blob.core.windows.net/public-files/historical-results/state2018/narrewarrennorthdistrict.html,5bfece137866d102a9c93cb4c52214e7d99de863861acc0a151faa3a0c6a9c11,3,"DONNELLAN, Luke",AUSTRALIAN LABOR PARTY,False,ALP,18790,37491,True
vic_la_2018,Narre Warren North,narre-warren-north,general-election,https://itsitecoreblobvecprd01.blob.core.windows.net/public-files/historical-results/state2018/narrewarrennorthdistrict.html,5bfece137866d102a9c93cb4c52214e7d99de863861acc0a151faa3a0c6a9c11,4,"FITZGERALD, Vikki",LIBERAL,False,Coalition,13474,37491,True
vic_la_2018,Narre Warren North,narre-warren-north,general-election,https://itsitecoreblobvecprd01.blob.core.windows.net/public-files/historical-results/state2018/narrewarrennorthdistrict.html,5bfece137866d102a9c93cb4c52214e7d99de863861acc0a151faa3a0c6a9c11,5,"BAUER, Stefanie",AUSTRALIAN GREENS,False,Greens,2313,37491,True
vic_la_2018,Narre Warren South,narre-warren-south,general-election,https://itsitecoreblobvecprd01.blob.core.windows.net/public-files/historical-results/state2018/narrewarrensouthdistrict.html,546bcf481185f4eba62409dae1a4ab42fd4eee45fcee64de29b5f30503275ba3,1,"SINGH, Gagandeep",TRANSPORT MATTERS,False,Other/Independent,2317,41650,True
vic_la_2018,Narre Warren South,narre-warren-south,general-election,https://itsitecoreblobvecprd01.blob.core.windows.net/public-files/historical-results/state2018/narrewarrensouthdistrict.html,546bcf481185f4eba62409dae1a4ab42fd4eee45fcee64de29b5f30503275ba3,2,"SEREY, Susan",LIBERAL,False,Coalition,15822,41650,True
vic_la_2018,Narre Warren South,narre-warren-south,general-election,https://itsitecoreblobvecprd01.blob.core.windows.net/public-files/historical-results/state2018/narrewarrensouthdistrict.html,546bcf481185f4eba62409dae1a4ab42fd4eee45fcee64de29b5f30503275ba3,3,"BUTLER, Michael",AUSTRALIAN GREENS,False,Greens,2714,41650,True
vic_la_2018,Narre Warren South,narre-warren-south,general-election,https://itsitecoreblobvecprd01.blob.core.windows.net/public-files/historical-results/state2018/narrewarrensouthdistrict.html,546bcf481185f4eba62409dae1a4ab42fd4eee45fcee64de29b5f30503275ba3,4,"MAAS, Gary",AUSTRALIAN LABOR PARTY,False,ALP,20797,41650,True
vic_la_2018,Nepean,nepean,general-election,https://itsitecoreblobvecprd01.blob.core.windows.net/public-files/historical-results/state2018/nepeandistrict.html,aa9629328024c4026bc943253767e15aef669d6b002cc16af941af4b99dcb357,1,"MULVANY, Simon",,True,Other/Independent,1776,42257,True
vic_la_2018,Nepean,nepean,general-election,https://itsitecoreblobvecprd01.blob.core.windows.net/public-files/historical-results/state2018/nepeandistrict.html,aa9629328024c4026bc943253767e15aef669d6b002cc16af941af4b99dcb357,2,"GULLY, Rodger",,True,Other/Independent,996,42257,True
vic_la_2018,Nepean,nepean,general-election,https://itsitecoreblobvecprd01.blob.core.windows.net/public-files/historical-results/state2018/nepeandistrict.html,aa9629328024c4026bc943253767e15aef669d6b002cc16af941af4b99dcb357,3,"BRAYNE, Chris",AUSTRALIAN LABOR PARTY,False,ALP,15835,42257,True
vic_la_2018,Nepean,nepean,general-election,https://itsitecoreblobvecprd01.blob.core.windows.net/public-files/historical-results/state2018/nepeandistrict.html,aa9629328024c4026bc943253767e15aef669d6b002cc16af941af4b99dcb357,4,"JOSEPH, Russell",LIBERAL,False,Coalition,18570,42257,True
vic_la_2018,Nepean,nepean,general-election,https://itsitecoreblobvecprd01.blob.core.windows.net/public-files/historical-results/state2018/nepeandistrict.html,aa9629328024c4026bc943253767e15aef669d6b002cc16af941af4b99dcb357,5,"SAUNDERS, Paul",AUSTRALIAN GREENS,False,Greens,5080,42257,True
vic_la_2018,Niddrie,niddrie,general-election,https://itsitecoreblobvecprd01.blob.core.windows.net/public-files/historical-results/state2018/niddriedistrict.html,9e99f95cc2464591fa69ab8270c8860f09b641af5330e7e23f2c2264bde1f93c,1,"REESON, Ben",LIBERAL,False,Coalition,13121,38407,True
vic_la_2018,Niddrie,niddrie,general-election,https://itsitecoreblobvecprd01.blob.core.windows.net/public-files/historical-results/state2018/niddriedistrict.html,9e99f95cc2464591fa69ab8270c8860f09b641af5330e7e23f2c2264bde1f93c,2,"PRIMMER, Rebbecca",ANIMAL JUSTICE PARTY,False,Other/Independent,1615,38407,True
vic_la_2018,Niddrie,niddrie,general-election,https://itsitecoreblobvecprd01.blob.core.windows.net/public-files/historical-results/state2018/niddriedistrict.html,9e99f95cc2464591fa69ab8270c8860f09b641af5330e7e23f2c2264bde1f93c,3,"DESMARAIS, Jean-Luke",AUSTRALIAN GREENS,False,Greens,2629,38407,True
vic_la_2018,Niddrie,niddrie,general-election,https://itsitecoreblobvecprd01.blob.core.windows.net/public-files/historical-results/state2018/niddriedistrict.html,9e99f95cc2464591fa69ab8270c8860f09b641af5330e7e23f2c2264bde1f93c,4,"CARROLL, Ben",AUSTRALIAN LABOR PARTY,False,ALP,21042,38407,True
vic_la_2018,Northcote,northcote,general-election,https://itsitecoreblobvecprd01.blob.core.windows.net/public-files/historical-results/state2018/northcotedistrict.html,43eb93778c564bbf4ba60f16b93d78f4cb8759a493f2c25d768d3b72b3442eaf,1,"THORPE, Lidia",AUSTRALIAN GREENS,False,Greens,16816,42552,True
vic_la_2018,Northcote,northcote,general-election,https://itsitecoreblobvecprd01.blob.core.windows.net/public-files/historical-results/state2018/northcotedistrict.html,43eb93778c564bbf4ba60f16b93d78f4cb8759a493f2c25d768d3b72b3442eaf,2,"EDWARDS, Bryony",,True,Other/Independent,444,42552,True
vic_la_2018,Northcote,northcote,general-election,https://itsitecoreblobvecprd01.blob.core.windows.net/public-files/historical-results/state2018/northcotedistrict.html,43eb93778c564bbf4ba60f16b93d78f4cb8759a493f2c25d768d3b72b3442eaf,3,"MacISAAC, John",LIBERAL,False,Coalition,4570,42552,True
vic_la_2018,Northcote,northcote,general-election,https://itsitecoreblobvecprd01.blob.core.windows.net/public-files/historical-results/state2018/northcotedistrict.html,43eb93778c564bbf4ba60f16b93d78f4cb8759a493f2c25d768d3b72b3442eaf,4,"FINK, Samuel",LIBERAL DEMOCRATS,False,Other/Independent,500,42552,True
vic_la_2018,Northcote,northcote,general-election,https://itsitecoreblobvecprd01.blob.core.windows.net/public-files/historical-results/state2018/northcotedistrict.html,43eb93778c564bbf4ba60f16b93d78f4cb8759a493f2c25d768d3b72b3442eaf,5,"THEOPHANOUS, Kat",AUSTRALIAN LABOR PARTY,False,ALP,17748,42552,True
vic_la_2018,Northcote,northcote,general-election,https://itsitecoreblobvecprd01.blob.core.windows.net/public-files/historical-results/state2018/northcotedistrict.html,43eb93778c564bbf4ba60f16b93d78f4cb8759a493f2c25d768d3b72b3442eaf,6,"BRAMANTE, David",ANIMAL JUSTICE PARTY,False,Other/Independent,1026,42552,True
vic_la_2018,Northcote,northcote,general-election,https://itsitecoreblobvecprd01.blob.core.windows.net/public-files/historical-results/state2018/northcotedistrict.html,43eb93778c564bbf4ba60f16b93d78f4cb8759a493f2c25d768d3b72b3442eaf,7,"SMARRELLI, Franca",FIONA PATTEN'S REASON PARTY,False,Other/Independent,1448,42552,True
vic_la_2018,Oakleigh,oakleigh,general-election,https://itsitecoreblobvecprd01.blob.core.windows.net/public-files/historical-results/state2018/oakleighdistrict.html,4d2a7034582006dc45c0558997e448894dd5a8b0dfb5b97d441dbcbca1dd7cbe,1,"EDMONDS, Andrew",LIBERAL,False,Coalition,10946,35847,True
vic_la_2018,Oakleigh,oakleigh,general-election,https://itsitecoreblobvecprd01.blob.core.windows.net/public-files/historical-results/state2018/oakleighdistrict.html,4d2a7034582006dc45c0558997e448894dd5a8b0dfb5b97d441dbcbca1dd7cbe,2,"MORGAN, Peter",AUSTRALIAN GREENS,False,Greens,3897,35847,True
vic_la_2018,Oakleigh,oakleigh,general-election,https://itsitecoreblobvecprd01.blob.core.windows.net/public-files/historical-results/state2018/oakleighdistrict.html,4d2a7034582006dc45c0558997e448894dd5a8b0dfb5b97d441dbcbca1dd7cbe,3,"KIOUPELIS, Parashos",,True,Other/Independent,373,35847,True
vic_la_2018,Oakleigh,oakleigh,general-election,https://itsitecoreblobvecprd01.blob.core.windows.net/public-files/historical-results/state2018/oakleighdistrict.html,4d2a7034582006dc45c0558997e448894dd5a8b0dfb5b97d441dbcbca1dd7cbe,4,"DIMOPOULOS, Steve",AUSTRALIAN LABOR PARTY,False,ALP,19202,35847,True
vic_la_2018,Oakleigh,oakleigh,general-election,https://itsitecoreblobvecprd01.blob.core.windows.net/public-files/historical-results/state2018/oakleighdistrict.html,4d2a7034582006dc45c0558997e448894dd5a8b0dfb5b97d441dbcbca1dd7cbe,5,"HOULT, Brandon",SUSTAINABLE AUSTRALIA,False,Other/Independent,594,35847,True
vic_la_2018,Oakleigh,oakleigh,general-election,https://itsitecoreblobvecprd01.blob.core.windows.net/public-files/historical-results/state2018/oakleighdistrict.html,4d2a7034582006dc45c0558997e448894dd5a8b0dfb5b97d441dbcbca1dd7cbe,6,"PARKER, Suzanne",ANIMAL JUSTICE PARTY,False,Other/Independent,835,35847,True
vic_la_2018,Ovens Valley,ovens-valley,general-election,https://itsitecoreblobvecprd01.blob.core.windows.net/public-files/historical-results/state2018/ovensvalleydistrict.html,4d10140b92b980020c5e9138a0695e66473156744e63dbbaa2c64de5575579b2,1,"DYER, Ray",,True,Other/Independent,1013,37437,True
vic_la_2018,Ovens Valley,ovens-valley,general-election,https://itsitecoreblobvecprd01.blob.core.windows.net/public-files/historical-results/state2018/ovensvalleydistrict.html,4d10140b92b980020c5e9138a0695e66473156744e63dbbaa2c64de5575579b2,2,"FIDGE, Julian",AUSTRALIAN COUNTRY PARTY,False,Other/Independent,3214,37437,True
vic_la_2018,Ovens Valley,ovens-valley,general-election,https://itsitecoreblobvecprd01.blob.core.windows.net/public-files/historical-results/state2018/ovensvalleydistrict.html,4d10140b92b980020c5e9138a0695e66473156744e63dbbaa2c64de5575579b2,3,"McCURDY, Tim",THE NATIONALS,False,Coalition,16646,37437,True
vic_la_2018,Ovens Valley,ovens-valley,general-election,https://itsitecoreblobvecprd01.blob.core.windows.net/public-files/historical-results/state2018/ovensvalleydistrict.html,4d10140b92b980020c5e9138a0695e66473156744e63dbbaa2c64de5575579b2,4,"BERRY, Vicki",AUSTRALIAN GREENS,False,Greens,1687,37437,True
vic_la_2018,Ovens Valley,ovens-valley,general-election,https://itsitecoreblobvecprd01.blob.core.windows.net/public-files/historical-results/state2018/ovensvalleydistrict.html,4d10140b92b980020c5e9138a0695e66473156744e63dbbaa2c64de5575579b2,5,"ATKINS, Tammy",,True,Other/Independent,7174,37437,True
vic_la_2018,Ovens Valley,ovens-valley,general-election,https://itsitecoreblobvecprd01.blob.core.windows.net/public-files/historical-results/state2018/ovensvalleydistrict.html,4d10140b92b980020c5e9138a0695e66473156744e63dbbaa2c64de5575579b2,6,"DOYLE, Kate",AUSTRALIAN LABOR PARTY,False,ALP,7703,37437,True
vic_la_2018,Pascoe Vale,pascoe-vale,general-election,https://itsitecoreblobvecprd01.blob.core.windows.net/public-files/historical-results/state2018/pascoevaledistrict.html,a728ddc4f755d2e66299598e1f1bd1c2cd60b3b788520a00fe9956dc8eccb36c,1,"TIMPANO, Francesco",,True,Other/Independent,707,42140,True
vic_la_2018,Pascoe Vale,pascoe-vale,general-election,https://itsitecoreblobvecprd01.blob.core.windows.net/public-files/historical-results/state2018/pascoevaledistrict.html,a728ddc4f755d2e66299598e1f1bd1c2cd60b3b788520a00fe9956dc8eccb36c,2,"HAMILTON, Genevieve",LIBERAL,False,Coalition,4812,42140,True
vic_la_2018,Pascoe Vale,pascoe-vale,general-election,https://itsitecoreblobvecprd01.blob.core.windows.net/public-files/historical-results/state2018/pascoevaledistrict.html,a728ddc4f755d2e66299598e1f1bd1c2cd60b3b788520a00fe9956dc8eccb36c,3,"BLANDTHORN, Lizzie",AUSTRALIAN LABOR PARTY,False,ALP,15904,42140,True
vic_la_2018,Pascoe Vale,pascoe-vale,general-election,https://itsitecoreblobvecprd01.blob.core.windows.net/public-files/historical-results/state2018/pascoevaledistrict.html,a728ddc4f755d2e66299598e1f1bd1c2cd60b3b788520a00fe9956dc8eccb36c,4,"JACKSON, Phil",AUSTRALIAN GREENS,False,Greens,5451,42140,True
vic_la_2018,Pascoe Vale,pascoe-vale,general-election,https://itsitecoreblobvecprd01.blob.core.windows.net/public-files/historical-results/state2018/pascoevaledistrict.html,a728ddc4f755d2e66299598e1f1bd1c2cd60b3b788520a00fe9956dc8eccb36c,5,"YILDIZ, Oscar",,True,Other/Independent,9908,42140,True
vic_la_2018,Pascoe Vale,pascoe-vale,general-election,https://itsitecoreblobvecprd01.blob.core.windows.net/public-files/historical-results/state2018/pascoevaledistrict.html,a728ddc4f755d2e66299598e1f1bd1c2cd60b3b788520a00fe9956dc8eccb36c,6,"LINSELL, Graeme",ANIMAL JUSTICE PARTY,False,Other/Independent,839,42140,True
vic_la_2018,Pascoe Vale,pascoe-vale,general-election,https://itsitecoreblobvecprd01.blob.core.windows.net/public-files/historical-results/state2018/pascoevaledistrict.html,a728ddc4f755d2e66299598e1f1bd1c2cd60b3b788520a00fe9956dc8eccb36c,7,"BEATON, Gerry",VICTORIAN SOCIALISTS,False,Other/Independent,1277,42140,True
vic_la_2018,Pascoe Vale,pascoe-vale,general-election,https://itsitecoreblobvecprd01.blob.core.windows.net/public-files/historical-results/state2018/pascoevaledistrict.html,a728ddc4f755d2e66299598e1f1bd1c2cd60b3b788520a00fe9956dc8eccb36c,8,"KAVANAGH, John",,True,Other/Independent,3242,42140,True
vic_la_2018,Polwarth,polwarth,general-election,https://itsitecoreblobvecprd01.blob.core.windows.net/public-files/historical-results/state2018/polwarthdistrict.html,c53f1440d669979a34cb56bce1eeb7660b87808b708599f28f2e2aae85acbb3b,1,"JOHNSTON, Douglas",AUSTRALIAN LABOR PARTY,False,ALP,13338,40340,True
vic_la_2018,Polwarth,polwarth,general-election,https://itsitecoreblobvecprd01.blob.core.windows.net/public-files/historical-results/state2018/polwarthdistrict.html,c53f1440d669979a34cb56bce1eeb7660b87808b708599f28f2e2aae85acbb3b,2,"MURPHY, Brendan",VICTORIAN SOCIALISTS,False,Other/Independent,788,40340,True
vic_la_2018,Polwarth,polwarth,general-election,https://itsitecoreblobvecprd01.blob.core.windows.net/public-files/historical-results/state2018/polwarthdistrict.html,c53f1440d669979a34cb56bce1eeb7660b87808b708599f28f2e2aae85acbb3b,3,"PITTS, Damien",ANIMAL JUSTICE PARTY,False,Other/Independent,1636,40340,True
vic_la_2018,Polwarth,polwarth,general-election,https://itsitecoreblobvecprd01.blob.core.windows.net/public-files/historical-results/state2018/polwarthdistrict.html,c53f1440d669979a34cb56bce1eeb7660b87808b708599f28f2e2aae85acbb3b,4,"GARDNER, Courtney",AUSTRALIAN GREENS,False,Greens,3949,40340,True
vic_la_2018,Polwarth,polwarth,general-election,https://itsitecoreblobvecprd01.blob.core.windows.net/public-files/historical-results/state2018/polwarthdistrict.html,c53f1440d669979a34cb56bce1eeb7660b87808b708599f28f2e2aae85acbb3b,5,"RIORDAN, Richard",LIBERAL,False,Coalition,20629,40340,True
vic_la_2018,Prahran,prahran,general-election,https://itsitecoreblobvecprd01.blob.core.windows.net/public-files/historical-results/state2018/prahrandistrict.html,e33a970b50f98fe1c665f51228e7402eea0c1b42fbed58579c86c5a9c6d6b74b,1,"KOFMANSKY, Leon",LABOUR DLP,False,Other/Independent,933,40422,True
vic_la_2018,Prahran,prahran,general-election,https://itsitecoreblobvecprd01.blob.core.windows.net/public-files/historical-results/state2018/prahrandistrict.html,e33a970b50f98fe1c665f51228e7402eea0c1b42fbed58579c86c5a9c6d6b74b,2,"ALLEN, Katie",LIBERAL,False,Coalition,13956,40422,True
vic_la_2018,Prahran,prahran,general-election,https://itsitecoreblobvecprd01.blob.core.windows.net/public-files/historical-results/state2018/prahrandistrict.html,e33a970b50f98fe1c665f51228e7402eea0c1b42fbed58579c86c5a9c6d6b74b,3,"PHARAOH, Neil",AUSTRALIAN LABOR PARTY,False,ALP,11702,40422,True
vic_la_2018,Prahran,prahran,general-election,https://itsitecoreblobvecprd01.blob.core.windows.net/public-files/historical-results/state2018/prahrandistrict.html,e33a970b50f98fe1c665f51228e7402eea0c1b42fbed58579c86c5a9c6d6b74b,4,"HIBBINS, Sam",AUSTRALIAN GREENS,False,Greens,11347,40422,True
vic_la_2018,Prahran,prahran,general-election,https://itsitecoreblobvecprd01.blob.core.windows.net/public-files/historical-results/state2018/prahrandistrict.html,e33a970b50f98fe1c665f51228e7402eea0c1b42fbed58579c86c5a9c6d6b74b,5,"BILIC, Dennis",SUSTAINABLE AUSTRALIA,False,Other/Independent,468,40422,True
vic_la_2018,Prahran,prahran,general-election,https://itsitecoreblobvecprd01.blob.core.windows.net/public-files/historical-results/state2018/prahrandistrict.html,e33a970b50f98fe1c665f51228e7402eea0c1b42fbed58579c86c5a9c6d6b74b,6,"TOMLIN, Tom",FIONA PATTEN'S REASON PARTY,False,Other/Independent,830,40422,True
vic_la_2018,Prahran,prahran,general-election,https://itsitecoreblobvecprd01.blob.core.windows.net/public-files/historical-results/state2018/prahrandistrict.html,e33a970b50f98fe1c665f51228e7402eea0c1b42fbed58579c86c5a9c6d6b74b,7,"LONG, Jennifer",ANIMAL JUSTICE PARTY,False,Other/Independent,900,40422,True
vic_la_2018,Prahran,prahran,general-election,https://itsitecoreblobvecprd01.blob.core.windows.net/public-files/historical-results/state2018/prahrandistrict.html,e33a970b50f98fe1c665f51228e7402eea0c1b42fbed58579c86c5a9c6d6b74b,8,"PATTERSON, Wendy",AUSSIE BATTLER PARTY,False,Other/Independent,156,40422,True
vic_la_2018,Prahran,prahran,general-election,https://itsitecoreblobvecprd01.blob.core.windows.net/public-files/historical-results/state2018/prahrandistrict.html,e33a970b50f98fe1c665f51228e7402eea0c1b42fbed58579c86c5a9c6d6b74b,9,"MENADUE, Alan",,True,Other/Independent,130,40422,True
vic_la_2018,Preston,preston,general-election,https://itsitecoreblobvecprd01.blob.core.windows.net/public-files/historical-results/state2018/prestondistrict.html,30598d7a458224c026db88b61780ed1090bc9fc0b7aff729455d22ca7fcc6e00,1,"LILIO, Guido",LIBERAL,False,Coalition,6083,37346,True
vic_la_2018,Preston,preston,general-election,https://itsitecoreblobvecprd01.blob.core.windows.net/public-files/historical-results/state2018/prestondistrict.html,30598d7a458224c026db88b61780ed1090bc9fc0b7aff729455d22ca7fcc6e00,2,"GRECO, Gaetano",,True,Other/Independent,2570,37346,True
vic_la_2018,Preston,preston,general-election,https://itsitecoreblobvecprd01.blob.core.windows.net/public-files/historical-results/state2018/prestondistrict.html,30598d7a458224c026db88b61780ed1090bc9fc0b7aff729455d22ca7fcc6e00,3,"SCOTT, Robin",AUSTRALIAN LABOR PARTY,False,ALP,19409,37346,True
vic_la_2018,Preston,preston,general-election,https://itsitecoreblobvecprd01.blob.core.windows.net/public-files/historical-results/state2018/prestondistrict.html,30598d7a458224c026db88b61780ed1090bc9fc0b7aff729455d22ca7fcc6e00,4,"PRICE, Stephanie",VICTORIAN SOCIALISTS,False,Other/Independent,1453,37346,True
vic_la_2018,Preston,preston,general-election,https://itsitecoreblobvecprd01.blob.core.windows.net/public-files/historical-results/state2018/prestondistrict.html,30598d7a458224c026db88b61780ed1090bc9fc0b7aff729455d22ca7fcc6e00,5,"NEWTON, Susanne",AUSTRALIAN GREENS,False,Greens,5636,37346,True
vic_la_2018,Preston,preston,general-election,https://itsitecoreblobvecprd01.blob.core.windows.net/public-files/historical-results/state2018/prestondistrict.html,30598d7a458224c026db88b61780ed1090bc9fc0b7aff729455d22ca7fcc6e00,6,"RICHINGS, Nadine",ANIMAL JUSTICE PARTY,False,Other/Independent,1079,37346,True
vic_la_2018,Preston,preston,general-election,https://itsitecoreblobvecprd01.blob.core.windows.net/public-files/historical-results/state2018/prestondistrict.html,30598d7a458224c026db88b61780ed1090bc9fc0b7aff729455d22ca7fcc6e00,7,"GLOVER, Margee",FIONA PATTEN'S REASON PARTY,False,Other/Independent,1116,37346,True
vic_la_2018,Richmond,richmond,general-election,https://itsitecoreblobvecprd01.blob.core.windows.net/public-files/historical-results/state2018/richmonddistrict.html,bf87436770e06de8f5124d4e5d3c5782f3d5da9f9a3786ac48e96f3d29772044,1,"LANDES, Herschel",,True,Other/Independent,1340,44394,True
vic_la_2018,Richmond,richmond,general-election,https://itsitecoreblobvecprd01.blob.core.windows.net/public-files/historical-results/state2018/richmonddistrict.html,bf87436770e06de8f5124d4e5d3c5782f3d5da9f9a3786ac48e96f3d29772044,2,"MANNING, Emma",,True,Other/Independent,811,44394,True
vic_la_2018,Richmond,richmond,general-election,https://itsitecoreblobvecprd01.blob.core.windows.net/public-files/historical-results/state2018/richmonddistrict.html,bf87436770e06de8f5124d4e5d3c5782f3d5da9f9a3786ac48e96f3d29772044,3,"MALTZAHN, Kathleen",AUSTRALIAN GREENS,False,Greens,15197,44394,True
vic_la_2018,Richmond,richmond,general-election,https://itsitecoreblobvecprd01.blob.core.windows.net/public-files/historical-results/state2018/richmonddistrict.html,bf87436770e06de8f5124d4e5d3c5782f3d5da9f9a3786ac48e96f3d29772044,4,"WHITEHEAD, Adrian",,True,Other/Independent,459,44394,True
vic_la_2018,Richmond,richmond,general-election,https://itsitecoreblobvecprd01.blob.core.windows.net/public-files/historical-results/state2018/richmonddistrict.html,bf87436770e06de8f5124d4e5d3c5782f3d5da9f9a3786ac48e96f3d29772044,5,"KEALY, Craig",ANIMAL JUSTICE PARTY,False,Other/Independent,1268,44394,True
vic_la_2018,Richmond,richmond,general-election,https://itsitecoreblobvecprd01.blob.core.windows.net/public-files/historical-results/state2018/richmonddistrict.html,bf87436770e06de8f5124d4e5d3c5782f3d5da9f9a3786ac48e96f3d29772044,6,"TRAN, Kevin Quoc",,True,Other/Independent,2698,44394,True
vic_la_2018,Richmond,richmond,general-election,https://itsitecoreblobvecprd01.blob.core.windows.net/public-files/historical-results/state2018/richmonddistrict.html,bf87436770e06de8f5124d4e5d3c5782f3d5da9f9a3786ac48e96f3d29772044,7,"RYAN, Judy",FIONA PATTEN'S REASON PARTY,False,Other/Independent,2916,44394,True
vic_la_2018,Richmond,richmond,general-election,https://itsitecoreblobvecprd01.blob.core.windows.net/public-files/historical-results/state2018/richmonddistrict.html,bf87436770e06de8f5124d4e5d3c5782f3d5da9f9a3786ac48e96f3d29772044,8,"WYNNE, Richard",AUSTRALIAN LABOR PARTY,False,ALP,19705,44394,True
vic_la_2018,Ringwood,ringwood,general-election,https://itsitecoreblobvecprd01.blob.core.windows.net/public-files/historical-results/state2018/ringwooddistrict.html,d08bfbea093761400581aa29f4e0380c41fbdf3512a1c12c5cd9b0e003e6327e,1,"HALSE, Dustin",AUSTRALIAN LABOR PARTY,False,ALP,15121,35930,True
vic_la_2018,Ringwood,ringwood,general-election,https://itsitecoreblobvecprd01.blob.core.windows.net/public-files/historical-results/state2018/ringwooddistrict.html,d08bfbea093761400581aa29f4e0380c41fbdf3512a1c12c5cd9b0e003e6327e,2,"HUMPHREYS, Robert",AUSTRALIAN GREENS,False,Greens,4926,35930,True
vic_la_2018,Ringwood,ringwood,general-election,https://itsitecoreblobvecprd01.blob.core.windows.net/public-files/historical-results/state2018/ringwooddistrict.html,d08bfbea093761400581aa29f4e0380c41fbdf3512a1c12c5cd9b0e003e6327e,3,"RYALL, Dee",LIBERAL,False,Coalition,15883,35930,True
vic_la_2018,Ripon,ripon,general-election,https://itsitecoreblobvecprd01.blob.core.windows.net/public-files/historical-results/state2018/ripondistrict.html,5dc2d4f0ea7f76da15eb39ef5e9bb52f43071dd4dbf32c552498e2a096696082,1,"GIBBS, Sandra",DERRYN HINCH'S JUSTICE PARTY,False,Other/Independent,1929,40055,True
vic_la_2018,Ripon,ripon,general-election,https://itsitecoreblobvecprd01.blob.core.windows.net/public-files/historical-results/state2018/ripondistrict.html,5dc2d4f0ea7f76da15eb39ef5e9bb52f43071dd4dbf32c552498e2a096696082,2,"TRUSCOTT, Jeff",,True,Other/Independent,377,40055,True
vic_la_2018,Ripon,ripon,general-election,https://itsitecoreblobvecprd01.blob.core.windows.net/public-files/historical-results/state2018/ripondistrict.html,5dc2d4f0ea7f76da15eb39ef5e9bb52f43071dd4dbf32c552498e2a096696082,3,"JENNINGS, Bronwyn",VICTORIAN SOCIALISTS,False,Other/Independent,219,40055,True
vic_la_2018,Ripon,ripon,general-election,https://itsitecoreblobvecprd01.blob.core.windows.net/public-files/historical-results/state2018/ripondistrict.html,5dc2d4f0ea7f76da15eb39ef5e9bb52f43071dd4dbf32c552498e2a096696082,4,"HILLS, Anna",ANIMAL JUSTICE PARTY,False,Other/Independent,835,40055,True
vic_la_2018,Ripon,ripon,general-election,https://itsitecoreblobvecprd01.blob.core.windows.net/public-files/historical-results/state2018/ripondistrict.html,5dc2d4f0ea7f76da15eb39ef5e9bb52f43071dd4dbf32c552498e2a096696082,5,"MULCAHY, Peter",LABOUR DLP,False,Other/Independent,1315,40055,True
vic_la_2018,Ripon,ripon,general-election,https://itsitecoreblobvecprd01.blob.core.windows.net/public-files/historical-results/state2018/ripondistrict.html,5dc2d4f0ea7f76da15eb39ef5e9bb52f43071dd4dbf32c552498e2a096696082,6,"STALEY, Louise",LIBERAL,False,Coalition,15594,40055,True
vic_la_2018,Ripon,ripon,general-election,https://itsitecoreblobvecprd01.blob.core.windows.net/public-files/historical-results/state2018/ripondistrict.html,5dc2d4f0ea7f76da15eb39ef5e9bb52f43071dd4dbf32c552498e2a096696082,7,"DE SANTIS, Sarah",AUSTRALIAN LABOR PARTY,False,ALP,15280,40055,True
vic_la_2018,Ripon,ripon,general-election,https://itsitecoreblobvecprd01.blob.core.windows.net/public-files/historical-results/state2018/ripondistrict.html,5dc2d4f0ea7f76da15eb39ef5e9bb52f43071dd4dbf32c552498e2a096696082,8,"FAVA, Peter","SHOOTERS, FISHERS & FARMERS VIC",False,Other/Independent,2622,40055,True
vic_la_2018,Ripon,ripon,general-election,https://itsitecoreblobvecprd01.blob.core.windows.net/public-files/historical-results/state2018/ripondistrict.html,5dc2d4f0ea7f76da15eb39ef5e9bb52f43071dd4dbf32c552498e2a096696082,9,"SIMIC, Serge",AUSTRALIAN GREENS,False,Greens,1667,40055,True
vic_la_2018,Ripon,ripon,general-election,https://itsitecoreblobvecprd01.blob.core.windows.net/public-files/historical-results/state2018/ripondistrict.html,5dc2d4f0ea7f76da15eb39ef5e9bb52f43071dd4dbf32c552498e2a096696082,10,"MAYER, Maria",,True,Other/Independent,217,40055,True
vic_la_2018,Rowville,rowville,general-election,https://itsitecoreblobvecprd01.blob.core.windows.net/public-files/historical-results/state2018/rowvilledistrict.html,e153162702f6db4b921e14fcd4aa0cbc9e80e1a17a2bf0ed9f3907ef99ff1c5f,1,"SHARMA, Natasha",AUSTRALIAN GREENS,False,Greens,3483,34832,True
vic_la_2018,Rowville,rowville,general-election,https://itsitecoreblobvecprd01.blob.core.windows.net/public-files/historical-results/state2018/rowvilledistrict.html,e153162702f6db4b921e14fcd4aa0cbc9e80e1a17a2bf0ed9f3907ef99ff1c5f,2,"SHAHBAZ, Muhammad",AUSTRALIAN LABOR PARTY,False,ALP,11940,34832,True
vic_la_2018,Rowville,rowville,general-election,https://itsitecoreblobvecprd01.blob.core.windows.net/public-files/historical-results/state2018/rowvilledistrict.html,e153162702f6db4b921e14fcd4aa0cbc9e80e1a17a2bf0ed9f3907ef99ff1c5f,3,"WELLS, Kim",LIBERAL,False,Coalition,17551,34832,True
vic_la_2018,Rowville,rowville,general-election,https://itsitecoreblobvecprd01.blob.core.windows.net/public-files/historical-results/state2018/rowvilledistrict.html,e153162702f6db4b921e14fcd4aa0cbc9e80e1a17a2bf0ed9f3907ef99ff1c5f,4,"COSSARI, Joe",,True,Other/Independent,1858,34832,True
vic_la_2018,Sandringham,sandringham,general-election,https://itsitecoreblobvecprd01.blob.core.windows.net/public-files/historical-results/state2018/sandringhamdistrict.html,86741d783633ad1237a08efbfff8ee225758c8d7d0f25d9f98acd00a6e7be8c8,1,"ROWSWELL, Brad",LIBERAL,False,Coalition,16770,39274,True
vic_la_2018,Sandringham,sandringham,general-election,https://itsitecoreblobvecprd01.blob.core.windows.net/public-files/historical-results/state2018/sandringhamdistrict.html,86741d783633ad1237a08efbfff8ee225758c8d7d0f25d9f98acd00a6e7be8c8,2,"FREEMAN, Liz",LABOUR DLP,False,Other/Independent,1149,39274,True
vic_la_2018,Sandringham,sandringham,general-election,https://itsitecoreblobvecprd01.blob.core.windows.net/public-files/historical-results/state2018/sandringhamdistrict.html,86741d783633ad1237a08efbfff8ee225758c8d7d0f25d9f98acd00a6e7be8c8,3,"REDFORD, Snezana",ANIMAL JUSTICE PARTY,False,Other/Independent,1310,39274,True
vic_la_2018,Sandringham,sandringham,general-election,https://itsitecoreblobvecprd01.blob.core.windows.net/public-files/historical-results/state2018/sandringhamdistrict.html,86741d783633ad1237a08efbfff8ee225758c8d7d0f25d9f98acd00a6e7be8c8,4,"MARTIN, Clarke",,True,Other/Independent,3317,39274,True
vic_la_2018,Sandringham,sandringham,general-election,https://itsitecoreblobvecprd01.blob.core.windows.net/public-files/historical-results/state2018/sandringhamdistrict.html,86741d783633ad1237a08efbfff8ee225758c8d7d0f25d9f98acd00a6e7be8c8,5,"HORVATH, Anita",AUSTRALIAN LABOR PARTY,False,ALP,12918,39274,True
vic_la_2018,Sandringham,sandringham,general-election,https://itsitecoreblobvecprd01.blob.core.windows.net/public-files/historical-results/state2018/sandringhamdistrict.html,86741d783633ad1237a08efbfff8ee225758c8d7d0f25d9f98acd00a6e7be8c8,6,"PHILLIPS, Dominic",AUSTRALIAN GREENS,False,Greens,3201,39274,True
vic_la_2018,Sandringham,sandringham,general-election,https://itsitecoreblobvecprd01.blob.core.windows.net/public-files/historical-results/state2018/sandringhamdistrict.html,86741d783633ad1237a08efbfff8ee225758c8d7d0f25d9f98acd00a6e7be8c8,7,"KING, Creighton",SUSTAINABLE AUSTRALIA,False,Other/Independent,609,39274,True
vic_la_2018,Shepparton,shepparton,general-election,https://itsitecoreblobvecprd01.blob.core.windows.net/public-files/historical-results/state2018/sheppartondistrict.html,c6ca53d9118836c6b3d9b46378225cf04aa9edc29d1e48a031c96f445d4a0a96,1,"SHEED, Suzanna",,True,Other/Independent,15856,41290,True
vic_la_2018,Shepparton,shepparton,general-election,https://itsitecoreblobvecprd01.blob.core.windows.net/public-files/historical-results/state2018/sheppartondistrict.html,c6ca53d9118836c6b3d9b46378225cf04aa9edc29d1e48a031c96f445d4a0a96,2,"SCHWARZ, Peter",THE NATIONALS,False,Coalition,5382,41290,True
vic_la_2018,Shepparton,shepparton,general-election,https://itsitecoreblobvecprd01.blob.core.windows.net/public-files/historical-results/state2018/sheppartondistrict.html,c6ca53d9118836c6b3d9b46378225cf04aa9edc29d1e48a031c96f445d4a0a96,3,"WILLATON, Murray","SHOOTERS, FISHERS & FARMERS VIC",False,Other/Independent,3314,41290,True
vic_la_2018,Shepparton,shepparton,general-election,https://itsitecoreblobvecprd01.blob.core.windows.net/public-files/historical-results/state2018/sheppartondistrict.html,c6ca53d9118836c6b3d9b46378225cf04aa9edc29d1e48a031c96f445d4a0a96,4,"HEATH, Bill",AUSTRALIAN LABOR PARTY,False,ALP,4772,41290,True
vic_la_2018,Shepparton,shepparton,general-election,https://itsitecoreblobvecprd01.blob.core.windows.net/public-files/historical-results/state2018/sheppartondistrict.html,c6ca53d9118836c6b3d9b46378225cf04aa9edc29d1e48a031c96f445d4a0a96,5,"FREEMAN, Nickee",AUSTRALIAN GREENS,False,Greens,999,41290,True
vic_la_2018,Shepparton,shepparton,general-election,https://itsitecoreblobvecprd01.blob.core.windows.net/public-files/historical-results/state2018/sheppartondistrict.html,c6ca53d9118836c6b3d9b46378225cf04aa9edc29d1e48a031c96f445d4a0a96,6,"HAMMER, Cheryl",LIBERAL,False,Coalition,10967,41290,True
vic_la_2018,South Barwon,south-barwon,general-election,https://itsitecoreblobvecprd01.blob.core.windows.net/public-files/historical-results/state2018/southbarwondistrict.html,3fff623b3548a94984c101edeb7ebcd2d9b078c332d9b147a5a8863a2d528cd1,1,"CAMPBELL, Stephen",LABOUR DLP,False,Other/Independent,1461,48334,True
vic_la_2018,South Barwon,south-barwon,general-election,https://itsitecoreblobvecprd01.blob.core.windows.net/public-files/historical-results/state2018/southbarwondistrict.html,3fff623b3548a94984c101edeb7ebcd2d9b078c332d9b147a5a8863a2d528cd1,2,"BALL, David",VICTORIAN SOCIALISTS,False,Other/Independent,355,48334,True
vic_la_2018,South Barwon,south-barwon,general-election,https://itsitecoreblobvecprd01.blob.core.windows.net/public-files/historical-results/state2018/southbarwondistrict.html,3fff623b3548a94984c101edeb7ebcd2d9b078c332d9b147a5a8863a2d528cd1,3,"COLE, Damien",,True,Other/Independent,3699,48334,True
vic_la_2018,South Barwon,south-barwon,general-election,https://itsitecoreblobvecprd01.blob.core.windows.net/public-files/historical-results/state2018/southbarwondistrict.html,3fff623b3548a94984c101edeb7ebcd2d9b078c332d9b147a5a8863a2d528cd1,4,"SMEDLEY, Marian",AUSTRALIAN GREENS,False,Greens,4164,48334,True
vic_la_2018,South Barwon,south-barwon,general-election,https://itsitecoreblobvecprd01.blob.core.windows.net/public-files/historical-results/state2018/southbarwondistrict.html,3fff623b3548a94984c101edeb7ebcd2d9b078c332d9b147a5a8863a2d528cd1,5,"RIPA, Robert","SHOOTERS, FISHERS & FARMERS VIC",False,Other/Independent,998,48334,True
vic_la_2018,South Barwon,south-barwon,general-election,https://itsitecoreblobvecprd01.blob.core.windows.net/public-files/historical-results/state2018/southbarwondistrict.html,3fff623b3548a94984c101edeb7ebcd2d9b078c332d9b147a5a8863a2d528cd1,6,"KATOS, Andrew",LIBERAL,False,Coalition,18180,48334,True
vic_la_2018,South Barwon,south-barwon,general-election,https://itsitecoreblobvecprd01.blob.core.windows.net/public-files/historical-results/state2018/southbarwondistrict.html,3fff623b3548a94984c101edeb7ebcd2d9b078c332d9b147a5a8863a2d528cd1,7,"CHEESEMAN, Darren",AUSTRALIAN LABOR PARTY,False,ALP,18003,48334,True
vic_la_2018,South Barwon,south-barwon,general-election,https://itsitecoreblobvecprd01.blob.core.windows.net/public-files/historical-results/state2018/southbarwondistrict.html,3fff623b3548a94984c101edeb7ebcd2d9b078c332d9b147a5a8863a2d528cd1,8,"OSECKAS, Peter",ANIMAL JUSTICE PARTY,False,Other/Independent,1474,48334,True
vic_la_2018,South-West Coast,south-west-coast,general-election,https://itsitecoreblobvecprd01.blob.core.windows.net/public-files/historical-results/state2018/south-westcoastdistrict.html,ca57418f7b9277b149b6b20f935f22f37cb2146106d2d7bce34550da75b345e3,1,"NEOH, Michael",,True,Other/Independent,3735,41065,True
vic_la_2018,South-West Coast,south-west-coast,general-election,https://itsitecoreblobvecprd01.blob.core.windows.net/public-files/historical-results/state2018/south-westcoastdistrict.html,ca57418f7b9277b149b6b20f935f22f37cb2146106d2d7bce34550da75b345e3,2,"DOUKAS, Jim",AUSTRALIAN COUNTRY PARTY,False,Other/Independent,3352,41065,True
vic_la_2018,South-West Coast,south-west-coast,general-election,https://itsitecoreblobvecprd01.blob.core.windows.net/public-files/historical-results/state2018/south-westcoastdistrict.html,ca57418f7b9277b149b6b20f935f22f37cb2146106d2d7bce34550da75b345e3,3,"CAMPBELL, Thomas",AUSTRALIAN GREENS,False,Greens,2540,41065,True
vic_la_2018,South-West Coast,south-west-coast,general-election,https://itsitecoreblobvecprd01.blob.core.windows.net/public-files/historical-results/state2018/south-westcoastdistrict.html,ca57418f7b9277b149b6b20f935f22f37cb2146106d2d7bce34550da75b345e3,4,"RIGGS, Terry",VICTORIAN SOCIALISTS,False,Other/Independent,238,41065,True
vic_la_2018,South-West Coast,south-west-coast,general-election,https://itsitecoreblobvecprd01.blob.core.windows.net/public-files/historical-results/state2018/south-westcoastdistrict.html,ca57418f7b9277b149b6b20f935f22f37cb2146106d2d7bce34550da75b345e3,5,"GASTON, Kylie",AUSTRALIAN LABOR PARTY,False,ALP,10074,41065,True
vic_la_2018,South-West Coast,south-west-coast,general-election,https://itsitecoreblobvecprd01.blob.core.windows.net/public-files/historical-results/state2018/south-westcoastdistrict.html,ca57418f7b9277b149b6b20f935f22f37cb2146106d2d7bce34550da75b345e3,6,"BRITNELL, Roma",LIBERAL,False,Coalition,13297,41065,True
vic_la_2018,South-West Coast,south-west-coast,general-election,https://itsitecoreblobvecprd01.blob.core.windows.net/public-files/historical-results/state2018/south-westcoastdistrict.html,ca57418f7b9277b149b6b20f935f22f37cb2146106d2d7bce34550da75b345e3,7,"McCLUSKEY, Michael",,True,Other/Independent,384,41065,True
vic_la_2018,South-West Coast,south-west-coast,general-election,https://itsitecoreblobvecprd01.blob.core.windows.net/public-files/historical-results/state2018/south-westcoastdistrict.html,ca57418f7b9277b149b6b20f935f22f37cb2146106d2d7bce34550da75b345e3,8,"PURCELL, James",,True,Other/Independent,6763,41065,True
vic_la_2018,South-West Coast,south-west-coast,general-election,https://itsitecoreblobvecprd01.blob.core.windows.net/public-files/historical-results/state2018/south-westcoastdistrict.html,ca57418f7b9277b149b6b20f935f22f37cb2146106d2d7bce34550da75b345e3,9,"PURTILL, Joseph",LABOUR DLP,False,Other/Independent,682,41065,True
vic_la_2018,St Albans,st-albans,general-election,https://itsitecoreblobvecprd01.blob.core.windows.net/public-files/historical-results/state2018/stalbansdistrict.html,45d6e3eaf4511c22f7d060d761c4bbeb21739b0bd6a84557b28d7a16d13aec38,1,"MAGRI, Cylene",AUSTRALIAN GREENS,False,Greens,4600,37464,True
vic_la_2018,St Albans,st-albans,general-election,https://itsitecoreblobvecprd01.blob.core.windows.net/public-files/historical-results/state2018/stalbansdistrict.html,45d6e3eaf4511c22f7d060d761c4bbeb21739b0bd6a84557b28d7a16d13aec38,2,"SULEYMAN, Natalie",AUSTRALIAN LABOR PARTY,False,ALP,22355,37464,True
vic_la_2018,St Albans,st-albans,general-election,https://itsitecoreblobvecprd01.blob.core.windows.net/public-files/historical-results/state2018/stalbansdistrict.html,45d6e3eaf4511c22f7d060d761c4bbeb21739b0bd6a84557b28d7a16d13aec38,3,"ISA, Jenny",,True,Other/Independent,1393,37464,True
vic_la_2018,St Albans,st-albans,general-election,https://itsitecoreblobvecprd01.blob.core.windows.net/public-files/historical-results/state2018/stalbansdistrict.html,45d6e3eaf4511c22f7d060d761c4bbeb21739b0bd6a84557b28d7a16d13aec38,4,"LUU, Trung",LIBERAL,False,Coalition,9116,37464,True
vic_la_2018,Sunbury,sunbury,general-election,https://itsitecoreblobvecprd01.blob.core.windows.net/public-files/historical-results/state2018/sunburydistrict.html,c68393d9f815948454c0f32a9296d4bb20a2ba97bbe2438c30e3a560bb0e0381,1,"MARR, Cassandra",LIBERAL,False,Coalition,13178,38955,True
vic_la_2018,Sunbury,sunbury,general-election,https://itsitecoreblobvecprd01.blob.core.windows.net/public-files/historical-results/state2018/sunburydistrict.html,c68393d9f815948454c0f32a9296d4bb20a2ba97bbe2438c30e3a560bb0e0381,2,"KEABLE, Ryan",AUSTRALIAN GREENS,False,Greens,3028,38955,True
vic_la_2018,Sunbury,sunbury,general-election,https://itsitecoreblobvecprd01.blob.core.windows.net/public-files/historical-results/state2018/sunburydistrict.html,c68393d9f815948454c0f32a9296d4bb20a2ba97bbe2438c30e3a560bb0e0381,3,"BULL, Josh",AUSTRALIAN LABOR PARTY,False,ALP,22749,38955,True
vic_la_2018,Sydenham,sydenham,general-election,https://itsitecoreblobvecprd01.blob.core.windows.net/public-files/historical-results/state2018/sydenhamdistrict.html,91dba73d01df515f595d71914e105c797a9f967b21773fb8a275854709369841,1,"KERR, Maria",LIBERAL,False,Coalition,12303,43101,True
vic_la_2018,Sydenham,sydenham,general-election,https://itsitecoreblobvecprd01.blob.core.windows.net/public-files/historical-results/state2018/sydenhamdistrict.html,91dba73d01df515f595d71914e105c797a9f967b21773fb8a275854709369841,2,"HUTCHINS, Natalie",AUSTRALIAN LABOR PARTY,False,ALP,26264,43101,True
vic_la_2018,Sydenham,sydenham,general-election,https://itsitecoreblobvecprd01.blob.core.windows.net/public-files/historical-results/state2018/sydenhamdistrict.html,91dba73d01df515f595d71914e105c797a9f967b21773fb8a275854709369841,3,"SINGH, Ramanjit",,True,Other/Independent,1780,43101,True
vic_la_2018,Sydenham,sydenham,general-election,https://itsitecoreblobvecprd01.blob.core.windows.net/public-files/historical-results/state2018/sydenhamdistrict.html,91dba73d01df515f595d71914e105c797a9f967b21773fb8a275854709369841,4,"HARE, Clinton",AUSTRALIAN GREENS,False,Greens,2754,43101,True
vic_la_2018,Tarneit,tarneit,general-election,https://itsitecoreblobvecprd01.blob.core.windows.net/public-files/historical-results/state2018/tarneitdistrict.html,2db2eba7847c66b7e3ac30a3c2945a23f4bf66005908a3f016ed6e2d16403192,1,"GOODFELLOW, Glenn",LIBERAL,False,Coalition,11460,44635,True
vic_la_2018,Tarneit,tarneit,general-election,https://itsitecoreblobvecprd01.blob.core.windows.net/public-files/historical-results/state2018/tarneitdistrict.html,2db2eba7847c66b7e3ac30a3c2945a23f4bf66005908a3f016ed6e2d16403192,2,"SYED, Zulfi",,True,Other/Independent,802,44635,True
vic_la_2018,Tarneit,tarneit,general-election,https://itsitecoreblobvecprd01.blob.core.windows.net/public-files/historical-results/state2018/tarneitdistrict.html,2db2eba7847c66b7e3ac30a3c2945a23f4bf66005908a3f016ed6e2d16403192,3,"SHEFFIELD-BROTHERTON, Beck",AUSTRALIAN GREENS,False,Greens,3398,44635,True
vic_la_2018,Tarneit,tarneit,general-election,https://itsitecoreblobvecprd01.blob.core.windows.net/public-files/historical-results/state2018/tarneitdistrict.html,2db2eba7847c66b7e3ac30a3c2945a23f4bf66005908a3f016ed6e2d16403192,4,"SATI, Arnav",,True,Other/Independent,1740,44635,True
vic_la_2018,Tarneit,tarneit,general-election,https://itsitecoreblobvecprd01.blob.core.windows.net/public-files/historical-results/state2018/tarneitdistrict.html,2db2eba7847c66b7e3ac30a3c2945a23f4bf66005908a3f016ed6e2d16403192,5,"AN, Aaron",,True,Other/Independent,1006,44635,True
vic_la_2018,Tarneit,tarneit,general-election,https://itsitecoreblobvecprd01.blob.core.windows.net/public-files/historical-results/state2018/tarneitdistrict.html,2db2eba7847c66b7e3ac30a3c2945a23f4bf66005908a3f016ed6e2d16403192,6,"BATTH, Harkamal Singh",,True,Other/Independent,1145,44635,True
vic_la_2018,Tarneit,tarneit,general-election,https://itsitecoreblobvecprd01.blob.core.windows.net/public-files/historical-results/state2018/tarneitdistrict.html,2db2eba7847c66b7e3ac30a3c2945a23f4bf66005908a3f016ed6e2d16403192,7,"CONNOLLY, Sarah",AUSTRALIAN LABOR PARTY,False,ALP,25084,44635,True
vic_la_2018,Thomastown,thomastown,general-election,https://itsitecoreblobvecprd01.blob.core.windows.net/public-files/historical-results/state2018/thomastowndistrict.html,4c04bc1c63efe9e545367c2290043cfe43ee27604b0cf5bccd2caea687a93740,1,"DESIATO, Alahna",,True,Other/Independent,1552,34685,True
vic_la_2018,Thomastown,thomastown,general-election,https://itsitecoreblobvecprd01.blob.core.windows.net/public-files/historical-results/state2018/thomastowndistrict.html,4c04bc1c63efe9e545367c2290043cfe43ee27604b0cf5bccd2caea687a93740,2,"NAGORKA-TSINDOS, Tess",ANIMAL JUSTICE PARTY,False,Other/Independent,861,34685,True
vic_la_2018,Thomastown,thomastown,general-election,https://itsitecoreblobvecprd01.blob.core.windows.net/public-files/historical-results/state2018/thomastowndistrict.html,4c04bc1c63efe9e545367c2290043cfe43ee27604b0cf5bccd2caea687a93740,3,"HALFPENNY, Bronwyn",AUSTRALIAN LABOR PARTY,False,ALP,21397,34685,True
vic_la_2018,Thomastown,thomastown,general-election,https://itsitecoreblobvecprd01.blob.core.windows.net/public-files/historical-results/state2018/thomastowndistrict.html,4c04bc1c63efe9e545367c2290043cfe43ee27604b0cf5bccd2caea687a93740,4,"THIRKETTLE-WATTS, David",FIONA PATTEN'S REASON PARTY,False,Other/Independent,554,34685,True
vic_la_2018,Thomastown,thomastown,general-election,https://itsitecoreblobvecprd01.blob.core.windows.net/public-files/historical-results/state2018/thomastowndistrict.html,4c04bc1c63efe9e545367c2290043cfe43ee27604b0cf5bccd2caea687a93740,5,"SABA, Ibrahim",,True,Other/Independent,593,34685,True
vic_la_2018,Thomastown,thomastown,general-election,https://itsitecoreblobvecprd01.blob.core.windows.net/public-files/historical-results/state2018/thomastowndistrict.html,4c04bc1c63efe9e545367c2290043cfe43ee27604b0cf5bccd2caea687a93740,6,"SINGH, Gurdawar",LIBERAL,False,Coalition,5420,34685,True
vic_la_2018,Thomastown,thomastown,general-election,https://itsitecoreblobvecprd01.blob.core.windows.net/public-files/historical-results/state2018/thomastowndistrict.html,4c04bc1c63efe9e545367c2290043cfe43ee27604b0cf5bccd2caea687a93740,7,"LARKIN, Kath",VICTORIAN SOCIALISTS,False,Other/Independent,967,34685,True
vic_la_2018,Thomastown,thomastown,general-election,https://itsitecoreblobvecprd01.blob.core.windows.net/public-files/historical-results/state2018/thomastowndistrict.html,4c04bc1c63efe9e545367c2290043cfe43ee27604b0cf5bccd2caea687a93740,8,"SMITH, Cynthia",AUSTRALIAN GREENS,False,Greens,1474,34685,True
vic_la_2018,Thomastown,thomastown,general-election,https://itsitecoreblobvecprd01.blob.core.windows.net/public-files/historical-results/state2018/thomastowndistrict.html,4c04bc1c63efe9e545367c2290043cfe43ee27604b0cf5bccd2caea687a93740,9,"STAVRESKI, Nikola",,True,Other/Independent,1867,34685,True
vic_la_2018,Warrandyte,warrandyte,general-election,https://itsitecoreblobvecprd01.blob.core.windows.net/public-files/historical-results/state2018/warrandytedistrict.html,4dd08294798afa7d0cb2843f08526806c30aaf53034fa28673d3615c00171980,1,"MCGRATH, Elizabeth",AUSTRALIAN LABOR PARTY,False,ALP,13395,37884,True
vic_la_2018,Warrandyte,warrandyte,general-election,https://itsitecoreblobvecprd01.blob.core.windows.net/public-files/historical-results/state2018/warrandytedistrict.html,4dd08294798afa7d0cb2843f08526806c30aaf53034fa28673d3615c00171980,2,"McGILL, Lachlan",ANIMAL JUSTICE PARTY,False,Other/Independent,1710,37884,True
vic_la_2018,Warrandyte,warrandyte,general-election,https://itsitecoreblobvecprd01.blob.core.windows.net/public-files/historical-results/state2018/warrandytedistrict.html,4dd08294798afa7d0cb2843f08526806c30aaf53034fa28673d3615c00171980,3,"RAMCHARAN, Ben",AUSTRALIAN GREENS,False,Greens,3927,37884,True
vic_la_2018,Warrandyte,warrandyte,general-election,https://itsitecoreblobvecprd01.blob.core.windows.net/public-files/historical-results/state2018/warrandytedistrict.html,4dd08294798afa7d0cb2843f08526806c30aaf53034fa28673d3615c00171980,4,"SMITH, Ryan",LIBERAL,False,Coalition,18852,37884,True
vic_la_2018,Wendouree,wendouree,general-election,https://itsitecoreblobvecprd01.blob.core.windows.net/public-files/historical-results/state2018/wendoureedistrict.html,cfaf865cd63905f2f9d0e86454aced6fc47e8b964dab5591d3c5612cc872e2d3,1,"BARNES, Alice",AUSTRALIAN GREENS,False,Greens,3647,37691,True
vic_la_2018,Wendouree,wendouree,general-election,https://itsitecoreblobvecprd01.blob.core.windows.net/public-files/historical-results/state2018/wendoureedistrict.html,cfaf865cd63905f2f9d0e86454aced6fc47e8b964dab5591d3c5612cc872e2d3,2,"JOHNSON, Amy",LIBERAL,False,Coalition,13270,37691,True
vic_la_2018,Wendouree,wendouree,general-election,https://itsitecoreblobvecprd01.blob.core.windows.net/public-files/historical-results/state2018/wendoureedistrict.html,cfaf865cd63905f2f9d0e86454aced6fc47e8b964dab5591d3c5612cc872e2d3,3,"HILLS, Bryn",ANIMAL JUSTICE PARTY,False,Other/Independent,1303,37691,True
vic_la_2018,Wendouree,wendouree,general-election,https://itsitecoreblobvecprd01.blob.core.windows.net/public-files/historical-results/state2018/wendoureedistrict.html,cfaf865cd63905f2f9d0e86454aced6fc47e8b964dab5591d3c5612cc872e2d3,4,"SMITH, Jeremy",VICTORIAN SOCIALISTS,False,Other/Independent,382,37691,True
vic_la_2018,Wendouree,wendouree,general-election,https://itsitecoreblobvecprd01.blob.core.windows.net/public-files/historical-results/state2018/wendoureedistrict.html,cfaf865cd63905f2f9d0e86454aced6fc47e8b964dab5591d3c5612cc872e2d3,5,"SMITH, Alison May",,True,Other/Independent,473,37691,True
vic_la_2018,Wendouree,wendouree,general-election,https://itsitecoreblobvecprd01.blob.core.windows.net/public-files/historical-results/state2018/wendoureedistrict.html,cfaf865cd63905f2f9d0e86454aced6fc47e8b964dab5591d3c5612cc872e2d3,6,"ADDISON, Juliana",AUSTRALIAN LABOR PARTY,False,ALP,18616,37691,True
vic_la_2018,Werribee,werribee,general-election,https://itsitecoreblobvecprd01.blob.core.windows.net/public-files/historical-results/state2018/werribeedistrict.html,cd276b80ab2ab16e3c4ded82f2ccfb0fb41db876e22252034a695f2d72f43bbc,1,"PALLAS, Tim",AUSTRALIAN LABOR PARTY,False,ALP,17539,38622,True
vic_la_2018,Werribee,werribee,general-election,https://itsitecoreblobvecprd01.blob.core.windows.net/public-files/historical-results/state2018/werribeedistrict.html,cd276b80ab2ab16e3c4ded82f2ccfb0fb41db876e22252034a695f2d72f43bbc,2,"LY, Thanh Nga",,True,Other/Independent,346,38622,True
vic_la_2018,Werribee,werribee,general-election,https://itsitecoreblobvecprd01.blob.core.windows.net/public-files/historical-results/state2018/werribeedistrict.html,cd276b80ab2ab16e3c4ded82f2ccfb0fb41db876e22252034a695f2d72f43bbc,3,"SHARMA, Pratibha",,True,Other/Independent,628,38622,True
vic_la_2018,Werribee,werribee,general-election,https://itsitecoreblobvecprd01.blob.core.windows.net/public-files/historical-results/state2018/werribeedistrict.html,cd276b80ab2ab16e3c4ded82f2ccfb0fb41db876e22252034a695f2d72f43bbc,4,"CARLING-JENKINS, Rachel",,True,Other/Independent,2086,38622,True
vic_la_2018,Werribee,werribee,general-election,https://itsitecoreblobvecprd01.blob.core.windows.net/public-files/historical-results/state2018/werribeedistrict.html,cd276b80ab2ab16e3c4ded82f2ccfb0fb41db876e22252034a695f2d72f43bbc,5,"GARRA, Joe",,True,Other/Independent,7685,38622,True
vic_la_2018,Werribee,werribee,general-election,https://itsitecoreblobvecprd01.blob.core.windows.net/public-files/historical-results/state2018/werribeedistrict.html,cd276b80ab2ab16e3c4ded82f2ccfb0fb41db876e22252034a695f2d72f43bbc,6,"DESSI, Jay",AUSTRALIAN GREENS,False,Greens,2522,38622,True
vic_la_2018,Werribee,werribee,general-election,https://itsitecoreblobvecprd01.blob.core.windows.net/public-files/historical-results/state2018/werribeedistrict.html,cd276b80ab2ab16e3c4ded82f2ccfb0fb41db876e22252034a695f2d72f43bbc,7,"BREAKWELL, Kathryn",LABOUR DLP,False,Other/Independent,1175,38622,True
vic_la_2018,Werribee,werribee,general-election,https://itsitecoreblobvecprd01.blob.core.windows.net/public-files/historical-results/state2018/werribeedistrict.html,cd276b80ab2ab16e3c4ded82f2ccfb0fb41db876e22252034a695f2d72f43bbc,8,"MURPHY, Gayle",LIBERAL,False,Coalition,6641,38622,True
vic_la_2018,Williamstown,williamstown,general-election,https://itsitecoreblobvecprd01.blob.core.windows.net/public-files/historical-results/state2018/williamstowndistrict.html,a53717ef8de0a55370a160df894d858c2a5c90057ec4347ac4a4f54dcc1db745,1,"HORNE, Melissa",AUSTRALIAN LABOR PARTY,False,ALP,21839,43370,True
vic_la_2018,Williamstown,williamstown,general-election,https://itsitecoreblobvecprd01.blob.core.windows.net/public-files/historical-results/state2018/williamstowndistrict.html,a53717ef8de0a55370a160df894d858c2a5c90057ec4347ac4a4f54dcc1db745,2,"LONG, Sam",AUSTRALIAN GREENS,False,Greens,6960,43370,True
vic_la_2018,Williamstown,williamstown,general-election,https://itsitecoreblobvecprd01.blob.core.windows.net/public-files/historical-results/state2018/williamstowndistrict.html,a53717ef8de0a55370a160df894d858c2a5c90057ec4347ac4a4f54dcc1db745,3,"SAINT-JAMES, Virginia",ANIMAL JUSTICE PARTY,False,Other/Independent,1251,43370,True
vic_la_2018,Williamstown,williamstown,general-election,https://itsitecoreblobvecprd01.blob.core.windows.net/public-files/historical-results/state2018/williamstowndistrict.html,a53717ef8de0a55370a160df894d858c2a5c90057ec4347ac4a4f54dcc1db745,4,"BENTLEY, Lisa",,True,Other/Independent,1081,43370,True
vic_la_2018,Williamstown,williamstown,general-election,https://itsitecoreblobvecprd01.blob.core.windows.net/public-files/historical-results/state2018/williamstowndistrict.html,a53717ef8de0a55370a160df894d858c2a5c90057ec4347ac4a4f54dcc1db745,5,"HEMPHILL, Peter",,True,Other/Independent,4407,43370,True
vic_la_2018,Williamstown,williamstown,general-election,https://itsitecoreblobvecprd01.blob.core.windows.net/public-files/historical-results/state2018/williamstowndistrict.html,a53717ef8de0a55370a160df894d858c2a5c90057ec4347ac4a4f54dcc1db745,6,"JOSHI, Pallavee",LIBERAL,False,Coalition,7832,43370,True
vic_la_2018,Yan Yean,yan-yean,general-election,https://itsitecoreblobvecprd01.blob.core.windows.net/public-files/historical-results/state2018/yanyeandistrict.html,7f7c110a64a39ff906404a2d05dceae29e83b0162fdd96f11f48f077ac65407b,1,"BROWN, Siobhann",AUSTRALIAN LIBERTY ALLIANCE,False,Other/Independent,1232,49204,True
vic_la_2018,Yan Yean,yan-yean,general-election,https://itsitecoreblobvecprd01.blob.core.windows.net/public-files/historical-results/state2018/yanyeandistrict.html,7f7c110a64a39ff906404a2d05dceae29e83b0162fdd96f11f48f077ac65407b,2,"BABLIS, Arthur",LABOUR DLP,False,Other/Independent,1845,49204,True
vic_la_2018,Yan Yean,yan-yean,general-election,https://itsitecoreblobvecprd01.blob.core.windows.net/public-files/historical-results/state2018/yanyeandistrict.html,7f7c110a64a39ff906404a2d05dceae29e83b0162fdd96f11f48f077ac65407b,3,"BANSAL, Munish",,True,Other/Independent,234,49204,True
vic_la_2018,Yan Yean,yan-yean,general-election,https://itsitecoreblobvecprd01.blob.core.windows.net/public-files/historical-results/state2018/yanyeandistrict.html,7f7c110a64a39ff906404a2d05dceae29e83b0162fdd96f11f48f077ac65407b,4,"GREEN, Danielle",AUSTRALIAN LABOR PARTY,False,ALP,26717,49204,True
vic_la_2018,Yan Yean,yan-yean,general-election,https://itsitecoreblobvecprd01.blob.core.windows.net/public-files/historical-results/state2018/yanyeandistrict.html,7f7c110a64a39ff906404a2d05dceae29e83b0162fdd96f11f48f077ac65407b,5,"SNELLING, David","SHOOTERS, FISHERS & FARMERS VIC",False,Other/Independent,2244,49204,True
vic_la_2018,Yan Yean,yan-yean,general-election,https://itsitecoreblobvecprd01.blob.core.windows.net/public-files/historical-results/state2018/yanyeandistrict.html,7f7c110a64a39ff906404a2d05dceae29e83b0162fdd96f11f48f077ac65407b,6,"McKINNON, Hugh",AUSTRALIAN GREENS,False,Greens,3354,49204,True
vic_la_2018,Yan Yean,yan-yean,general-election,https://itsitecoreblobvecprd01.blob.core.windows.net/public-files/historical-results/state2018/yanyeandistrict.html,7f7c110a64a39ff906404a2d05dceae29e83b0162fdd96f11f48f077ac65407b,7,"KLEIN, Meralyn",LIBERAL,False,Coalition,13324,49204,True
vic_la_2018,Yan Yean,yan-yean,general-election,https://itsitecoreblobvecprd01.blob.core.windows.net/public-files/historical-results/state2018/yanyeandistrict.html,7f7c110a64a39ff906404a2d05dceae29e83b0162fdd96f11f48f077ac65407b,8,"ALBARRI, Yassin Akram",,True,Other/Independent,254,49204,True
vic_la_2018,Yuroke,yuroke,general-election,https://itsitecoreblobvecprd01.blob.core.windows.net/public-files/historical-results/state2018/yurokedistrict.html,b1334955be9ca7318466037a969864ad075b834b21b6a9f1abb4c45081c20521,1,"ZOGHEIB, Golda",,True,Other/Independent,2102,47995,True
vic_la_2018,Yuroke,yuroke,general-election,https://itsitecoreblobvecprd01.blob.core.windows.net/public-files/historical-results/state2018/yurokedistrict.html,b1334955be9ca7318466037a969864ad075b834b21b6a9f1abb4c45081c20521,2,"SAMPSON, Louise",AUSTRALIAN GREENS,False,Greens,3070,47995,True
vic_la_2018,Yuroke,yuroke,general-election,https://itsitecoreblobvecprd01.blob.core.windows.net/public-files/historical-results/state2018/yurokedistrict.html,b1334955be9ca7318466037a969864ad075b834b21b6a9f1abb4c45081c20521,3,"DOOK, Emma",VICTORIAN SOCIALISTS,False,Other/Independent,1612,47995,True
vic_la_2018,Yuroke,yuroke,general-election,https://itsitecoreblobvecprd01.blob.core.windows.net/public-files/historical-results/state2018/yurokedistrict.html,b1334955be9ca7318466037a969864ad075b834b21b6a9f1abb4c45081c20521,4,"SPENCE, Ros",AUSTRALIAN LABOR PARTY,False,ALP,28519,47995,True
vic_la_2018,Yuroke,yuroke,general-election,https://itsitecoreblobvecprd01.blob.core.windows.net/public-files/historical-results/state2018/yurokedistrict.html,b1334955be9ca7318466037a969864ad075b834b21b6a9f1abb4c45081c20521,5,"OVEREND, Jim",LIBERAL,False,Coalition,12692,47995,True
