election_id,district_name,candidate_name,party_raw,source_url,district_id,party_id,candidate_id,result_page_primary_votes,candidate_match_name,workbook_candidate_name,workbook_initial_votes,initial_vote_derivation,initial_vs_result_page_delta
vic_la_2022,Kalkallo,"SPENCE, Ros",Australian Labor Party - Victorian Branch,https://www.vec.vic.gov.au/results/state-election-results/2022-state-election-results/results-by-district/kalkallo-district-results,kalkallo,ALP,cand_82764a9eb7,21531,"SPENCE, Ros","SPENCE, Ros",21538,first_progressive_total_minus_first_transfer,7
vic_la_2022,Kalkallo,"SINGH, Bikram",Liberal,https://www.vec.vic.gov.au/results/state-election-results/2022-state-election-results/results-by-district/kalkallo-district-results,kalkallo,LIB,cand_ed893fec9c,9154,"SINGH, Bikram","SINGH, Bikram",9156,first_progressive_total_minus_first_transfer,2
vic_la_2022,Kalkallo,"LOWE, Frances",Animal Justice Party,https://www.vec.vic.gov.au/results/state-election-results/2022-state-election-results/results-by-district/kalkallo-district-results,kalkallo,PARTY_ANIMAL_JUSTICE_PARTY,cand_64653d5939,1466,"LOWE, Frances","LOWE, Frances",1460,first_progressive_total_minus_first_transfer,-6
vic_la_2022,Kalkallo,"PAREL, Jimmy George",,https://www.vec.vic.gov.au/results/state-election-results/2022-state-election-results/results-by-district/kalkallo-district-results,kalkallo,IND,cand_51259915e5,610,"PAREL, Jimmy George","PAREL, Jimmy George",611,first_progressive_total_minus_first_transfer,1
vic_la_2022,Kalkallo,"UL MURTAZA, Muhammad Nisar",Australian Greens,https://www.vec.vic.gov.au/results/state-election-results/2022-state-election-results/results-by-district/kalkallo-district-results,kalkallo,GRN,cand_4c1f9421d2,2116,"UL MURTAZA, Muhammad Nisar","UL MURTAZA, Muhammad Nisar",2112,first_progressive_total_minus_first_transfer,-4
vic_la_2022,Kalkallo,"FRENCH, Callum John",,https://www.vec.vic.gov.au/results/state-election-results/2022-state-election-results/results-by-district/kalkallo-district-results,kalkallo,IND,cand_47c9472dae,299,"FRENCH, Callum John","FRENCH, Callum John",299,first_exclusion_source_parcel,0
vic_la_2022,Kalkallo,"SANDHU, Smiley",New Democrats,https://www.vec.vic.gov.au/results/state-election-results/2022-state-election-results/results-by-district/kalkallo-district-results,kalkallo,PARTY_NEW_DEMOCRATS,cand_3a190144f0,409,"SANDHU, Smiley","SANDHU, Smiley",408,first_progressive_total_minus_first_transfer,-1
vic_la_2022,Kalkallo,"SAYER, Das",Family First Victoria,https://www.vec.vic.gov.au/results/state-election-results/2022-state-election-results/results-by-district/kalkallo-district-results,kalkallo,PARTY_FAMILY_FIRST_VICTORIA,cand_90a48269d4,2457,"SAYER, Das","SAYER, Das",2451,first_progressive_total_minus_first_transfer,-6
vic_la_2022,Kalkallo,"MONSALVE TOBON, Sergio",Victorian Socialists,https://www.vec.vic.gov.au/results/state-election-results/2022-state-election-results/results-by-district/kalkallo-district-results,kalkallo,PARTY_VICTORIAN_SOCIALISTS,cand_e8f9e76243,1938,"MONSALVE TOBON, Sergio","MONSALVE TOBON, Sergio",1935,first_progressive_total_minus_first_transfer,-3
vic_la_2022,Lowan,"ETHERTON, Richard",Angry Victorians Party,https://www.vec.vic.gov.au/results/state-election-results/2022-state-election-results/results-by-district/lowan-district-results,lowan,PARTY_ANGRY_VICTORIANS_PARTY,cand_122e0eb357,1710,"ETHERTON, Richard","ETHERTON, Richard",1706,first_progressive_total_minus_first_transfer,-4
vic_la_2022,Lowan,"KEALY, Emma",The Nationals,https://www.vec.vic.gov.au/results/state-election-results/2022-state-election-results/results-by-district/lowan-district-results,lowan,NAT,cand_9103e9cc13,25482,"KEALY, Emma","KEALY, Emma",25487,first_progressive_total_minus_first_transfer,5
vic_la_2022,Lowan,"RAMSAY, Tamasin",Animal Justice Party,https://www.vec.vic.gov.au/results/state-election-results/2022-state-election-results/results-by-district/lowan-district-results,lowan,PARTY_ANIMAL_JUSTICE_PARTY,cand_2d66721e01,1019,"RAMSAY, Tamasin","RAMSAY, Tamasin",1018,first_exclusion_source_parcel,-1
vic_la_2022,Lowan,"COLEMAN, Robert",Family First Victoria,https://www.vec.vic.gov.au/results/state-election-results/2022-state-election-results/results-by-district/lowan-district-results,lowan,PARTY_FAMILY_FIRST_VICTORIA,cand_539952f953,1573,"COLEMAN, Robert","COLEMAN, Robert",1572,first_progressive_total_minus_first_transfer,-1
vic_la_2022,Lowan,"MEAD, Amanda",,https://www.vec.vic.gov.au/results/state-election-results/2022-state-election-results/results-by-district/lowan-district-results,lowan,IND,cand_feb51562b4,2384,"MEAD, Amanda","MEAD, Amanda",2324,first_progressive_total_minus_first_transfer,-60
vic_la_2022,Lowan,"MONAGHAN, Mick",Australian Labor Party - Victorian Branch,https://www.vec.vic.gov.au/results/state-election-results/2022-state-election-results/results-by-district/lowan-district-results,lowan,ALP,cand_6966edb6d1,8554,"MONAGHAN, Mick","MONAGHAN, Mick",8560,first_progressive_total_minus_first_transfer,6
vic_la_2022,Lowan,"LANE, Richard",Australian Greens,https://www.vec.vic.gov.au/results/state-election-results/2022-state-election-results/results-by-district/lowan-district-results,lowan,GRN,cand_7c51319526,2575,"LANE, Richard","LANE, Richard",2573,first_progressive_total_minus_first_transfer,-2
vic_la_2022,Malvern,"NATOLI, Amelia",Animal Justice Party,https://www.vec.vic.gov.au/results/state-election-results/2022-state-election-results/results-by-district/malvern-district-results,malvern,PARTY_ANIMAL_JUSTICE_PARTY,cand_e087ec8e0c,1005,"NATOLI, Amelia","NATOLI, Amelia",1000,first_progressive_total_minus_first_transfer,-5
vic_la_2022,Malvern,"NATALE, Darren",Australian Labor Party - Victorian Branch,https://www.vec.vic.gov.au/results/state-election-results/2022-state-election-results/results-by-district/malvern-district-results,malvern,ALP,cand_379ecdde64,10686,"NATALE, Darren","NATALE, Darren",10685,first_progressive_total_minus_first_transfer,-1
vic_la_2022,Malvern,"O'BRIEN, Michael",Liberal,https://www.vec.vic.gov.au/results/state-election-results/2022-state-election-results/results-by-district/malvern-district-results,malvern,LIB,cand_409bf50c8a,21438,"O'BRIEN, Michael","O'BRIEN, Michael",21438,first_progressive_total_minus_first_transfer,0
vic_la_2022,Malvern,"STEFANOPOULOS, Steve",,https://www.vec.vic.gov.au/results/state-election-results/2022-state-election-results/results-by-district/malvern-district-results,malvern,IND,cand_e370be681f,643,"STEFANOPOULOS, Steve","STEFANOPOULOS, Steve",645,first_progressive_total_minus_first_transfer,2
vic_la_2022,Malvern,"SCHMIDT, Judy",Family First Victoria,https://www.vec.vic.gov.au/results/state-election-results/2022-state-election-results/results-by-district/malvern-district-results,malvern,PARTY_FAMILY_FIRST_VICTORIA,cand_4a4b43edc5,639,"SCHMIDT, Judy","SCHMIDT, Judy",632,first_exclusion_source_parcel,-7
vic_la_2022,Malvern,"FULLER, Mitchell",Australian Greens,https://www.vec.vic.gov.au/results/state-election-results/2022-state-election-results/results-by-district/malvern-district-results,malvern,GRN,cand_7d09c72041,6390,"FULLER, Mitchell","FULLER, Mitchell",6391,first_progressive_total_minus_first_transfer,1
vic_la_2022,Mulgrave,"ANDREWS, Daniel",Australian Labor Party - Victorian Branch,https://www.vec.vic.gov.au/results/state-election-results/2022-state-election-results/results-by-district/mulgrave-district-results,mulgrave,ALP,cand_63d90891a7,19365,"ANDREWS, Daniel","ANDREWS, Daniel",19360,first_progressive_total_minus_first_transfer,-5
vic_la_2022,Mulgrave,"KING, Andrew",,https://www.vec.vic.gov.au/results/state-election-results/2022-state-election-results/results-by-district/mulgrave-district-results,mulgrave,IND,cand_986a3f8de0,173,"KING, Andrew","KING, Andrew",169,first_progressive_total_minus_first_transfer,-4
vic_la_2022,Mulgrave,"ISMA, Ezra J. D.",,https://www.vec.vic.gov.au/results/state-election-results/2022-state-election-results/results-by-district/mulgrave-district-results,mulgrave,IND,cand_4175721834,92,"ISMA, Ezra J. D.","ISMA, Ezra J. D.",91,first_exclusion_source_parcel,-1
vic_la_2022,Mulgrave,"MOODY, Anne",,https://www.vec.vic.gov.au/results/state-election-results/2022-state-election-results/results-by-district/mulgrave-district-results,mulgrave,IND,cand_2bb97a8421,146,"MOODY, Anne","MOODY, Anne",139,first_progressive_total_minus_first_transfer,-7
vic_la_2022,Mulgrave,"COOK, Ian",,https://www.vec.vic.gov.au/results/state-election-results/2022-state-election-results/results-by-district/mulgrave-district-results,mulgrave,IND,cand_c780690e7a,6838,"COOK, Ian","COOK, Ian",6842,first_progressive_total_minus_first_transfer,4
vic_la_2022,Mulgrave,"TOSCANO, Joseph",,https://www.vec.vic.gov.au/results/state-election-results/2022-state-election-results/results-by-district/mulgrave-district-results,mulgrave,IND,cand_88126da5ca,155,"TOSCANO, Joseph","TOSCANO, Joseph",154,first_progressive_total_minus_first_transfer,-1
vic_la_2022,Mulgrave,"MOULD, David",Animal Justice Party,https://www.vec.vic.gov.au/results/state-election-results/2022-state-election-results/results-by-district/mulgrave-district-results,mulgrave,PARTY_ANIMAL_JUSTICE_PARTY,cand_3f42adf8cc,419,"MOULD, David","MOULD, David",420,first_progressive_total_minus_first_transfer,1
vic_la_2022,Mulgrave,"FOREMAN, Jane",Family First Victoria,https://www.vec.vic.gov.au/results/state-election-results/2022-state-election-results/results-by-district/mulgrave-district-results,mulgrave,PARTY_FAMILY_FIRST_VICTORIA,cand_9b3030ff46,749,"FOREMAN, Jane","FOREMAN, Jane",745,first_progressive_total_minus_first_transfer,-4
vic_la_2022,Mulgrave,"LIM, Robert",Australian Greens,https://www.vec.vic.gov.au/results/state-election-results/2022-state-election-results/results-by-district/mulgrave-district-results,mulgrave,GRN,cand_f0918c3045,1930,"LIM, Robert","LIM, Robert",1920,first_progressive_total_minus_first_transfer,-10
vic_la_2022,Mulgrave,"WOOD, Maree",Labour DLP,https://www.vec.vic.gov.au/results/state-election-results/2022-state-election-results/results-by-district/mulgrave-district-results,mulgrave,PARTY_LABOUR_DLP,cand_0931492fd3,327,"WOOD, Maree","WOOD, Maree",328,first_progressive_total_minus_first_transfer,1
vic_la_2022,Mulgrave,"PIASTRINO, Michael",Liberal,https://www.vec.vic.gov.au/results/state-election-results/2022-state-election-results/results-by-district/mulgrave-district-results,mulgrave,LIB,cand_6b6572d4a5,6528,"PIASTRINO, Michael","PIASTRINO, Michael",6511,first_progressive_total_minus_first_transfer,-17
vic_la_2022,Mulgrave,"THEODOSSOPOULOU, Fotini",,https://www.vec.vic.gov.au/results/state-election-results/2022-state-election-results/results-by-district/mulgrave-district-results,mulgrave,IND,cand_5c30d560e1,305,"THEODOSSOPOULOU, Fotini","THEODOSSOPOULOU, Fotini",304,first_progressive_total_minus_first_transfer,-1
vic_la_2022,Mulgrave,"LEE, Howard",,https://www.vec.vic.gov.au/results/state-election-results/2022-state-election-results/results-by-district/mulgrave-district-results,mulgrave,IND,cand_59a531744d,120,"LEE, Howard","LEE, Howard",119,first_progressive_total_minus_first_transfer,-1
vic_la_2022,Mulgrave,"McLINDON, Aidan",Freedom Party of Victoria,https://www.vec.vic.gov.au/results/state-election-results/2022-state-election-results/results-by-district/mulgrave-district-results,mulgrave,PARTY_FREEDOM_PARTY_OF_VICTORIA,cand_1323f7d76e,824,"McLINDON, Aidan","McLINDON, Aidan",822,first_progressive_total_minus_first_transfer,-2
vic_la_2022,Murray Plains,"MacPHERSON, Cameron",Family First Victoria,https://www.vec.vic.gov.au/results/state-election-results/2022-state-election-results/results-by-district/murray-plains-district-results,murray-plains,PARTY_FAMILY_FIRST_VICTORIA,cand_41fd660dd9,2575,"MacPHERSON, Cameron","MacPHERSON, Cameron",2573,first_progressive_total_minus_first_transfer,-2
vic_la_2022,Murray Plains,"BISH, Katia",Freedom Party of Victoria,https://www.vec.vic.gov.au/results/state-election-results/2022-state-election-results/results-by-district/murray-plains-district-results,murray-plains,PARTY_FREEDOM_PARTY_OF_VICTORIA,cand_49e535bcc9,1752,"BISH, Katia","BISH, Katia",1751,first_progressive_total_minus_first_transfer,-1
vic_la_2022,Murray Plains,"HURRELL, Damien",Australian Labor Party - Victorian Branch,https://www.vec.vic.gov.au/results/state-election-results/2022-state-election-results/results-by-district/murray-plains-district-results,murray-plains,ALP,cand_8d2379f69a,7543,"HURRELL, Damien","HURRELL, Damien",7545,first_progressive_total_minus_first_transfer,2
vic_la_2022,Murray Plains,"LEUNG, Glenys",Animal Justice Party,https://www.vec.vic.gov.au/results/state-election-results/2022-state-election-results/results-by-district/murray-plains-district-results,murray-plains,PARTY_ANIMAL_JUSTICE_PARTY,cand_7f5675668c,908,"LEUNG, Glenys","LEUNG, Glenys",902,first_exclusion_source_parcel,-6
vic_la_2022,Murray Plains,"WALSH, Peter",The Nationals,https://www.vec.vic.gov.au/results/state-election-results/2022-state-election-results/results-by-district/murray-plains-district-results,murray-plains,NAT,cand_01597c9f05,24831,"WALSH, Peter","WALSH, Peter",24834,first_progressive_total_minus_first_transfer,3
vic_la_2022,Murray Plains,"OTTO, Andrea",,https://www.vec.vic.gov.au/results/state-election-results/2022-state-election-results/results-by-district/murray-plains-district-results,murray-plains,IND,cand_17e1177c3f,1022,"OTTO, Andrea","OTTO, Andrea",1021,first_progressive_total_minus_first_transfer,-1
vic_la_2022,Murray Plains,"BROWNSTEIN, John",Australian Greens,https://www.vec.vic.gov.au/results/state-election-results/2022-state-election-results/results-by-district/murray-plains-district-results,murray-plains,GRN,cand_55553c91aa,1560,"BROWNSTEIN, John","BROWNSTEIN, John",1555,first_progressive_total_minus_first_transfer,-5
vic_la_2022,Ovens Valley,"McCURDY, Tim",The Nationals,https://www.vec.vic.gov.au/results/state-election-results/2022-state-election-results/results-by-district/ovens-valley-district-results,ovens-valley,NAT,cand_58a011b4fa,21057,"McCURDY, Tim","McCURDY, Tim",21061,first_progressive_total_minus_first_transfer,4
vic_la_2022,Ovens Valley,"BUGGE, Mark",Freedom Party of Victoria,https://www.vec.vic.gov.au/results/state-election-results/2022-state-election-results/results-by-district/ovens-valley-district-results,ovens-valley,PARTY_FREEDOM_PARTY_OF_VICTORIA,cand_5bab57bde8,1932,"BUGGE, Mark","BUGGE, Mark",1925,first_progressive_total_minus_first_transfer,-7
vic_la_2022,Ovens Valley,"WISE, Anna",Family First Victoria,https://www.vec.vic.gov.au/results/state-election-results/2022-state-election-results/results-by-district/ovens-valley-district-results,ovens-valley,PARTY_FAMILY_FIRST_VICTORIA,cand_0be481f7a9,1403,"WISE, Anna","WISE, Anna",1402,first_progressive_total_minus_first_transfer,-1
vic_la_2022,Ovens Valley,"LESCHEN, Zuvele",Australian Labor Party - Victorian Branch,https://www.vec.vic.gov.au/results/state-election-results/2022-state-election-results/results-by-district/ovens-valley-district-results,ovens-valley,ALP,cand_e0c362c080,8369,"LESCHEN, Zuvele","LESCHEN, Zuvele",8370,first_progressive_total_minus_first_transfer,1
vic_la_2022,Ovens Valley,"SLATER, Aisha",Animal Justice Party,https://www.vec.vic.gov.au/results/state-election-results/2022-state-election-results/results-by-district/ovens-valley-district-results,ovens-valley,PARTY_ANIMAL_JUSTICE_PARTY,cand_b377cf1eb4,1009,"SLATER, Aisha","SLATER, Aisha",1009,first_exclusion_source_parcel,0
vic_la_2022,Ovens Valley,"KROMAR, Zoe",Australian Greens,https://www.vec.vic.gov.au/results/state-election-results/2022-state-election-results/results-by-district/ovens-valley-district-results,ovens-valley,GRN,cand_786da2ea92,3625,"KROMAR, Zoe","KROMAR, Zoe",3624,first_progressive_total_minus_first_transfer,-1
vic_la_2022,Ovens Valley,"FIDGE, Julian",Liberal Democrats,https://www.vec.vic.gov.au/results/state-election-results/2022-state-election-results/results-by-district/ovens-valley-district-results,ovens-valley,PARTY_LIBERAL_DEMOCRATS,cand_6be2f59ebe,2995,"FIDGE, Julian","FIDGE, Julian",2991,first_progressive_total_minus_first_transfer,-4
vic_la_2022,Thomastown,"SINGH, Gurdawar",Liberal,https://www.vec.vic.gov.au/results/state-election-results/2022-state-election-results/results-by-district/thomastown-district-results,thomastown,LIB,cand_39c229dfd8,9003,"SINGH, Gurdawar","SINGH, Gurdawar",8973,first_progressive_total_minus_first_transfer,-30
vic_la_2022,Thomastown,"McNAMARA, Colleen",Family First Victoria,https://www.vec.vic.gov.au/results/state-election-results/2022-state-election-results/results-by-district/thomastown-district-results,thomastown,PARTY_FAMILY_FIRST_VICTORIA,cand_93d4aaf85c,2571,"McNAMARA, Colleen","McNAMARA, Colleen",2563,first_progressive_total_minus_first_transfer,-8
vic_la_2022,Thomastown,"LEVENS, Evie",Animal Justice Party,https://www.vec.vic.gov.au/results/state-election-results/2022-state-election-results/results-by-district/thomastown-district-results,thomastown,PARTY_ANIMAL_JUSTICE_PARTY,cand_203990fd0e,1076,"LEVENS, Evie","LEVENS, Evie",1072,first_exclusion_source_parcel,-4
vic_la_2022,Thomastown,"HALFPENNY, Bronwyn",Australian Labor Party - Victorian Branch,https://www.vec.vic.gov.au/results/state-election-results/2022-state-election-results/results-by-district/thomastown-district-results,thomastown,ALP,cand_1084071311,19396,"HALFPENNY, Bronwyn","HALFPENNY, Bronwyn",19408,first_progressive_total_minus_first_transfer,12
vic_la_2022,Thomastown,"SINAPI, Matt",Australian Greens,https://www.vec.vic.gov.au/results/state-election-results/2022-state-election-results/results-by-district/thomastown-district-results,thomastown,GRN,cand_f2756b0f12,2557,"SINAPI, Matt","SINAPI, Matt",2547,first_progressive_total_minus_first_transfer,-10
vic_la_2022,Thomastown,"CVETKOVA, Kelly",Victorian Socialists,https://www.vec.vic.gov.au/results/state-election-results/2022-state-election-results/results-by-district/thomastown-district-results,thomastown,PARTY_VICTORIAN_SOCIALISTS,cand_007a539022,2873,"CVETKOVA, Kelly","CVETKOVA, Kelly",2866,first_progressive_total_minus_first_transfer,-7
vic_la_2022,Werribee,"PALLAS, Tim",Australian Labor Party - Victorian Branch,https://www.vec.vic.gov.au/results/state-election-results/2022-state-election-results/results-by-district/werribee-district-results,werribee,ALP,cand_15e6883845,17512,"PALLAS, Tim","PALLAS, Tim",17512,first_progressive_total_minus_first_transfer,0
vic_la_2022,Werribee,"WICKS, Patricia Anne",Derryn Hinch's Justice Party,https://www.vec.vic.gov.au/results/state-election-results/2022-state-election-results/results-by-district/werribee-district-results,werribee,PARTY_DERRYN_HINCH_S_JUSTICE_PARTY,cand_4867575cf7,709,"WICKS, Patricia Anne","WICKS, Patricia Anne",709,first_progressive_total_minus_first_transfer,0
vic_la_2022,Werribee,"BARCATTA, Patrizia",,https://www.vec.vic.gov.au/results/state-election-results/2022-state-election-results/results-by-district/werribee-district-results,werribee,IND,cand_914feca3fe,213,"BARCATTA, Patrizia","BARCATTA, Patrizia",213,first_progressive_total_minus_first_transfer,0
vic_la_2022,Werribee,"BREAKWELL, Kathryn",Labour DLP,https://www.vec.vic.gov.au/results/state-election-results/2022-state-election-results/results-by-district/werribee-district-results,werribee,PARTY_LABOUR_DLP,cand_0d56a2f0c2,767,"BREAKWELL, Kathryn","BREAKWELL, Kathryn",767,first_progressive_total_minus_first_transfer,0
vic_la_2022,Werribee,"KWAN, Heni Cazlynn",,https://www.vec.vic.gov.au/results/state-election-results/2022-state-election-results/results-by-district/werribee-district-results,werribee,IND,cand_72cdc6fddd,45,"KWAN, Heni Cazlynn","KWAN, Heni Cazlynn",45,first_exclusion_source_parcel,0
vic_la_2022,Werribee,"BODDEKE, Jack",Australian Greens,https://www.vec.vic.gov.au/results/state-election-results/2022-state-election-results/results-by-district/werribee-district-results,werribee,GRN,cand_64dcc74686,2613,"BODDEKE, Jack","BODDEKE, Jack",2613,first_progressive_total_minus_first_transfer,0
vic_la_2022,Werribee,"SHAW, Mia",Liberal,https://www.vec.vic.gov.au/results/state-election-results/2022-state-election-results/results-by-district/werribee-district-results,werribee,LIB,cand_276249dcdc,9779,"SHAW, Mia","SHAW, Mia",9779,first_progressive_total_minus_first_transfer,0
vic_la_2022,Werribee,"MUNRO, Sue",Victorian Socialists,https://www.vec.vic.gov.au/results/state-election-results/2022-state-election-results/results-by-district/werribee-district-results,werribee,PARTY_VICTORIAN_SOCIALISTS,cand_1bf8480866,1391,"MUNRO, Sue","MUNRO, Sue",1391,first_progressive_total_minus_first_transfer,0
vic_la_2022,Werribee,"TANDON, Prashant",New Democrats,https://www.vec.vic.gov.au/results/state-election-results/2022-state-election-results/results-by-district/werribee-district-results,werribee,PARTY_NEW_DEMOCRATS,cand_e5c38885f7,319,"TANDON, Prashant","TANDON, Prashant",319,first_progressive_total_minus_first_transfer,0
vic_la_2022,Werribee,"SEGRAVE, Josh",Animal Justice Party,https://www.vec.vic.gov.au/results/state-election-results/2022-state-election-results/results-by-district/werribee-district-results,werribee,PARTY_ANIMAL_JUSTICE_PARTY,cand_57ba352800,730,"SEGRAVE, Josh","SEGRAVE, Josh",730,first_progressive_total_minus_first_transfer,0
vic_la_2022,Werribee,"HOPPER, Paul",,https://www.vec.vic.gov.au/results/state-election-results/2022-state-election-results/results-by-district/werribee-district-results,werribee,IND,cand_1744f866fe,2278,"HOPPER, Paul","HOPPER, Paul",2278,first_progressive_total_minus_first_transfer,0
vic_la_2022,Werribee,"EMERSON, Matthew",Family First Victoria,https://www.vec.vic.gov.au/results/state-election-results/2022-state-election-results/results-by-district/werribee-district-results,werribee,PARTY_FAMILY_FIRST_VICTORIA,cand_dd1180e548,964,"EMERSON, Matthew","EMERSON, Matthew",964,first_progressive_total_minus_first_transfer,0
vic_la_2022,Werribee,"HOGAN, Karen",Health Australia Party,https://www.vec.vic.gov.au/results/state-election-results/2022-state-election-results/results-by-district/werribee-district-results,werribee,PARTY_HEALTH_AUSTRALIA_PARTY,cand_d8e32c2486,260,"HOGAN, Karen","HOGAN, Karen",260,first_progressive_total_minus_first_transfer,0
vic_la_2022,Werribee,"STROTHER, Mark",Freedom Party of Victoria,https://www.vec.vic.gov.au/results/state-election-results/2022-state-election-results/results-by-district/werribee-district-results,werribee,PARTY_FREEDOM_PARTY_OF_VICTORIA,cand_394e832aac,663,"STROTHER, Mark","STROTHER, Mark",663,first_progressive_total_minus_first_transfer,0
vic_la_2022,Werribee,"COLLINS, Trevor Russell",Transport Matters,https://www.vec.vic.gov.au/results/state-election-results/2022-state-election-results/results-by-district/werribee-district-results,werribee,PARTY_TRANSPORT_MATTERS,cand_daefdb8624,360,"COLLINS, Trevor Russell","COLLINS, Trevor Russell",360,first_progressive_total_minus_first_transfer,0
vic_la_2022,Brighton,"TIMMS, Allan L.",,https://www.vec.vic.gov.au/results/state-election-results/2022-state-election-results/results-by-district/brighton-district-results,brighton,IND,cand_e307831738,211,"TIMMS, Allan L.","TIMMS, Allan L.",211,first_exclusion_source_parcel,0
vic_la_2022,Brighton,"SCIOLA, Nick",Family First Victoria,https://www.vec.vic.gov.au/results/state-election-results/2022-state-election-results/results-by-district/brighton-district-results,brighton,PARTY_FAMILY_FIRST_VICTORIA,cand_6bedcd953a,558,"SCIOLA, Nick","SCIOLA, Nick",558,first_progressive_total_minus_first_transfer,0
vic_la_2022,Brighton,"DEKIERE, Sarah",Australian Greens,https://www.vec.vic.gov.au/results/state-election-results/2022-state-election-results/results-by-district/brighton-district-results,brighton,GRN,cand_31521e1daa,5680,"DEKIERE, Sarah","DEKIERE, Sarah",5680,first_progressive_total_minus_first_transfer,0
vic_la_2022,Brighton,"GIBSON, Sally",,https://www.vec.vic.gov.au/results/state-election-results/2022-state-election-results/results-by-district/brighton-district-results,brighton,IND,cand_f348404d88,941,"GIBSON, Sally","GIBSON, Sally",941,first_progressive_total_minus_first_transfer,0
vic_la_2022,Brighton,"FREDERICO, Felicity",,https://www.vec.vic.gov.au/results/state-election-results/2022-state-election-results/results-by-district/brighton-district-results,brighton,IND,cand_68501d030f,3749,"FREDERICO, Felicity","FREDERICO, Felicity",3749,first_progressive_total_minus_first_transfer,0
vic_la_2022,Brighton,"WALKER, Alicia",Animal Justice Party,https://www.vec.vic.gov.au/results/state-election-results/2022-state-election-results/results-by-district/brighton-district-results,brighton,PARTY_ANIMAL_JUSTICE_PARTY,cand_13290838ee,851,"WALKER, Alicia","WALKER, Alicia",851,first_progressive_total_minus_first_transfer,0
vic_la_2022,Brighton,"NEWBURY, James",Liberal,https://www.vec.vic.gov.au/results/state-election-results/2022-state-election-results/results-by-district/brighton-district-results,brighton,LIB,cand_78fe152538,18791,"NEWBURY, James","NEWBURY, James",18791,first_progressive_total_minus_first_transfer,0
vic_la_2022,Brighton,"CRAWFORD, Louise",Australian Labor Party - Victorian Branch,https://www.vec.vic.gov.au/results/state-election-results/2022-state-election-results/results-by-district/brighton-district-results,brighton,ALP,cand_329e30007d,10164,"CRAWFORD, Louise","CRAWFORD, Louise",10164,first_progressive_total_minus_first_transfer,0
vic_la_2022,Brighton,"CASLEY, John Tiger",,https://www.vec.vic.gov.au/results/state-election-results/2022-state-election-results/results-by-district/brighton-district-results,brighton,IND,cand_cce3a6c2cd,251,"CASLEY, John Tiger","CASLEY, John Tiger",251,first_progressive_total_minus_first_transfer,0
vic_la_2022,Dandenong,"HARMSE, Audrey",Family First Victoria,https://www.vec.vic.gov.au/results/state-election-results/2022-state-election-results/results-by-district/dandenong-district-results,dandenong,PARTY_FAMILY_FIRST_VICTORIA,cand_44bcf98ad1,2719,"HARMSE, Audrey","HARMSE, Audrey",2715,first_progressive_total_minus_first_transfer,-4
vic_la_2022,Dandenong,"LEVCHENKO, Anthony",Freedom Party of Victoria,https://www.vec.vic.gov.au/results/state-election-results/2022-state-election-results/results-by-district/dandenong-district-results,dandenong,PARTY_FREEDOM_PARTY_OF_VICTORIA,cand_3362e78048,1478,"LEVCHENKO, Anthony","LEVCHENKO, Anthony",1479,first_progressive_total_minus_first_transfer,1
vic_la_2022,Dandenong,"WILLIAMS, Gabrielle",Australian Labor Party - Victorian Branch,https://www.vec.vic.gov.au/results/state-election-results/2022-state-election-results/results-by-district/dandenong-district-results,dandenong,ALP,cand_068a4c2fe5,21677,"WILLIAMS, Gabrielle","WILLIAMS, Gabrielle",21692,first_progressive_total_minus_first_transfer,15
vic_la_2022,Dandenong,"KIRWAN, Matthew",Australian Greens,https://www.vec.vic.gov.au/results/state-election-results/2022-state-election-results/results-by-district/dandenong-district-results,dandenong,GRN,cand_70ee53e921,3215,"KIRWAN, Matthew","KIRWAN, Matthew",3197,first_progressive_total_minus_first_transfer,-18
vic_la_2022,Dandenong,"BROADLEY, Karen",Liberal,https://www.vec.vic.gov.au/results/state-election-results/2022-state-election-results/results-by-district/dandenong-district-results,dandenong,LIB,cand_25a06d8592,8475,"BROADLEY, Karen","BROADLEY, Karen",8490,first_progressive_total_minus_first_transfer,15
vic_la_2022,Dandenong,"KLOP, Andrew",Animal Justice Party,https://www.vec.vic.gov.au/results/state-election-results/2022-state-election-results/results-by-district/dandenong-district-results,dandenong,PARTY_ANIMAL_JUSTICE_PARTY,cand_1103bb207a,982,"KLOP, Andrew","KLOP, Andrew",974,first_progressive_total_minus_first_transfer,-8
vic_la_2022,Dandenong,"TURNER, Tham",Liberal Democrats,https://www.vec.vic.gov.au/results/state-election-results/2022-state-election-results/results-by-district/dandenong-district-results,dandenong,PARTY_LIBERAL_DEMOCRATS,cand_ce1f8af008,961,"TURNER, Tham","TURNER, Tham",958,first_exclusion_source_parcel,-3
vic_la_2022,Gippsland East,"BULL, Tim",The Nationals,https://www.vec.vic.gov.au/results/state-election-results/2022-state-election-results/results-by-district/gippsland-east-district-results,gippsland-east,NAT,cand_83486101e4,26737,"BULL, Tim","BULL, Tim",26737,first_progressive_total_minus_first_transfer,0
vic_la_2022,Gippsland East,"FECHNER, Carl John",Family First Victoria,https://www.vec.vic.gov.au/results/state-election-results/2022-state-election-results/results-by-district/gippsland-east-district-results,gippsland-east,PARTY_FAMILY_FIRST_VICTORIA,cand_95adc377f2,1068,"FECHNER, Carl John","FECHNER, Carl John",1068,first_progressive_total_minus_first_transfer,0
vic_la_2022,Gippsland East,"RICHARDSON, Stephen",Australian Labor Party - Victorian Branch,https://www.vec.vic.gov.au/results/state-election-results/2022-state-election-results/results-by-district/gippsland-east-district-results,gippsland-east,ALP,cand_41d3b7e525,7191,"RICHARDSON, Stephen","RICHARDSON, Stephen",7193,first_progressive_total_minus_first_transfer,2
vic_la_2022,Gippsland East,"MUIR, Ricky","Shooters, Fishers & Farmers Vic",https://www.vec.vic.gov.au/results/state-election-results/2022-state-election-results/results-by-district/gippsland-east-district-results,gippsland-east,PARTY_SHOOTERS_FISHERS_AND_FARMERS_VIC,cand_3eafb88f05,2460,"MUIR, Ricky","MUIR, Ricky",2461,first_progressive_total_minus_first_transfer,1
vic_la_2022,Gippsland East,"LING, Nissa",Australian Greens,https://www.vec.vic.gov.au/results/state-election-results/2022-state-election-results/results-by-district/gippsland-east-district-results,gippsland-east,GRN,cand_d5afc41883,2691,"LING, Nissa","LING, Nissa",2688,first_progressive_total_minus_first_transfer,-3
vic_la_2022,Gippsland East,"COURT, Sally",Animal Justice Party,https://www.vec.vic.gov.au/results/state-election-results/2022-state-election-results/results-by-district/gippsland-east-district-results,gippsland-east,PARTY_ANIMAL_JUSTICE_PARTY,cand_af6317d6ea,725,"COURT, Sally","COURT, Sally",725,first_exclusion_source_parcel,0
vic_la_2022,Gippsland East,"BARNES, Ed",Freedom Party of Victoria,https://www.vec.vic.gov.au/results/state-election-results/2022-state-election-results/results-by-district/gippsland-east-district-results,gippsland-east,PARTY_FREEDOM_PARTY_OF_VICTORIA,cand_5181e7f97d,1340,"BARNES, Ed","BARNES, Ed",1337,first_progressive_total_minus_first_transfer,-3
vic_la_2022,Gippsland South,"ESLER, Clay",,https://www.vec.vic.gov.au/results/state-election-results/2022-state-election-results/results-by-district/gippsland-south-district-results,gippsland-south,IND,cand_7a51287f21,2414,"ESLER, Clay","ESLER, Clay",2411,first_progressive_total_minus_first_transfer,-3
vic_la_2022,Gippsland South,"TIZIANI-SIMPSON, Jay",Australian Greens,https://www.vec.vic.gov.au/results/state-election-results/2022-state-election-results/results-by-district/gippsland-south-district-results,gippsland-south,GRN,cand_02c05d5d1e,3538,"TIZIANI-SIMPSON, Jay","TIZIANI-SIMPSON, Jay",3536,first_progressive_total_minus_first_transfer,-2
vic_la_2022,Gippsland South,"FURLONG, Paul",Family First Victoria,https://www.vec.vic.gov.au/results/state-election-results/2022-state-election-results/results-by-district/gippsland-south-district-results,gippsland-south,PARTY_FAMILY_FIRST_VICTORIA,cand_472c21b895,1218,"FURLONG, Paul","FURLONG, Paul",1213,first_exclusion_source_parcel,-5
vic_la_2022,Gippsland South,"RYAN, Denise",Australian Labor Party - Victorian Branch,https://www.vec.vic.gov.au/results/state-election-results/2022-state-election-results/results-by-district/gippsland-south-district-results,gippsland-south,ALP,cand_929a259b7f,9920,"RYAN, Denise","RYAN, Denise",9919,first_progressive_total_minus_first_transfer,-1
vic_la_2022,Gippsland South,"O'BRIEN, Danny",The Nationals,https://www.vec.vic.gov.au/results/state-election-results/2022-state-election-results/results-by-district/gippsland-south-district-results,gippsland-south,NAT,cand_c3dc0c60a8,22566,"O'BRIEN, Danny","O'BRIEN, Danny",22569,first_progressive_total_minus_first_transfer,3
vic_la_2022,Gippsland South,"JEGES, Helen",Animal Justice Party,https://www.vec.vic.gov.au/results/state-election-results/2022-state-election-results/results-by-district/gippsland-south-district-results,gippsland-south,PARTY_ANIMAL_JUSTICE_PARTY,cand_c9b944de4e,1350,"JEGES, Helen","JEGES, Helen",1347,first_progressive_total_minus_first_transfer,-3
vic_la_2022,Gippsland South,"NEWNHAM, Angela",Freedom Party of Victoria,https://www.vec.vic.gov.au/results/state-election-results/2022-state-election-results/results-by-district/gippsland-south-district-results,gippsland-south,PARTY_FREEDOM_PARTY_OF_VICTORIA,cand_75a92b43d1,1357,"NEWNHAM, Angela","NEWNHAM, Angela",1356,first_progressive_total_minus_first_transfer,-1
vic_la_2022,Bendigo East,"McLELLAND-HOWE, Vyonne",Animal Justice Party,https://www.vec.vic.gov.au/results/state-election-results/2022-state-election-results/results-by-district/bendigo-east-district-results,bendigo-east,PARTY_ANIMAL_JUSTICE_PARTY,cand_dc5c533261,1574,"McLELLAND-HOWE, Vyonne","McLELLAND-HOWE, Vyonne",1574,first_progressive_total_minus_first_transfer,0
vic_la_2022,Bendigo East,"SCHADE, Darin",Liberal,https://www.vec.vic.gov.au/results/state-election-results/2022-state-election-results/results-by-district/bendigo-east-district-results,bendigo-east,LIB,cand_646a6c239a,12478,"SCHADE, Darin","SCHADE, Darin",12478,first_progressive_total_minus_first_transfer,0
vic_la_2022,Bendigo East,"MIHAIL, Ben",Pauline Hanson's One Nation,https://www.vec.vic.gov.au/results/state-election-results/2022-state-election-results/results-by-district/bendigo-east-district-results,bendigo-east,ONP,cand_58e4aec52d,2597,"MIHAIL, Ben","MIHAIL, Ben",2597,first_progressive_total_minus_first_transfer,0
vic_la_2022,Bendigo East,"KEETELAAR, Evelyn",Family First Victoria,https://www.vec.vic.gov.au/results/state-election-results/2022-state-election-results/results-by-district/bendigo-east-district-results,bendigo-east,PARTY_FAMILY_FIRST_VICTORIA,cand_cf376ce558,1362,"KEETELAAR, Evelyn","KEETELAAR, Evelyn",1362,first_exclusion_source_parcel,0
vic_la_2022,Bendigo East,"TOLHURST, Michael James",Australian Greens,https://www.vec.vic.gov.au/results/state-election-results/2022-state-election-results/results-by-district/bendigo-east-district-results,bendigo-east,GRN,cand_a45485b09f,3944,"TOLHURST, Michael James","TOLHURST, Michael James",3944,first_progressive_total_minus_first_transfer,0
vic_la_2022,Bendigo East,"LAURIE, James",,https://www.vec.vic.gov.au/results/state-election-results/2022-state-election-results/results-by-district/bendigo-east-district-results,bendigo-east,IND,cand_3dc0f3887c,1603,"LAURIE, James","LAURIE, James",1603,first_progressive_total_minus_first_transfer,0
vic_la_2022,Bendigo East,"ALLAN, Jacinta",Australian Labor Party - Victorian Branch,https://www.vec.vic.gov.au/results/state-election-results/2022-state-election-results/results-by-district/bendigo-east-district-results,bendigo-east,ALP,cand_fd71f0d2bf,22010,"ALLAN, Jacinta","ALLAN, Jacinta",22010,first_progressive_total_minus_first_transfer,0
vic_la_2022,Bendigo West,"SERPELL, Steve",Family First Victoria,https://www.vec.vic.gov.au/results/state-election-results/2022-state-election-results/results-by-district/bendigo-west-district-results,bendigo-west,PARTY_FAMILY_FIRST_VICTORIA,cand_6865b8ed85,1704,"SERPELL, Steve","SERPELL, Steve",1704,first_progressive_total_minus_first_transfer,0
vic_la_2022,Bendigo West,"PRICE, Ken",Liberal,https://www.vec.vic.gov.au/results/state-election-results/2022-state-election-results/results-by-district/bendigo-west-district-results,bendigo-west,LIB,cand_acb51e9755,10057,"PRICE, Ken","PRICE, Ken",10057,first_progressive_total_minus_first_transfer,0
vic_la_2022,Bendigo West,"MAXWELL, Victoria",Animal Justice Party,https://www.vec.vic.gov.au/results/state-election-results/2022-state-election-results/results-by-district/bendigo-west-district-results,bendigo-west,PARTY_ANIMAL_JUSTICE_PARTY,cand_c699d5941a,1040,"MAXWELL, Victoria","MAXWELL, Victoria",1040,first_progressive_total_minus_first_transfer,0
vic_la_2022,Bendigo West,"NUSKE, Marilyn",,https://www.vec.vic.gov.au/results/state-election-results/2022-state-election-results/results-by-district/bendigo-west-district-results,bendigo-west,IND,cand_274e6325b3,349,"NUSKE, Marilyn","NUSKE, Marilyn",349,first_exclusion_source_parcel,0
vic_la_2022,Bendigo West,"WOOLLEY, Richard James",Freedom Party of Victoria,https://www.vec.vic.gov.au/results/state-election-results/2022-state-election-results/results-by-district/bendigo-west-district-results,bendigo-west,PARTY_FREEDOM_PARTY_OF_VICTORIA,cand_9de8f1fe70,606,"WOOLLEY, Richard James","WOOLLEY, Richard James",606,first_progressive_total_minus_first_transfer,0
vic_la_2022,Bendigo West,"BANSEMER, Matt",,https://www.vec.vic.gov.au/results/state-election-results/2022-state-election-results/results-by-district/bendigo-west-district-results,bendigo-west,IND,cand_d3d4421391,979,"BANSEMER, Matt","BANSEMER, Matt",979,first_progressive_total_minus_first_transfer,0
vic_la_2022,Bendigo West,"EDWARDS, Maree",Australian Labor Party - Victorian Branch,https://www.vec.vic.gov.au/results/state-election-results/2022-state-election-results/results-by-district/bendigo-west-district-results,bendigo-west,ALP,cand_d0d3215987,18704,"EDWARDS, Maree","EDWARDS, Maree",18704,first_progressive_total_minus_first_transfer,0
vic_la_2022,Bendigo West,"SEARLE, James",Australian Greens,https://www.vec.vic.gov.au/results/state-election-results/2022-state-election-results/results-by-district/bendigo-west-district-results,bendigo-west,GRN,cand_f1fbf437bf,4634,"SEARLE, James","SEARLE, James",4634,first_progressive_total_minus_first_transfer,0
vic_la_2022,Bendigo West,"TAYLOR, Wayne",Legalise Cannabis Victoria,https://www.vec.vic.gov.au/results/state-election-results/2022-state-election-results/results-by-district/bendigo-west-district-results,bendigo-west,LCV,cand_beac58006f,2175,"TAYLOR, Wayne","TAYLOR, Wayne",2175,first_progressive_total_minus_first_transfer,0
vic_la_2022,Berwick,"PERRY, Hayley",Australian Greens,https://www.vec.vic.gov.au/results/state-election-results/2022-state-election-results/results-by-district/berwick-district-results,berwick,GRN,cand_b160af3714,4297,"PERRY, Hayley","PERRY, Hayley",4296,first_progressive_total_minus_first_transfer,-1
vic_la_2022,Berwick,"HAUPT, Kerry",Freedom Party of Victoria,https://www.vec.vic.gov.au/results/state-election-results/2022-state-election-results/results-by-district/berwick-district-results,berwick,PARTY_FREEDOM_PARTY_OF_VICTORIA,cand_959b0802c2,1570,"HAUPT, Kerry","HAUPT, Kerry",1570,first_progressive_total_minus_first_transfer,0
vic_la_2022,Berwick,"DOLHEGUY, Katherine",Animal Justice Party,https://www.vec.vic.gov.au/results/state-election-results/2022-state-election-results/results-by-district/berwick-district-results,berwick,PARTY_ANIMAL_JUSTICE_PARTY,cand_2ada6c92dc,1029,"DOLHEGUY, Katherine","DOLHEGUY, Katherine",1029,first_exclusion_source_parcel,0
vic_la_2022,Berwick,"BATTIN, Brad",Liberal,https://www.vec.vic.gov.au/results/state-election-results/2022-state-election-results/results-by-district/berwick-district-results,berwick,LIB,cand_d9715cf3f5,20031,"BATTIN, Brad","BATTIN, Brad",20031,first_progressive_total_minus_first_transfer,0
vic_la_2022,Berwick,"van der HORST, Joel",Family First Victoria,https://www.vec.vic.gov.au/results/state-election-results/2022-state-election-results/results-by-district/berwick-district-results,berwick,PARTY_FAMILY_FIRST_VICTORIA,cand_2b8ce1c9d9,1488,"van der HORST, Joel","van der HORST, Joel",1488,first_progressive_total_minus_first_transfer,0
vic_la_2022,Berwick,"ZAVEER, Malik",Australian Labor Party - Victorian Branch,https://www.vec.vic.gov.au/results/state-election-results/2022-state-election-results/results-by-district/berwick-district-results,berwick,ALP,cand_a53066378f,15874,"ZAVEER, Malik","ZAVEER, Malik",15874,first_progressive_total_minus_first_transfer,0
vic_la_2022,Broadmeadows,"DUZOVA, Baris",Liberal,https://www.vec.vic.gov.au/results/state-election-results/2022-state-election-results/results-by-district/broadmeadows-district-results,broadmeadows,LIB,cand_527be035e6,8044,"DUZOVA, Baris","DUZOVA, Baris",8044,first_progressive_total_minus_first_transfer,0
vic_la_2022,Broadmeadows,"HASSAN, Omar",Victorian Socialists,https://www.vec.vic.gov.au/results/state-election-results/2022-state-election-results/results-by-district/broadmeadows-district-results,broadmeadows,PARTY_VICTORIAN_SOCIALISTS,cand_0f27b655ca,2795,"HASSAN, Omar","HASSAN, Omar",2795,first_progressive_total_minus_first_transfer,0
vic_la_2022,Broadmeadows,"HUYBREGTS, Arie",,https://www.vec.vic.gov.au/results/state-election-results/2022-state-election-results/results-by-district/broadmeadows-district-results,broadmeadows,IND,cand_44dab19355,362,"HUYBREGTS, Arie","HUYBREGTS, Arie",362,first_exclusion_source_parcel,0
vic_la_2022,Broadmeadows,"MATTHEWS-WARD, Kathleen",Australian Labor Party - Victorian Branch,https://www.vec.vic.gov.au/results/state-election-results/2022-state-election-results/results-by-district/broadmeadows-district-results,broadmeadows,ALP,cand_0d0b929552,15899,"MATTHEWS-WARD, Kathleen","MATTHEWS-WARD, Kathleen",15899,first_progressive_total_minus_first_transfer,0
vic_la_2022,Broadmeadows,"SUTTER, Ben",Fiona Patten's Reason Party,https://www.vec.vic.gov.au/results/state-election-results/2022-state-election-results/results-by-district/broadmeadows-district-results,broadmeadows,PARTY_FIONA_PATTEN_S_REASON_PARTY,cand_571fc11db5,815,"SUTTER, Ben","SUTTER, Ben",815,first_progressive_total_minus_first_transfer,0
vic_la_2022,Broadmeadows,"ELMUSTAPHA, Mohamad",,https://www.vec.vic.gov.au/results/state-election-results/2022-state-election-results/results-by-district/broadmeadows-district-results,broadmeadows,IND,cand_165acf3505,1316,"ELMUSTAPHA, Mohamad","ELMUSTAPHA, Mohamad",1316,first_progressive_total_minus_first_transfer,0
vic_la_2022,Broadmeadows,"TAM, Bienne",Family First Victoria,https://www.vec.vic.gov.au/results/state-election-results/2022-state-election-results/results-by-district/broadmeadows-district-results,broadmeadows,PARTY_FAMILY_FIRST_VICTORIA,cand_e7d31494de,1611,"TAM, Bienne","TAM, Bienne",1611,first_progressive_total_minus_first_transfer,0
vic_la_2022,Broadmeadows,"AGUILUS, Joe",Australian Greens,https://www.vec.vic.gov.au/results/state-election-results/2022-state-election-results/results-by-district/broadmeadows-district-results,broadmeadows,GRN,cand_48cde4c65b,2908,"AGUILUS, Joe","AGUILUS, Joe",2908,first_progressive_total_minus_first_transfer,0
vic_la_2022,Broadmeadows,"FEILD, Candace",Animal Justice Party,https://www.vec.vic.gov.au/results/state-election-results/2022-state-election-results/results-by-district/broadmeadows-district-results,broadmeadows,PARTY_ANIMAL_JUSTICE_PARTY,cand_bfaeee9357,1030,"FEILD, Candace","FEILD, Candace",1030,first_progressive_total_minus_first_transfer,0
vic_la_2022,Brunswick,"HELOU, Anthony",,https://www.vec.vic.gov.au/results/state-election-results/2022-state-election-results/results-by-district/brunswick-district-results,brunswick,IND,cand_4dea62864c,551,"HELOU, Anthony","HELOU, Anthony",551,first_progressive_total_minus_first_transfer,0
vic_la_2022,Brunswick,"WILLIAMS, Mike",Australian Labor Party - Victorian Branch,https://www.vec.vic.gov.au/results/state-election-results/2022-state-election-results/results-by-district/brunswick-district-results,brunswick,ALP,cand_37daf00ed3,12392,"WILLIAMS, Mike","WILLIAMS, Mike",12392,first_progressive_total_minus_first_transfer,0
vic_la_2022,Brunswick,"JIMENEZ, Nahui",Victorian Socialists,https://www.vec.vic.gov.au/results/state-election-results/2022-state-election-results/results-by-district/brunswick-district-results,brunswick,PARTY_VICTORIAN_SOCIALISTS,cand_d08b735284,3506,"JIMENEZ, Nahui","JIMENEZ, Nahui",3506,first_progressive_total_minus_first_transfer,0
vic_la_2022,Brunswick,"EVANS, Shea",Fiona Patten's Reason Party,https://www.vec.vic.gov.au/results/state-election-results/2022-state-election-results/results-by-district/brunswick-district-results,brunswick,PARTY_FIONA_PATTEN_S_REASON_PARTY,cand_948f96a395,1933,"EVANS, Shea","EVANS, Shea",1933,first_progressive_total_minus_first_transfer,0
vic_la_2022,Brunswick,"SHAKER, Lilian Sabry",Family First Victoria,https://www.vec.vic.gov.au/results/state-election-results/2022-state-election-results/results-by-district/brunswick-district-results,brunswick,PARTY_FAMILY_FIRST_VICTORIA,cand_6d0a660cc9,529,"SHAKER, Lilian Sabry","SHAKER, Lilian Sabry",529,first_progressive_total_minus_first_transfer,0
vic_la_2022,Brunswick,"NGUYEN, Minh Quan",Liberal,https://www.vec.vic.gov.au/results/state-election-results/2022-state-election-results/results-by-district/brunswick-district-results,brunswick,LIB,cand_9749fa5bac,4723,"NGUYEN, Minh Quan","NGUYEN, Minh Quan",4723,first_progressive_total_minus_first_transfer,0
vic_la_2022,Brunswick,"LAMARCHE-BEAUCHESNE, Rachel",Animal Justice Party,https://www.vec.vic.gov.au/results/state-election-results/2022-state-election-results/results-by-district/brunswick-district-results,brunswick,PARTY_ANIMAL_JUSTICE_PARTY,cand_d928cfcdab,699,"LAMARCHE-BEAUCHESNE, Rachel","LAMARCHE-BEAUCHESNE, Rachel",699,first_progressive_total_minus_first_transfer,0
vic_la_2022,Brunswick,"TAYLOR, Kenneth Charles",,https://www.vec.vic.gov.au/results/state-election-results/2022-state-election-results/results-by-district/brunswick-district-results,brunswick,IND,cand_15836a9d4f,153,"TAYLOR, Kenneth Charles","TAYLOR, Kenneth Charles",153,first_exclusion_source_parcel,0
vic_la_2022,Brunswick,"READ, Tim",Australian Greens,https://www.vec.vic.gov.au/results/state-election-results/2022-state-election-results/results-by-district/brunswick-district-results,brunswick,GRN,cand_b3900a1118,18959,"READ, Tim","READ, Tim",18959,first_progressive_total_minus_first_transfer,0
vic_la_2022,Bulleen,"STAFFORD, Kellie",Australian Greens,https://www.vec.vic.gov.au/results/state-election-results/2022-state-election-results/results-by-district/bulleen-district-results,bulleen,GRN,cand_a418339fb0,4576,"STAFFORD, Kellie","STAFFORD, Kellie",4576,first_progressive_total_minus_first_transfer,0
vic_la_2022,Bulleen,"SABHLOK, Sanjeev",,https://www.vec.vic.gov.au/results/state-election-results/2022-state-election-results/results-by-district/bulleen-district-results,bulleen,IND,cand_0a724a4a7a,419,"SABHLOK, Sanjeev","SABHLOK, Sanjeev",419,first_progressive_total_minus_first_transfer,0
vic_la_2022,Bulleen,"STOKES, Jason",Family First Victoria,https://www.vec.vic.gov.au/results/state-election-results/2022-state-election-results/results-by-district/bulleen-district-results,bulleen,PARTY_FAMILY_FIRST_VICTORIA,cand_c2fd5ef91c,1014,"STOKES, Jason","STOKES, Jason",1014,first_progressive_total_minus_first_transfer,0
vic_la_2022,Bulleen,"VINCENT, David",,https://www.vec.vic.gov.au/results/state-election-results/2022-state-election-results/results-by-district/bulleen-district-results,bulleen,IND,cand_b0d97d739d,214,"VINCENT, David","VINCENT, David",214,first_exclusion_source_parcel,0
vic_la_2022,Bulleen,"GUY, Matthew",Liberal,https://www.vec.vic.gov.au/results/state-election-results/2022-state-election-results/results-by-district/bulleen-district-results,bulleen,LIB,cand_50fe983df4,20645,"GUY, Matthew","GUY, Matthew",20645,first_progressive_total_minus_first_transfer,0
vic_la_2022,Bulleen,"PATRIKIOS, Voula",Freedom Party of Victoria,https://www.vec.vic.gov.au/results/state-election-results/2022-state-election-results/results-by-district/bulleen-district-results,bulleen,PARTY_FREEDOM_PARTY_OF_VICTORIA,cand_6afbfd4c7a,1172,"PATRIKIOS, Voula","PATRIKIOS, Voula",1172,first_progressive_total_minus_first_transfer,0
vic_la_2022,Bulleen,"ROGERS, Ian",Australian Labor Party - Victorian Branch,https://www.vec.vic.gov.au/results/state-election-results/2022-state-election-results/results-by-district/bulleen-district-results,bulleen,ALP,cand_459ee78a43,14052,"ROGERS, Ian","ROGERS, Ian",14052,first_progressive_total_minus_first_transfer,0
vic_la_2022,Bulleen,"JAFARI, Elnaz",Animal Justice Party,https://www.vec.vic.gov.au/results/state-election-results/2022-state-election-results/results-by-district/bulleen-district-results,bulleen,PARTY_ANIMAL_JUSTICE_PARTY,cand_8f60df9684,867,"JAFARI, Elnaz","JAFARI, Elnaz",867,first_progressive_total_minus_first_transfer,0
vic_la_2022,Bundoora,"O'BRIEN, Julie",Australian Greens,https://www.vec.vic.gov.au/results/state-election-results/2022-state-election-results/results-by-district/bundoora-district-results,bundoora,GRN,cand_2b12592918,5311,"O'BRIEN, Julie","O'BRIEN, Julie",5311,first_progressive_total_minus_first_transfer,0
vic_la_2022,Bundoora,"TOMAR, Sahil",Liberal,https://www.vec.vic.gov.au/results/state-election-results/2022-state-election-results/results-by-district/bundoora-district-results,bundoora,LIB,cand_d9a065ffb0,11167,"TOMAR, Sahil","TOMAR, Sahil",11167,first_progressive_total_minus_first_transfer,0
vic_la_2022,Bundoora,"KOELMEYER, Eric",,https://www.vec.vic.gov.au/results/state-election-results/2022-state-election-results/results-by-district/bundoora-district-results,bundoora,IND,cand_abc2cfdf90,408,"KOELMEYER, Eric","KOELMEYER, Eric",408,first_exclusion_source_parcel,0
vic_la_2022,Bundoora,"BROOKS, Colin",Australian Labor Party - Victorian Branch,https://www.vec.vic.gov.au/results/state-election-results/2022-state-election-results/results-by-district/bundoora-district-results,bundoora,ALP,cand_300ff69108,19288,"BROOKS, Colin","BROOKS, Colin",19288,first_progressive_total_minus_first_transfer,0
vic_la_2022,Bundoora,"JONES, Ethan",Family First Victoria,https://www.vec.vic.gov.au/results/state-election-results/2022-state-election-results/results-by-district/bundoora-district-results,bundoora,PARTY_FAMILY_FIRST_VICTORIA,cand_5ed01de6b8,1294,"JONES, Ethan","JONES, Ethan",1294,first_progressive_total_minus_first_transfer,0
vic_la_2022,Bundoora,"LU, Andrew",Freedom Party of Victoria,https://www.vec.vic.gov.au/results/state-election-results/2022-state-election-results/results-by-district/bundoora-district-results,bundoora,PARTY_FREEDOM_PARTY_OF_VICTORIA,cand_09fb627fab,1637,"LU, Andrew","LU, Andrew",1637,first_progressive_total_minus_first_transfer,0
vic_la_2022,Bundoora,"HOLGATE, Bella",Animal Justice Party,https://www.vec.vic.gov.au/results/state-election-results/2022-state-election-results/results-by-district/bundoora-district-results,bundoora,PARTY_ANIMAL_JUSTICE_PARTY,cand_dc7f81e818,1231,"HOLGATE, Bella","HOLGATE, Bella",1231,first_progressive_total_minus_first_transfer,0
vic_la_2022,Carrum,"WILLIS, Damian",,https://www.vec.vic.gov.au/results/state-election-results/2022-state-election-results/results-by-district/carrum-district-results,carrum,IND,cand_9afeaabfbd,986,"WILLIS, Damian","WILLIS, Damian",981,first_exclusion_source_parcel,-5
vic_la_2022,Carrum,"EREVNIDIS, Georgia",Freedom Party of Victoria,https://www.vec.vic.gov.au/results/state-election-results/2022-state-election-results/results-by-district/carrum-district-results,carrum,PARTY_FREEDOM_PARTY_OF_VICTORIA,cand_41f2d5ebb3,1750,"EREVNIDIS, Georgia","EREVNIDIS, Georgia",1748,first_progressive_total_minus_first_transfer,-2
vic_la_2022,Carrum,"CAMERON, Jeremy",Family First Victoria,https://www.vec.vic.gov.au/results/state-election-results/2022-state-election-results/results-by-district/carrum-district-results,carrum,PARTY_FAMILY_FIRST_VICTORIA,cand_a05468940e,1354,"CAMERON, Jeremy","CAMERON, Jeremy",1352,first_progressive_total_minus_first_transfer,-2
vic_la_2022,Carrum,"MACGREGOR OWEN, Taylor",Animal Justice Party,https://www.vec.vic.gov.au/results/state-election-results/2022-state-election-results/results-by-district/carrum-district-results,carrum,PARTY_ANIMAL_JUSTICE_PARTY,cand_4523399b89,1201,"MACGREGOR OWEN, Taylor","MACGREGOR OWEN, Taylor",1200,first_progressive_total_minus_first_transfer,-1
vic_la_2022,Carrum,"LILLICO, Jayde",Australian Greens,https://www.vec.vic.gov.au/results/state-election-results/2022-state-election-results/results-by-district/carrum-district-results,carrum,GRN,cand_5e3344d8d5,3282,"LILLICO, Jayde","LILLICO, Jayde",3278,first_progressive_total_minus_first_transfer,-4
vic_la_2022,Carrum,"BUCHANAN, Bec",Liberal,https://www.vec.vic.gov.au/results/state-election-results/2022-state-election-results/results-by-district/carrum-district-results,carrum,LIB,cand_7235999da8,13141,"BUCHANAN, Bec","BUCHANAN, Bec",13144,first_progressive_total_minus_first_transfer,3
vic_la_2022,Carrum,"KILKENNY, Sonya",Australian Labor Party - Victorian Branch,https://www.vec.vic.gov.au/results/state-election-results/2022-state-election-results/results-by-district/carrum-district-results,carrum,ALP,cand_24decc7e4d,21586,"KILKENNY, Sonya","KILKENNY, Sonya",21591,first_progressive_total_minus_first_transfer,5
vic_la_2022,Clarinda,"WHITE, Caroline",,https://www.vec.vic.gov.au/results/state-election-results/2022-state-election-results/results-by-district/clarinda-district-results,clarinda,IND,cand_562efb4ff3,3167,"WHITE, Caroline","WHITE, Caroline",3167,first_progressive_total_minus_first_transfer,0
vic_la_2022,Clarinda,"HASTINGS, Karen",Family First Victoria,https://www.vec.vic.gov.au/results/state-election-results/2022-state-election-results/results-by-district/clarinda-district-results,clarinda,PARTY_FAMILY_FIRST_VICTORIA,cand_f8ab492876,1215,"HASTINGS, Karen","HASTINGS, Karen",1215,first_progressive_total_minus_first_transfer,0
vic_la_2022,Clarinda,"WOLFE, Steve",Freedom Party of Victoria,https://www.vec.vic.gov.au/results/state-election-results/2022-state-election-results/results-by-district/clarinda-district-results,clarinda,PARTY_FREEDOM_PARTY_OF_VICTORIA,cand_f42d180791,794,"WOLFE, Steve","WOLFE, Steve",794,first_exclusion_source_parcel,0
vic_la_2022,Clarinda,"VO, Hung",,https://www.vec.vic.gov.au/results/state-election-results/2022-state-election-results/results-by-district/clarinda-district-results,clarinda,IND,cand_8330e5ecaa,1122,"VO, Hung","VO, Hung",1122,first_progressive_total_minus_first_transfer,0
vic_la_2022,Clarinda,"TAK, Meng Heang",Australian Labor Party - Victorian Branch,https://www.vec.vic.gov.au/results/state-election-results/2022-state-election-results/results-by-district/clarinda-district-results,clarinda,ALP,cand_b73667f578,18441,"TAK, Meng Heang","TAK, Meng Heang",18441,first_progressive_total_minus_first_transfer,0
vic_la_2022,Clarinda,"RICHARDSON, Anthony",Liberal,https://www.vec.vic.gov.au/results/state-election-results/2022-state-election-results/results-by-district/clarinda-district-results,clarinda,LIB,cand_4d78100e1a,11593,"RICHARDSON, Anthony","RICHARDSON, Anthony",11593,first_progressive_total_minus_first_transfer,0
vic_la_2022,Clarinda,"MOFFETT, Jessamine",Australian Greens,https://www.vec.vic.gov.au/results/state-election-results/2022-state-election-results/results-by-district/clarinda-district-results,clarinda,GRN,cand_bd113cdbaf,3227,"MOFFETT, Jessamine","MOFFETT, Jessamine",3227,first_progressive_total_minus_first_transfer,0
vic_la_2022,Clarinda,"LITCHFIELD, Sue",Animal Justice Party,https://www.vec.vic.gov.au/results/state-election-results/2022-state-election-results/results-by-district/clarinda-district-results,clarinda,PARTY_ANIMAL_JUSTICE_PARTY,cand_1b3d8502e4,1005,"LITCHFIELD, Sue","LITCHFIELD, Sue",1005,first_progressive_total_minus_first_transfer,0
vic_la_2022,Cranbourne,"HARVEY, Bradley",Family First Victoria,https://www.vec.vic.gov.au/results/state-election-results/2022-state-election-results/results-by-district/cranbourne-district-results,cranbourne,PARTY_FAMILY_FIRST_VICTORIA,cand_3efe58c406,2249,"HARVEY, Bradley","HARVEY, Bradley",2249,first_progressive_total_minus_first_transfer,0
vic_la_2022,Cranbourne,"NORTON, Chris",Labour DLP,https://www.vec.vic.gov.au/results/state-election-results/2022-state-election-results/results-by-district/cranbourne-district-results,cranbourne,PARTY_LABOUR_DLP,cand_3c148ee9df,2044,"NORTON, Chris","NORTON, Chris",2044,first_progressive_total_minus_first_transfer,0
vic_la_2022,Cranbourne,"PHILPOTT, Peter Bernard",Derryn Hinch's Justice Party,https://www.vec.vic.gov.au/results/state-election-results/2022-state-election-results/results-by-district/cranbourne-district-results,cranbourne,PARTY_DERRYN_HINCH_S_JUSTICE_PARTY,cand_2098d003ae,1126,"PHILPOTT, Peter Bernard","PHILPOTT, Peter Bernard",1126,first_progressive_total_minus_first_transfer,0
vic_la_2022,Cranbourne,"SINGH, Jagdeep",Liberal,https://www.vec.vic.gov.au/results/state-election-results/2022-state-election-results/results-by-district/cranbourne-district-results,cranbourne,LIB,cand_17fb51c704,11230,"SINGH, Jagdeep","SINGH, Jagdeep",11230,first_progressive_total_minus_first_transfer,0
vic_la_2022,Cranbourne,"RICHARDS, Pauline",Australian Labor Party - Victorian Branch,https://www.vec.vic.gov.au/results/state-election-results/2022-state-election-results/results-by-district/cranbourne-district-results,cranbourne,ALP,cand_f17a58206c,18853,"RICHARDS, Pauline","RICHARDS, Pauline",18853,first_progressive_total_minus_first_transfer,0
vic_la_2022,Cranbourne,"BRENNAN, Gwynne",Animal Justice Party,https://www.vec.vic.gov.au/results/state-election-results/2022-state-election-results/results-by-district/cranbourne-district-results,cranbourne,PARTY_ANIMAL_JUSTICE_PARTY,cand_d6e79ef5c0,1006,"BRENNAN, Gwynne","BRENNAN, Gwynne",1006,first_progressive_total_minus_first_transfer,0
vic_la_2022,Cranbourne,"RAGUPATHY, Ravi",,https://www.vec.vic.gov.au/results/state-election-results/2022-state-election-results/results-by-district/cranbourne-district-results,cranbourne,IND,cand_8b13291c13,242,"RAGUPATHY, Ravi","RAGUPATHY, Ravi",242,first_exclusion_source_parcel,0
vic_la_2022,Cranbourne,"HANSEN, Gerardine Frances",Freedom Party of Victoria,https://www.vec.vic.gov.au/results/state-election-results/2022-state-election-results/results-by-district/cranbourne-district-results,cranbourne,PARTY_FREEDOM_PARTY_OF_VICTORIA,cand_dee83eb3d0,1790,"HANSEN, Gerardine Frances","HANSEN, Gerardine Frances",1790,first_progressive_total_minus_first_transfer,0
vic_la_2022,Cranbourne,"VEMPATI, Kiran",Australian Greens,https://www.vec.vic.gov.au/results/state-election-results/2022-state-election-results/results-by-district/cranbourne-district-results,cranbourne,GRN,cand_efde702977,2282,"VEMPATI, Kiran","VEMPATI, Kiran",2282,first_progressive_total_minus_first_transfer,0
vic_la_2022,Eildon,"JUDD, Jane",Australian Labor Party - Victorian Branch,https://www.vec.vic.gov.au/results/state-election-results/2022-state-election-results/results-by-district/eildon-district-results,eildon,ALP,cand_cc9fdcafcd,12284,"JUDD, Jane","JUDD, Jane",12284,first_progressive_total_minus_first_transfer,0
vic_la_2022,Eildon,"BOND, Chloe",Animal Justice Party,https://www.vec.vic.gov.au/results/state-election-results/2022-state-election-results/results-by-district/eildon-district-results,eildon,PARTY_ANIMAL_JUSTICE_PARTY,cand_edf3f169f5,1340,"BOND, Chloe","BOND, Chloe",1340,first_progressive_total_minus_first_transfer,0
vic_la_2022,Eildon,"McLEISH, Cindy",Liberal,https://www.vec.vic.gov.au/results/state-election-results/2022-state-election-results/results-by-district/eildon-district-results,eildon,LIB,cand_9a4d236e23,20119,"McLEISH, Cindy","McLEISH, Cindy",20119,first_progressive_total_minus_first_transfer,0
vic_la_2022,Eildon,"THORNTON, Robert",,https://www.vec.vic.gov.au/results/state-election-results/2022-state-election-results/results-by-district/eildon-district-results,eildon,IND,cand_d4e88104c1,459,"THORNTON, Robert","THORNTON, Robert",459,first_exclusion_source_parcel,0
vic_la_2022,Eildon,"MIKELSONS, Wil",Australian Greens,https://www.vec.vic.gov.au/results/state-election-results/2022-state-election-results/results-by-district/eildon-district-results,eildon,GRN,cand_b5f2d8f132,4753,"MIKELSONS, Wil","MIKELSONS, Wil",4753,first_progressive_total_minus_first_transfer,0
vic_la_2022,Eildon,"RUSIC, Joshua",Freedom Party of Victoria,https://www.vec.vic.gov.au/results/state-election-results/2022-state-election-results/results-by-district/eildon-district-results,eildon,PARTY_FREEDOM_PARTY_OF_VICTORIA,cand_e1ac7365ac,1426,"RUSIC, Joshua","RUSIC, Joshua",1426,first_progressive_total_minus_first_transfer,0
vic_la_2022,Eildon,"CORDNER HUNT, Kammy",,https://www.vec.vic.gov.au/results/state-election-results/2022-state-election-results/results-by-district/eildon-district-results,eildon,IND,cand_d1bc5eeb93,581,"CORDNER HUNT, Kammy","CORDNER HUNT, Kammy",581,first_progressive_total_minus_first_transfer,0
vic_la_2022,Eildon,"LACEY, Tim",Family First Victoria,https://www.vec.vic.gov.au/results/state-election-results/2022-state-election-results/results-by-district/eildon-district-results,eildon,PARTY_FAMILY_FIRST_VICTORIA,cand_dc7d693639,1437,"LACEY, Tim","LACEY, Tim",1437,first_progressive_total_minus_first_transfer,0
vic_la_2022,Evelyn,"HEALD, Jan",Animal Justice Party,https://www.vec.vic.gov.au/results/state-election-results/2022-state-election-results/results-by-district/evelyn-district-results,evelyn,PARTY_ANIMAL_JUSTICE_PARTY,cand_b6bce3ae59,1819,"HEALD, Jan","HEALD, Jan",1819,first_progressive_total_minus_first_transfer,0
vic_la_2022,Evelyn,"DE FRANCESCO, Nat",,https://www.vec.vic.gov.au/results/state-election-results/2022-state-election-results/results-by-district/evelyn-district-results,evelyn,IND,cand_99d44dee8c,448,"DE FRANCESCO, Nat","DE FRANCESCO, Nat",448,first_progressive_total_minus_first_transfer,0
vic_la_2022,Evelyn,"DENT, Lorna",Australian Labor Party - Victorian Branch,https://www.vec.vic.gov.au/results/state-election-results/2022-state-election-results/results-by-district/evelyn-district-results,evelyn,ALP,cand_2630040a7c,14277,"DENT, Lorna","DENT, Lorna",14277,first_progressive_total_minus_first_transfer,0
vic_la_2022,Evelyn,"DE FRANCESCO, Rosalie",,https://www.vec.vic.gov.au/results/state-election-results/2022-state-election-results/results-by-district/evelyn-district-results,evelyn,IND,cand_872f6998f6,366,"DE FRANCESCO, Rosalie","DE FRANCESCO, Rosalie",366,first_exclusion_source_parcel,0
vic_la_2022,Evelyn,"VALLENCE, Bridget",Liberal,https://www.vec.vic.gov.au/results/state-election-results/2022-state-election-results/results-by-district/evelyn-district-results,evelyn,LIB,cand_a2efd86853,20385,"VALLENCE, Bridget","VALLENCE, Bridget",20385,first_progressive_total_minus_first_transfer,0
vic_la_2022,Evelyn,"DOBSON, Jeanette",Family First Victoria,https://www.vec.vic.gov.au/results/state-election-results/2022-state-election-results/results-by-district/evelyn-district-results,evelyn,PARTY_FAMILY_FIRST_VICTORIA,cand_7b65ae0ea2,2318,"DOBSON, Jeanette","DOBSON, Jeanette",2318,first_progressive_total_minus_first_transfer,0
vic_la_2022,Evelyn,"HENLEY, Andrew",Australian Greens,https://www.vec.vic.gov.au/results/state-election-results/2022-state-election-results/results-by-district/evelyn-district-results,evelyn,GRN,cand_1b24ee4279,4052,"HENLEY, Andrew","HENLEY, Andrew",4051,first_progressive_total_minus_first_transfer,-1
vic_la_2022,Greenvale,"YOLBULAN, Mutullah Can",Victorian Socialists,https://www.vec.vic.gov.au/results/state-election-results/2022-state-election-results/results-by-district/greenvale-district-results,greenvale,PARTY_VICTORIAN_SOCIALISTS,cand_cdc10c7eda,2582,"YOLBULAN, Mutullah Can","YOLBULAN, Mutullah Can",2582,first_progressive_total_minus_first_transfer,0
vic_la_2022,Greenvale,"ERCIYAS, Fatma",,https://www.vec.vic.gov.au/results/state-election-results/2022-state-election-results/results-by-district/greenvale-district-results,greenvale,IND,cand_da6b4c4eb7,2416,"ERCIYAS, Fatma","ERCIYAS, Fatma",2416,first_progressive_total_minus_first_transfer,0
vic_la_2022,Greenvale,"GHANI, Usman",Liberal,https://www.vec.vic.gov.au/results/state-election-results/2022-state-election-results/results-by-district/greenvale-district-results,greenvale,LIB,cand_f809241614,9568,"GHANI, Usman","GHANI, Usman",9568,first_progressive_total_minus_first_transfer,0
vic_la_2022,Greenvale,"BENGTSSON, Maria",Family First Victoria,https://www.vec.vic.gov.au/results/state-election-results/2022-state-election-results/results-by-district/greenvale-district-results,greenvale,PARTY_FAMILY_FIRST_VICTORIA,cand_328f4e0540,2778,"BENGTSSON, Maria","BENGTSSON, Maria",2778,first_progressive_total_minus_first_transfer,0
vic_la_2022,Greenvale,"SANTA-ISABEL, Cristina",Australian Greens,https://www.vec.vic.gov.au/results/state-election-results/2022-state-election-results/results-by-district/greenvale-district-results,greenvale,GRN,cand_da54c1158b,2194,"SANTA-ISABEL, Cristina","SANTA-ISABEL, Cristina",2194,first_progressive_total_minus_first_transfer,0
vic_la_2022,Greenvale,"STYLES, Lauren",Freedom Party of Victoria,https://www.vec.vic.gov.au/results/state-election-results/2022-state-election-results/results-by-district/greenvale-district-results,greenvale,PARTY_FREEDOM_PARTY_OF_VICTORIA,cand_96e7167a83,1225,"STYLES, Lauren","STYLES, Lauren",1225,first_exclusion_source_parcel,0
vic_la_2022,Greenvale,"WALTERS, Iwan",Australian Labor Party - Victorian Branch,https://www.vec.vic.gov.au/results/state-election-results/2022-state-election-results/results-by-district/greenvale-district-results,greenvale,ALP,cand_30f4d83fcc,15628,"WALTERS, Iwan","WALTERS, Iwan",15628,first_progressive_total_minus_first_transfer,0
vic_la_2022,Greenvale,"FURINA, Rosanna",Animal Justice Party,https://www.vec.vic.gov.au/results/state-election-results/2022-state-election-results/results-by-district/greenvale-district-results,greenvale,PARTY_ANIMAL_JUSTICE_PARTY,cand_78d47f0996,1295,"FURINA, Rosanna","FURINA, Rosanna",1295,first_progressive_total_minus_first_transfer,0
vic_la_2022,Kororoit,"GIBSON, Belle",Victorian Socialists,https://www.vec.vic.gov.au/results/state-election-results/2022-state-election-results/results-by-district/kororoit-district-results,kororoit,PARTY_VICTORIAN_SOCIALISTS,cand_3cbb14f33e,2768,"GIBSON, Belle","GIBSON, Belle",2768,first_progressive_total_minus_first_transfer,0
vic_la_2022,Kororoit,"CHANDOK, Jaz",New Democrats,https://www.vec.vic.gov.au/results/state-election-results/2022-state-election-results/results-by-district/kororoit-district-results,kororoit,PARTY_NEW_DEMOCRATS,cand_12f0d6ca33,623,"CHANDOK, Jaz","CHANDOK, Jaz",623,first_exclusion_source_parcel,0
vic_la_2022,Kororoit,"BROWN, Zuzanna",Labour DLP,https://www.vec.vic.gov.au/results/state-election-results/2022-state-election-results/results-by-district/kororoit-district-results,kororoit,PARTY_LABOUR_DLP,cand_24e7b09bd8,2517,"BROWN, Zuzanna","BROWN, Zuzanna",2517,first_progressive_total_minus_first_transfer,0
vic_la_2022,Kororoit,"DIVITA, Katherine",Animal Justice Party,https://www.vec.vic.gov.au/results/state-election-results/2022-state-election-results/results-by-district/kororoit-district-results,kororoit,PARTY_ANIMAL_JUSTICE_PARTY,cand_ea1bda1cb2,1242,"DIVITA, Katherine","DIVITA, Katherine",1242,first_progressive_total_minus_first_transfer,0
vic_la_2022,Kororoit,"BAUCH, Joh",,https://www.vec.vic.gov.au/results/state-election-results/2022-state-election-results/results-by-district/kororoit-district-results,kororoit,IND,cand_3d9d901a23,978,"BAUCH, Joh","BAUCH, Joh",978,first_progressive_total_minus_first_transfer,0
vic_la_2022,Kororoit,"MILUTINOVIC, Melanie",Family First Victoria,https://www.vec.vic.gov.au/results/state-election-results/2022-state-election-results/results-by-district/kororoit-district-results,kororoit,PARTY_FAMILY_FIRST_VICTORIA,cand_78e802345c,2326,"MILUTINOVIC, Melanie","MILUTINOVIC, Melanie",2326,first_progressive_total_minus_first_transfer,0
vic_la_2022,Kororoit,"GRIGOROVITCH, Luba",Australian Labor Party - Victorian Branch,https://www.vec.vic.gov.au/results/state-election-results/2022-state-election-results/results-by-district/kororoit-district-results,kororoit,ALP,cand_17a1b33b3e,17468,"GRIGOROVITCH, Luba","GRIGOROVITCH, Luba",17468,first_progressive_total_minus_first_transfer,0
vic_la_2022,Kororoit,"CHESTER, Ben",Australian Greens,https://www.vec.vic.gov.au/results/state-election-results/2022-state-election-results/results-by-district/kororoit-district-results,kororoit,GRN,cand_5560c8b57a,2650,"CHESTER, Ben","CHESTER, Ben",2650,first_progressive_total_minus_first_transfer,0
vic_la_2022,Kororoit,"FLETCHER, John",Liberal,https://www.vec.vic.gov.au/results/state-election-results/2022-state-election-results/results-by-district/kororoit-district-results,kororoit,LIB,cand_e16d458f58,9801,"FLETCHER, John","FLETCHER, John",9801,first_progressive_total_minus_first_transfer,0
vic_la_2022,Lara,"GARDNER, Courtney",Australian Greens,https://www.vec.vic.gov.au/results/state-election-results/2022-state-election-results/results-by-district/lara-district-results,lara,GRN,cand_bf3a229bde,4473,"GARDNER, Courtney","GARDNER, Courtney",4471,first_progressive_total_minus_first_transfer,-2
vic_la_2022,Lara,"HATHWAY, Sarah",,https://www.vec.vic.gov.au/results/state-election-results/2022-state-election-results/results-by-district/lara-district-results,lara,IND,cand_63c0e6f447,1050,"HATHWAY, Sarah","HATHWAY, Sarah",1050,first_progressive_total_minus_first_transfer,0
vic_la_2022,Lara,"KREIN, Ralph",Liberal,https://www.vec.vic.gov.au/results/state-election-results/2022-state-election-results/results-by-district/lara-district-results,lara,LIB,cand_fac1b31814,8460,"KREIN, Ralph","KREIN, Ralph",8460,first_progressive_total_minus_first_transfer,0
vic_la_2022,Lara,"RANKINE, Steve",Family First Victoria,https://www.vec.vic.gov.au/results/state-election-results/2022-state-election-results/results-by-district/lara-district-results,lara,PARTY_FAMILY_FIRST_VICTORIA,cand_0a0fb067d8,1775,"RANKINE, Steve","RANKINE, Steve",1774,first_progressive_total_minus_first_transfer,-1
vic_la_2022,Lara,"GEORGE, Ella",Australian Labor Party - Victorian Branch,https://www.vec.vic.gov.au/results/state-election-results/2022-state-election-results/results-by-district/lara-district-results,lara,ALP,cand_95fed2139a,19635,"GEORGE, Ella","GEORGE, Ella",19635,first_progressive_total_minus_first_transfer,0
vic_la_2022,Lara,"KELLY, Peter",Animal Justice Party,https://www.vec.vic.gov.au/results/state-election-results/2022-state-election-results/results-by-district/lara-district-results,lara,PARTY_ANIMAL_JUSTICE_PARTY,cand_6a067b58fa,1502,"KELLY, Peter","KELLY, Peter",1501,first_progressive_total_minus_first_transfer,-1
vic_la_2022,Lara,"TAYLOR, Ash",Angry Victorians Party,https://www.vec.vic.gov.au/results/state-election-results/2022-state-election-results/results-by-district/lara-district-results,lara,PARTY_ANGRY_VICTORIANS_PARTY,cand_a9684c3c75,938,"TAYLOR, Ash","TAYLOR, Ash",938,first_exclusion_source_parcel,0
vic_la_2022,Lara,"PAYNE, Max",Liberal Democrats,https://www.vec.vic.gov.au/results/state-election-results/2022-state-election-results/results-by-district/lara-district-results,lara,PARTY_LIBERAL_DEMOCRATS,cand_d753c39346,1688,"PAYNE, Max","PAYNE, Max",1683,first_progressive_total_minus_first_transfer,-5
vic_la_2022,Laverton,"SONI, Gurneet",New Democrats,https://www.vec.vic.gov.au/results/state-election-results/2022-state-election-results/results-by-district/laverton-district-results,laverton,PARTY_NEW_DEMOCRATS,cand_64cbb54318,1082,"SONI, Gurneet","SONI, Gurneet",1082,first_progressive_total_minus_first_transfer,0
vic_la_2022,Laverton,"DURZADA, Braishna",Australian Greens,https://www.vec.vic.gov.au/results/state-election-results/2022-state-election-results/results-by-district/laverton-district-results,laverton,GRN,cand_23253b3a1a,3496,"DURZADA, Braishna","DURZADA, Braishna",3491,first_progressive_total_minus_first_transfer,-5
vic_la_2022,Laverton,"FRY, David",Family First Victoria,https://www.vec.vic.gov.au/results/state-election-results/2022-state-election-results/results-by-district/laverton-district-results,laverton,PARTY_FAMILY_FIRST_VICTORIA,cand_d79f394887,1353,"FRY, David","FRY, David",1353,first_progressive_total_minus_first_transfer,0
vic_la_2022,Laverton,"PAREDES, Rufo",,https://www.vec.vic.gov.au/results/state-election-results/2022-state-election-results/results-by-district/laverton-district-results,laverton,IND,cand_a8c58e0b39,355,"PAREDES, Rufo","PAREDES, Rufo",355,first_exclusion_source_parcel,0
vic_la_2022,Laverton,"WIRTH, Michael",Labour DLP,https://www.vec.vic.gov.au/results/state-election-results/2022-state-election-results/results-by-district/laverton-district-results,laverton,PARTY_LABOUR_DLP,cand_236ecf699d,2051,"WIRTH, Michael","WIRTH, Michael",2051,first_progressive_total_minus_first_transfer,0
vic_la_2022,Laverton,"ROBERTSON, Catherine",Victorian Socialists,https://www.vec.vic.gov.au/results/state-election-results/2022-state-election-results/results-by-district/laverton-district-results,laverton,PARTY_VICTORIAN_SOCIALISTS,cand_b6b5339472,2206,"ROBERTSON, Catherine","ROBERTSON, Catherine",2206,first_progressive_total_minus_first_transfer,0
vic_la_2022,Laverton,"RAYMOND, Trent",Freedom Party of Victoria,https://www.vec.vic.gov.au/results/state-election-results/2022-state-election-results/results-by-district/laverton-district-results,laverton,PARTY_FREEDOM_PARTY_OF_VICTORIA,cand_7f3883c666,641,"RAYMOND, Trent","RAYMOND, Trent",641,first_progressive_total_minus_first_transfer,0
vic_la_2022,Laverton,"BAGHERI, Pouya",Animal Justice Party,https://www.vec.vic.gov.au/results/state-election-results/2022-state-election-results/results-by-district/laverton-district-results,laverton,PARTY_ANIMAL_JUSTICE_PARTY,cand_3e9baa9bb5,694,"BAGHERI, Pouya","BAGHERI, Pouya",694,first_progressive_total_minus_first_transfer,0
vic_la_2022,Laverton,"CONNOLLY, Sarah",Australian Labor Party - Victorian Branch,https://www.vec.vic.gov.au/results/state-election-results/2022-state-election-results/results-by-district/laverton-district-results,laverton,ALP,cand_b5b2630cf6,17026,"CONNOLLY, Sarah","CONNOLLY, Sarah",17026,first_progressive_total_minus_first_transfer,0
vic_la_2022,Laverton,"REDDY, Raja",Liberal,https://www.vec.vic.gov.au/results/state-election-results/2022-state-election-results/results-by-district/laverton-district-results,laverton,LIB,cand_ed8867ac77,8233,"REDDY, Raja","REDDY, Raja",8233,first_progressive_total_minus_first_transfer,0
vic_la_2022,Mill Park,"SIMONS, Marcia",Animal Justice Party,https://www.vec.vic.gov.au/results/state-election-results/2022-state-election-results/results-by-district/mill-park-district-results,mill-park,PARTY_ANIMAL_JUSTICE_PARTY,cand_793245c765,1833,"SIMONS, Marcia","SIMONS, Marcia",1833,first_exclusion_source_parcel,0
vic_la_2022,Mill Park,"YAP, Paige",Liberal,https://www.vec.vic.gov.au/results/state-election-results/2022-state-election-results/results-by-district/mill-park-district-results,mill-park,LIB,cand_1c212c9c00,9797,"YAP, Paige","YAP, Paige",9797,first_progressive_total_minus_first_transfer,0
vic_la_2022,Mill Park,"ANDERSON, Craig",Family First Victoria,https://www.vec.vic.gov.au/results/state-election-results/2022-state-election-results/results-by-district/mill-park-district-results,mill-park,PARTY_FAMILY_FIRST_VICTORIA,cand_8cbaa8f78e,1891,"ANDERSON, Craig","ANDERSON, Craig",1890,first_progressive_total_minus_first_transfer,-1
vic_la_2022,Mill Park,"FILIPPOPOULOS, Andrew",Freedom Party of Victoria,https://www.vec.vic.gov.au/results/state-election-results/2022-state-election-results/results-by-district/mill-park-district-results,mill-park,PARTY_FREEDOM_PARTY_OF_VICTORIA,cand_ac2e6232eb,2659,"FILIPPOPOULOS, Andrew","FILIPPOPOULOS, Andrew",2658,first_progressive_total_minus_first_transfer,-1
vic_la_2022,Mill Park,"D'AMBROSIO, Lily",Australian Labor Party - Victorian Branch,https://www.vec.vic.gov.au/results/state-election-results/2022-state-election-results/results-by-district/mill-park-district-results,mill-park,ALP,cand_adc6c8140b,18857,"D'AMBROSIO, Lily","D'AMBROSIO, Lily",18857,first_progressive_total_minus_first_transfer,0
vic_la_2022,Mill Park,"KEARNEY, Chris",Australian Greens,https://www.vec.vic.gov.au/results/state-election-results/2022-state-election-results/results-by-district/mill-park-district-results,mill-park,GRN,cand_501b6d609c,2761,"KEARNEY, Chris","KEARNEY, Chris",2758,first_progressive_total_minus_first_transfer,-3
vic_la_2023_narracan_supplementary,Narracan,"ABELMAN, Michael",Liberal Democrats,https://www.vec.vic.gov.au/results/state-election-results/state-by-elections-timeline/narracan-district-supplementary-election-results,narracan,PARTY_LIBERAL_DEMOCRATS,cand_b4a30866f9,1325,"ABELMAN, Michael","ABELMAN, Michael",1325,first_progressive_total_minus_first_transfer,0
vic_la_2023_narracan_supplementary,Narracan,"WOLFE, Tony",,https://www.vec.vic.gov.au/results/state-election-results/state-by-elections-timeline/narracan-district-supplementary-election-results,narracan,IND,cand_c8b4eed2b2,4110,"WOLFE, Tony","WOLFE, Tony",4110,first_progressive_total_minus_first_transfer,0
vic_la_2023_narracan_supplementary,Narracan,"WEAVER, Alyssa",Australian Greens,https://www.vec.vic.gov.au/results/state-election-results/state-by-elections-timeline/narracan-district-supplementary-election-results,narracan,GRN,cand_33e2faaa78,4132,"WEAVER, Alyssa","WEAVER, Alyssa",4132,first_progressive_total_minus_first_transfer,0
vic_la_2023_narracan_supplementary,Narracan,"CRAM, Austin",Animal Justice Party,https://www.vec.vic.gov.au/results/state-election-results/state-by-elections-timeline/narracan-district-supplementary-election-results,narracan,PARTY_ANIMAL_JUSTICE_PARTY,cand_ac3390a1e7,849,"CRAM, Austin","CRAM, Austin",849,first_progressive_total_minus_first_transfer,0
vic_la_2023_narracan_supplementary,Narracan,"DE WIT, Sophia Camille",Labour DLP,https://www.vec.vic.gov.au/results/state-election-results/state-by-elections-timeline/narracan-district-supplementary-election-results,narracan,PARTY_LABOUR_DLP,cand_5e4c6ed6d9,2641,"DE WIT, Sophia Camille","DE WIT, Sophia Camille",2641,first_progressive_total_minus_first_transfer,0
vic_la_2023_narracan_supplementary,Narracan,"MURPHY, Casey",Pauline Hanson's One Nation,https://www.vec.vic.gov.au/results/state-election-results/state-by-elections-timeline/narracan-district-supplementary-election-results,narracan,ONP,cand_2bd0f72c3c,2246,"MURPHY, Casey","MURPHY, Casey",2246,first_progressive_total_minus_first_transfer,0
vic_la_2023_narracan_supplementary,Narracan,"HONEY, Ian",,https://www.vec.vic.gov.au/results/state-election-results/state-by-elections-timeline/narracan-district-supplementary-election-results,narracan,IND,cand_204302bb89,381,"HONEY, Ian","HONEY, Ian",381,first_exclusion_source_parcel,0
vic_la_2023_narracan_supplementary,Narracan,"CLARKE, Brendan",Family First Victoria,https://www.vec.vic.gov.au/results/state-election-results/state-by-elections-timeline/narracan-district-supplementary-election-results,narracan,PARTY_FAMILY_FIRST_VICTORIA,cand_38fffbe54b,1089,"CLARKE, Brendan","CLARKE, Brendan",1089,first_progressive_total_minus_first_transfer,0
vic_la_2023_narracan_supplementary,Narracan,"BLACKWELL, Leonie",Freedom Party of Victoria,https://www.vec.vic.gov.au/results/state-election-results/state-by-elections-timeline/narracan-district-supplementary-election-results,narracan,PARTY_FREEDOM_PARTY_OF_VICTORIA,cand_01f810de63,2254,"BLACKWELL, Leonie","BLACKWELL, Leonie",2254,first_progressive_total_minus_first_transfer,0
vic_la_2023_narracan_supplementary,Narracan,"FARNHAM, Wayne",Liberal,https://www.vec.vic.gov.au/results/state-election-results/state-by-elections-timeline/narracan-district-supplementary-election-results,narracan,LIB,cand_cdeee6ae99,16741,"FARNHAM, Wayne","FARNHAM, Wayne",16741,first_progressive_total_minus_first_transfer,0
vic_la_2023_narracan_supplementary,Narracan,"McCABE, Annemarie",,https://www.vec.vic.gov.au/results/state-election-results/state-by-elections-timeline/narracan-district-supplementary-election-results,narracan,IND,cand_efde0d248c,1437,"McCABE, Annemarie","McCABE, Annemarie",1437,first_progressive_total_minus_first_transfer,0
vic_la_2022,Narre Warren North,"WILSON, Belinda",Australian Labor Party - Victorian Branch,https://www.vec.vic.gov.au/results/state-election-results/2022-state-election-results/results-by-district/narre-warren-north-district-results,narre-warren-north,ALP,cand_8b6578ef3f,19350,"WILSON, Belinda","WILSON, Belinda",19350,first_progressive_total_minus_first_transfer,0
vic_la_2022,Narre Warren North,"ZMEGAC, Andrew",Labour DLP,https://www.vec.vic.gov.au/results/state-election-results/2022-state-election-results/results-by-district/narre-warren-north-district-results,narre-warren-north,PARTY_LABOUR_DLP,cand_e7102a70a2,1191,"ZMEGAC, Andrew","ZMEGAC, Andrew",1191,first_progressive_total_minus_first_transfer,0
vic_la_2022,Narre Warren North,"RUYTER, Monique","Shooters, Fishers & Farmers Vic",https://www.vec.vic.gov.au/results/state-election-results/2022-state-election-results/results-by-district/narre-warren-north-district-results,narre-warren-north,PARTY_SHOOTERS_FISHERS_AND_FARMERS_VIC,cand_05f3e0f3f2,772,"RUYTER, Monique","RUYTER, Monique",772,first_exclusion_source_parcel,0
vic_la_2022,Narre Warren North,"CAPON, Stephen",,https://www.vec.vic.gov.au/results/state-election-results/2022-state-election-results/results-by-district/narre-warren-north-district-results,narre-warren-north,IND,cand_3dce4b4460,906,"CAPON, Stephen","CAPON, Stephen",906,first_progressive_total_minus_first_transfer,0
vic_la_2022,Narre Warren North,"GARDNER, Sheree",Animal Justice Party,https://www.vec.vic.gov.au/results/state-election-results/2022-state-election-results/results-by-district/narre-warren-north-district-results,narre-warren-north,PARTY_ANIMAL_JUSTICE_PARTY,cand_3ef750cf29,978,"GARDNER, Sheree","GARDNER, Sheree",978,first_progressive_total_minus_first_transfer,0
vic_la_2022,Narre Warren North,"ELKINS, Christine",Family First Victoria,https://www.vec.vic.gov.au/results/state-election-results/2022-state-election-results/results-by-district/narre-warren-north-district-results,narre-warren-north,PARTY_FAMILY_FIRST_VICTORIA,cand_ff6f32fb02,1530,"ELKINS, Christine","ELKINS, Christine",1530,first_progressive_total_minus_first_transfer,0
vic_la_2022,Narre Warren North,"PARKER, Craig",Freedom Party of Victoria,https://www.vec.vic.gov.au/results/state-election-results/2022-state-election-results/results-by-district/narre-warren-north-district-results,narre-warren-north,PARTY_FREEDOM_PARTY_OF_VICTORIA,cand_7a6ef927be,1218,"PARKER, Craig","PARKER, Craig",1218,first_progressive_total_minus_first_transfer,0
vic_la_2022,Narre Warren North,"MATULEC, Stephen",Liberal Democrats,https://www.vec.vic.gov.au/results/state-election-results/2022-state-election-results/results-by-district/narre-warren-north-district-results,narre-warren-north,PARTY_LIBERAL_DEMOCRATS,cand_d181a78679,1325,"MATULEC, Stephen","MATULEC, Stephen",1325,first_progressive_total_minus_first_transfer,0
vic_la_2022,Narre Warren North,"DRAGAN, Timothy",Liberal,https://www.vec.vic.gov.au/results/state-election-results/2022-state-election-results/results-by-district/narre-warren-north-district-results,narre-warren-north,LIB,cand_974fb12dde,11291,"DRAGAN, Timothy","DRAGAN, Timothy",11291,first_progressive_total_minus_first_transfer,0
vic_la_2022,Narre Warren North,"McLEAN, Laura",Australian Greens,https://www.vec.vic.gov.au/results/state-election-results/2022-state-election-results/results-by-district/narre-warren-north-district-results,narre-warren-north,GRN,cand_0f125b2980,2809,"McLEAN, Laura","McLEAN, Laura",2809,first_progressive_total_minus_first_transfer,0
vic_la_2022,Narre Warren South,"HARVEY, Jacqueline",Family First Victoria,https://www.vec.vic.gov.au/results/state-election-results/2022-state-election-results/results-by-district/narre-warren-south-district-results,narre-warren-south,PARTY_FAMILY_FIRST_VICTORIA,cand_bfa6d4c8af,2495,"HARVEY, Jacqueline","HARVEY, Jacqueline",2495,first_progressive_total_minus_first_transfer,0
vic_la_2022,Narre Warren South,"SKROBO, Christine",Liberal Democrats,https://www.vec.vic.gov.au/results/state-election-results/2022-state-election-results/results-by-district/narre-warren-south-district-results,narre-warren-south,PARTY_LIBERAL_DEMOCRATS,cand_c3aea6c83b,1212,"SKROBO, Christine","SKROBO, Christine",1212,first_progressive_total_minus_first_transfer,0
vic_la_2022,Narre Warren South,"BAKER-PEARCE, Tylere",,https://www.vec.vic.gov.au/results/state-election-results/2022-state-election-results/results-by-district/narre-warren-south-district-results,narre-warren-south,IND,cand_1637291ce0,290,"BAKER-PEARCE, Tylere","BAKER-PEARCE, Tylere",290,first_exclusion_source_parcel,0
vic_la_2022,Narre Warren South,"SAMUEL, Annette",Liberal,https://www.vec.vic.gov.au/results/state-election-results/2022-state-election-results/results-by-district/narre-warren-south-district-results,narre-warren-south,LIB,cand_a304105a62,12280,"SAMUEL, Annette","SAMUEL, Annette",12280,first_progressive_total_minus_first_transfer,0
vic_la_2022,Narre Warren South,"MAAS, Gary",Australian Labor Party - Victorian Branch,https://www.vec.vic.gov.au/results/state-election-results/2022-state-election-results/results-by-district/narre-warren-south-district-results,narre-warren-south,ALP,cand_94477d07b7,20562,"MAAS, Gary","MAAS, Gary",20562,first_progressive_total_minus_first_transfer,0
vic_la_2022,Narre Warren South,"GALLAGHER, Michael",Animal Justice Party,https://www.vec.vic.gov.au/results/state-election-results/2022-state-election-results/results-by-district/narre-warren-south-district-results,narre-warren-south,PARTY_ANIMAL_JUSTICE_PARTY,cand_86d45ce434,1048,"GALLAGHER, Michael","GALLAGHER, Michael",1048,first_progressive_total_minus_first_transfer,0
vic_la_2022,Narre Warren South,"MOORE, Susanna",Australian Greens,https://www.vec.vic.gov.au/results/state-election-results/2022-state-election-results/results-by-district/narre-warren-south-district-results,narre-warren-south,GRN,cand_8fc89a6660,2836,"MOORE, Susanna","MOORE, Susanna",2836,first_progressive_total_minus_first_transfer,0
vic_la_2022,Narre Warren South,"HANSEN, Geoff",Freedom Party of Victoria,https://www.vec.vic.gov.au/results/state-election-results/2022-state-election-results/results-by-district/narre-warren-south-district-results,narre-warren-south,PARTY_FREEDOM_PARTY_OF_VICTORIA,cand_db22c37b6d,2136,"HANSEN, Geoff","HANSEN, Geoff",2136,first_progressive_total_minus_first_transfer,0
vic_la_2022,Nepean,"MILLER, Jay",Companions and Pets Party,https://www.vec.vic.gov.au/results/state-election-results/2022-state-election-results/results-by-district/nepean-district-results,nepean,PARTY_COMPANIONS_AND_PETS_PARTY,cand_910fae9325,526,"MILLER, Jay","MILLER, Jay",526,first_progressive_total_minus_first_transfer,0
vic_la_2022,Nepean,"DIJKMAN, Janny",Family First Victoria,https://www.vec.vic.gov.au/results/state-election-results/2022-state-election-results/results-by-district/nepean-district-results,nepean,PARTY_FAMILY_FIRST_VICTORIA,cand_1c6da40b65,638,"DIJKMAN, Janny","DIJKMAN, Janny",638,first_progressive_total_minus_first_transfer,0
vic_la_2022,Nepean,"ENGELANDER, Pamela",Animal Justice Party,https://www.vec.vic.gov.au/results/state-election-results/2022-state-election-results/results-by-district/nepean-district-results,nepean,PARTY_ANIMAL_JUSTICE_PARTY,cand_e3f3afa94e,720,"ENGELANDER, Pamela","ENGELANDER, Pamela",720,first_progressive_total_minus_first_transfer,0
vic_la_2022,Nepean,"AINSLIE, Charelle",,https://www.vec.vic.gov.au/results/state-election-results/2022-state-election-results/results-by-district/nepean-district-results,nepean,IND,cand_8d9c784b01,449,"AINSLIE, Charelle","AINSLIE, Charelle",449,first_progressive_total_minus_first_transfer,0
vic_la_2022,Nepean,"GROTH, Sam",Liberal,https://www.vec.vic.gov.au/results/state-election-results/2022-state-election-results/results-by-district/nepean-district-results,nepean,LIB,cand_c5566f2895,19614,"GROTH, Sam","GROTH, Sam",19614,first_progressive_total_minus_first_transfer,0
vic_la_2022,Nepean,"GLEIXNER, Esther",Australian Greens,https://www.vec.vic.gov.au/results/state-election-results/2022-state-election-results/results-by-district/nepean-district-results,nepean,GRN,cand_d05da89fc4,3576,"GLEIXNER, Esther","GLEIXNER, Esther",3576,first_progressive_total_minus_first_transfer,0
vic_la_2022,Nepean,"ANGER, Steve",,https://www.vec.vic.gov.au/results/state-election-results/2022-state-election-results/results-by-district/nepean-district-results,nepean,IND,cand_e831bd6999,91,"ANGER, Steve","ANGER, Steve",91,first_exclusion_source_parcel,0
vic_la_2022,Nepean,"LEINE, Hank",Freedom Party of Victoria,https://www.vec.vic.gov.au/results/state-election-results/2022-state-election-results/results-by-district/nepean-district-results,nepean,PARTY_FREEDOM_PARTY_OF_VICTORIA,cand_d503382ac6,980,"LEINE, Hank","LEINE, Hank",980,first_progressive_total_minus_first_transfer,0
vic_la_2022,Nepean,"WOOLCOCK, Elizabeth",,https://www.vec.vic.gov.au/results/state-election-results/2022-state-election-results/results-by-district/nepean-district-results,nepean,IND,cand_0585695f86,495,"WOOLCOCK, Elizabeth","WOOLCOCK, Elizabeth",495,first_progressive_total_minus_first_transfer,0
vic_la_2022,Nepean,"BRAYNE, Chris",Australian Labor Party - Victorian Branch,https://www.vec.vic.gov.au/results/state-election-results/2022-state-election-results/results-by-district/nepean-district-results,nepean,ALP,cand_9450dfe408,13308,"BRAYNE, Chris","BRAYNE, Chris",13308,first_progressive_total_minus_first_transfer,0
vic_la_2022,Nepean,"SKRUZNY, Cynthia",Labour DLP,https://www.vec.vic.gov.au/results/state-election-results/2022-state-election-results/results-by-district/nepean-district-results,nepean,PARTY_LABOUR_DLP,cand_82ef292836,369,"SKRUZNY, Cynthia","SKRUZNY, Cynthia",369,first_progressive_total_minus_first_transfer,0
vic_la_2022,Sandringham,"REGAN, Alysia",Australian Greens,https://www.vec.vic.gov.au/results/state-election-results/2022-state-election-results/results-by-district/sandringham-district-results,sandringham,GRN,cand_a1f752ead9,5949,"REGAN, Alysia","REGAN, Alysia",5947,first_progressive_total_minus_first_transfer,-2
vic_la_2022,Sandringham,"ZMEGAC, Karla",Labour DLP,https://www.vec.vic.gov.au/results/state-election-results/2022-state-election-results/results-by-district/sandringham-district-results,sandringham,PARTY_LABOUR_DLP,cand_2df759a966,749,"ZMEGAC, Karla","ZMEGAC, Karla",749,first_progressive_total_minus_first_transfer,0
vic_la_2022,Sandringham,"PRESCOTT, Bettina",Australian Labor Party - Victorian Branch,https://www.vec.vic.gov.au/results/state-election-results/2022-state-election-results/results-by-district/sandringham-district-results,sandringham,ALP,cand_d2418c7c0c,10426,"PRESCOTT, Bettina","PRESCOTT, Bettina",10426,first_progressive_total_minus_first_transfer,0
vic_la_2022,Sandringham,"EPPINGSTALL, Barbara",Animal Justice Party,https://www.vec.vic.gov.au/results/state-election-results/2022-state-election-results/results-by-district/sandringham-district-results,sandringham,PARTY_ANIMAL_JUSTICE_PARTY,cand_803780b524,976,"EPPINGSTALL, Barbara","EPPINGSTALL, Barbara",976,first_progressive_total_minus_first_transfer,0
vic_la_2022,Sandringham,"ROWSWELL, Brad",Liberal,https://www.vec.vic.gov.au/results/state-election-results/2022-state-election-results/results-by-district/sandringham-district-results,sandringham,LIB,cand_43cc13e3e3,18783,"ROWSWELL, Brad","ROWSWELL, Brad",18783,first_progressive_total_minus_first_transfer,0
vic_la_2022,Sandringham,"CHALMERS, Jill",Family First Victoria,https://www.vec.vic.gov.au/results/state-election-results/2022-state-election-results/results-by-district/sandringham-district-results,sandringham,PARTY_FAMILY_FIRST_VICTORIA,cand_54d2f38f4a,714,"CHALMERS, Jill","CHALMERS, Jill",714,first_progressive_total_minus_first_transfer,0
vic_la_2022,Sandringham,"CAMPBELL, Rodney",,https://www.vec.vic.gov.au/results/state-election-results/2022-state-election-results/results-by-district/sandringham-district-results,sandringham,IND,cand_2e7bea0994,115,"CAMPBELL, Rodney","CAMPBELL, Rodney",115,first_exclusion_source_parcel,0
vic_la_2022,Sandringham,"MARTIN, Clarke",,https://www.vec.vic.gov.au/results/state-election-results/2022-state-election-results/results-by-district/sandringham-district-results,sandringham,IND,cand_adfe46826a,2800,"MARTIN, Clarke","MARTIN, Clarke",2800,first_progressive_total_minus_first_transfer,0
vic_la_2022,Sydenham,"TAWADROS, Marvet",Family First Victoria,https://www.vec.vic.gov.au/results/state-election-results/2022-state-election-results/results-by-district/sydenham-district-results,sydenham,PARTY_FAMILY_FIRST_VICTORIA,cand_c77a5902cf,2818,"TAWADROS, Marvet","TAWADROS, Marvet",2815,first_progressive_total_minus_first_transfer,-3
vic_la_2022,Sydenham,"CHLIHI, Hajar",Victorian Socialists,https://www.vec.vic.gov.au/results/state-election-results/2022-state-election-results/results-by-district/sydenham-district-results,sydenham,PARTY_VICTORIAN_SOCIALISTS,cand_6fa95abf6a,1977,"CHLIHI, Hajar","CHLIHI, Hajar",1977,first_progressive_total_minus_first_transfer,0
vic_la_2022,Sydenham,"HUTCHINS, Natalie",Australian Labor Party - Victorian Branch,https://www.vec.vic.gov.au/results/state-election-results/2022-state-election-results/results-by-district/sydenham-district-results,sydenham,ALP,cand_559942c58a,18978,"HUTCHINS, Natalie","HUTCHINS, Natalie",18978,first_progressive_total_minus_first_transfer,0
vic_la_2022,Sydenham,"CULLIA, Joseph",Liberal,https://www.vec.vic.gov.au/results/state-election-results/2022-state-election-results/results-by-district/sydenham-district-results,sydenham,LIB,cand_f8d4ab8c9d,12661,"CULLIA, Joseph","CULLIA, Joseph",12661,first_progressive_total_minus_first_transfer,0
vic_la_2022,Sydenham,"LEUNG, Karina",Animal Justice Party,https://www.vec.vic.gov.au/results/state-election-results/2022-state-election-results/results-by-district/sydenham-district-results,sydenham,PARTY_ANIMAL_JUSTICE_PARTY,cand_1208e06b89,1095,"LEUNG, Karina","LEUNG, Karina",1095,first_exclusion_source_parcel,0
vic_la_2022,Sydenham,"RALPH, Maggie",Australian Greens,https://www.vec.vic.gov.au/results/state-election-results/2022-state-election-results/results-by-district/sydenham-district-results,sydenham,GRN,cand_62971900dc,2547,"RALPH, Maggie","RALPH, Maggie",2547,first_progressive_total_minus_first_transfer,0
vic_la_2022,Sydenham,"RAMOS, Alejandro",Freedom Party of Victoria,https://www.vec.vic.gov.au/results/state-election-results/2022-state-election-results/results-by-district/sydenham-district-results,sydenham,PARTY_FREEDOM_PARTY_OF_VICTORIA,cand_e2a4b91d4a,1672,"RAMOS, Alejandro","RAMOS, Alejandro",1672,first_progressive_total_minus_first_transfer,0
vic_la_2022,Sydenham,"RADOVANI, Jakueline",Labour DLP,https://www.vec.vic.gov.au/results/state-election-results/2022-state-election-results/results-by-district/sydenham-district-results,sydenham,PARTY_LABOUR_DLP,cand_8188b98838,1917,"RADOVANI, Jakueline","RADOVANI, Jakueline",1917,first_progressive_total_minus_first_transfer,0
vic_la_2022,Tarneit,"PATEL, Jaydeep",New Democrats,https://www.vec.vic.gov.au/results/state-election-results/2022-state-election-results/results-by-district/tarneit-district-results,tarneit,PARTY_NEW_DEMOCRATS,cand_0481e6ebdd,1176,"PATEL, Jaydeep","PATEL, Jaydeep",1176,first_progressive_total_minus_first_transfer,0
vic_la_2022,Tarneit,"MOINUDDIN, Aijaz",,https://www.vec.vic.gov.au/results/state-election-results/2022-state-election-results/results-by-district/tarneit-district-results,tarneit,IND,cand_3063c0c90b,534,"MOINUDDIN, Aijaz","MOINUDDIN, Aijaz",534,first_exclusion_source_parcel,0
vic_la_2022,Tarneit,"URIBE, Claudio",Victorian Socialists,https://www.vec.vic.gov.au/results/state-election-results/2022-state-election-results/results-by-district/tarneit-district-results,tarneit,PARTY_VICTORIAN_SOCIALISTS,cand_d242fbf437,2072,"URIBE, Claudio","URIBE, Claudio",2072,first_progressive_total_minus_first_transfer,0
vic_la_2022,Tarneit,"WIGHT, Dylan",Australian Labor Party - Victorian Branch,https://www.vec.vic.gov.au/results/state-election-results/2022-state-election-results/results-by-district/tarneit-district-results,tarneit,ALP,cand_8c04db6231,18173,"WIGHT, Dylan","WIGHT, Dylan",18173,first_progressive_total_minus_first_transfer,0
vic_la_2022,Tarneit,"MILLER, Clare",Australian Greens,https://www.vec.vic.gov.au/results/state-election-results/2022-state-election-results/results-by-district/tarneit-district-results,tarneit,GRN,cand_ea3d642070,2883,"MILLER, Clare","MILLER, Clare",2884,first_progressive_total_minus_first_transfer,1
vic_la_2022,Tarneit,"JEFFREY, Thomas",Family First Victoria,https://www.vec.vic.gov.au/results/state-election-results/2022-state-election-results/results-by-district/tarneit-district-results,tarneit,PARTY_FAMILY_FIRST_VICTORIA,cand_944c85ecf3,1977,"JEFFREY, Thomas","JEFFREY, Thomas",1974,first_progressive_total_minus_first_transfer,-3
vic_la_2022,Tarneit,"MAQSOOD, Erum",Freedom Party of Victoria,https://www.vec.vic.gov.au/results/state-election-results/2022-state-election-results/results-by-district/tarneit-district-results,tarneit,PARTY_FREEDOM_PARTY_OF_VICTORIA,cand_46716a63b2,882,"MAQSOOD, Erum","MAQSOOD, Erum",882,first_progressive_total_minus_first_transfer,0
vic_la_2022,Tarneit,"SINGH, Preet",Liberal,https://www.vec.vic.gov.au/results/state-election-results/2022-state-election-results/results-by-district/tarneit-district-results,tarneit,LIB,cand_f2df301ef5,10438,"SINGH, Preet","SINGH, Preet",10439,first_progressive_total_minus_first_transfer,1
vic_la_2022,Tarneit,"RAHN, Maurita",Animal Justice Party,https://www.vec.vic.gov.au/results/state-election-results/2022-state-election-results/results-by-district/tarneit-district-results,tarneit,PARTY_ANIMAL_JUSTICE_PARTY,cand_5571105da4,843,"RAHN, Maurita","RAHN, Maurita",843,first_progressive_total_minus_first_transfer,0
vic_la_2022,Warrandyte,"OAKLEY, Naomi",Australian Labor Party - Victorian Branch,https://www.vec.vic.gov.au/results/state-election-results/2022-state-election-results/results-by-district/warrandyte-district-results,warrandyte,ALP,cand_d6dfff04cd,14946,"OAKLEY, Naomi","OAKLEY, Naomi",14946,first_progressive_total_minus_first_transfer,0
vic_la_2022,Warrandyte,"RAE, Nicola",Animal Justice Party,https://www.vec.vic.gov.au/results/state-election-results/2022-state-election-results/results-by-district/warrandyte-district-results,warrandyte,PARTY_ANIMAL_JUSTICE_PARTY,cand_c5aa5673b5,1020,"RAE, Nicola","RAE, Nicola",1020,first_progressive_total_minus_first_transfer,0
vic_la_2022,Warrandyte,"JOSHI, Deepak",Australian Greens,https://www.vec.vic.gov.au/results/state-election-results/2022-state-election-results/results-by-district/warrandyte-district-results,warrandyte,GRN,cand_4fd33270ca,5283,"JOSHI, Deepak","JOSHI, Deepak",5283,first_progressive_total_minus_first_transfer,0
vic_la_2022,Warrandyte,"VERNAY, Richard",Family First Victoria,https://www.vec.vic.gov.au/results/state-election-results/2022-state-election-results/results-by-district/warrandyte-district-results,warrandyte,PARTY_FAMILY_FIRST_VICTORIA,cand_3935fcdd51,1823,"VERNAY, Richard","VERNAY, Richard",1823,first_progressive_total_minus_first_transfer,0
vic_la_2022,Warrandyte,"PILLI, Cynthia",,https://www.vec.vic.gov.au/results/state-election-results/2022-state-election-results/results-by-district/warrandyte-district-results,warrandyte,IND,cand_90c38fd7bc,659,"PILLI, Cynthia","PILLI, Cynthia",659,first_exclusion_source_parcel,0
vic_la_2022,Warrandyte,"SMITH, Ryan",Liberal,https://www.vec.vic.gov.au/results/state-election-results/2022-state-election-results/results-by-district/warrandyte-district-results,warrandyte,LIB,cand_72b7f563b8,21344,"SMITH, Ryan","SMITH, Ryan",21344,first_progressive_total_minus_first_transfer,0
vic_la_2022,Wendouree,"HARKNESS, Ian",Family First Victoria,https://www.vec.vic.gov.au/results/state-election-results/2022-state-election-results/results-by-district/wendouree-district-results,wendouree,PARTY_FAMILY_FIRST_VICTORIA,cand_bfc7dc697a,1616,"HARKNESS, Ian","HARKNESS, Ian",1616,first_progressive_total_minus_first_transfer,0
vic_la_2022,Wendouree,"HILLS, Bryn",Animal Justice Party,https://www.vec.vic.gov.au/results/state-election-results/2022-state-election-results/results-by-district/wendouree-district-results,wendouree,PARTY_ANIMAL_JUSTICE_PARTY,cand_f0d5f8e98d,1602,"HILLS, Bryn","HILLS, Bryn",1602,first_progressive_total_minus_first_transfer,0
vic_la_2022,Wendouree,"McINTOSH, Samantha",Liberal,https://www.vec.vic.gov.au/results/state-election-results/2022-state-election-results/results-by-district/wendouree-district-results,wendouree,LIB,cand_8c4fed4fb2,12548,"McINTOSH, Samantha","McINTOSH, Samantha",12548,first_progressive_total_minus_first_transfer,0
vic_la_2022,Wendouree,"ADDISON, Juliana",Australian Labor Party - Victorian Branch,https://www.vec.vic.gov.au/results/state-election-results/2022-state-election-results/results-by-district/wendouree-district-results,wendouree,ALP,cand_15c714d7eb,20059,"ADDISON, Juliana","ADDISON, Juliana",20059,first_progressive_total_minus_first_transfer,0
vic_la_2022,Wendouree,"ECKEL, Bren",,https://www.vec.vic.gov.au/results/state-election-results/2022-state-election-results/results-by-district/wendouree-district-results,wendouree,IND,cand_fb6bb02c1a,455,"ECKEL, Bren","ECKEL, Bren",455,first_exclusion_source_parcel,0
vic_la_2022,Wendouree,"COLBERT, Dianne",Labour DLP,https://www.vec.vic.gov.au/results/state-election-results/2022-state-election-results/results-by-district/wendouree-district-results,wendouree,PARTY_LABOUR_DLP,cand_34da5f4d48,1509,"COLBERT, Dianne","COLBERT, Dianne",1509,first_progressive_total_minus_first_transfer,0
vic_la_2022,Wendouree,"BURNS, Ellen",Australian Greens,https://www.vec.vic.gov.au/results/state-election-results/2022-state-election-results/results-by-district/wendouree-district-results,wendouree,GRN,cand_fa00ede2cd,4386,"BURNS, Ellen","BURNS, Ellen",4383,first_progressive_total_minus_first_transfer,-3
vic_la_2022,Yan Yean,"WOOLDRIDGE, Jack",Labour DLP,https://www.vec.vic.gov.au/results/state-election-results/2022-state-election-results/results-by-district/yan-yean-district-results,yan-yean,PARTY_LABOUR_DLP,cand_2b70f33e64,2028,"WOOLDRIDGE, Jack","WOOLDRIDGE, Jack",2028,first_progressive_total_minus_first_transfer,0
vic_la_2022,Yan Yean,"HALL, James",Family First Victoria,https://www.vec.vic.gov.au/results/state-election-results/2022-state-election-results/results-by-district/yan-yean-district-results,yan-yean,PARTY_FAMILY_FIRST_VICTORIA,cand_3c6742fb53,1284,"HALL, James","HALL, James",1280,first_progressive_total_minus_first_transfer,-4
vic_la_2022,Yan Yean,"MASON, Samantha",Australian Greens,https://www.vec.vic.gov.au/results/state-election-results/2022-state-election-results/results-by-district/yan-yean-district-results,yan-yean,GRN,cand_4d1882f70f,2537,"MASON, Samantha","MASON, Samantha",2537,first_progressive_total_minus_first_transfer,0
vic_la_2022,Yan Yean,"GRIMLEY, Mandy Anne",Derryn Hinch's Justice Party,https://www.vec.vic.gov.au/results/state-election-results/2022-state-election-results/results-by-district/yan-yean-district-results,yan-yean,PARTY_DERRYN_HINCH_S_JUSTICE_PARTY,cand_0901cec6bd,793,"GRIMLEY, Mandy Anne","GRIMLEY, Mandy Anne",793,first_exclusion_source_parcel,0
vic_la_2022,Yan Yean,"WELCH, Richard",Liberal,https://www.vec.vic.gov.au/results/state-election-results/2022-state-election-results/results-by-district/yan-yean-district-results,yan-yean,LIB,cand_a0f2fc1a89,13361,"WELCH, Richard","WELCH, Richard",13361,first_progressive_total_minus_first_transfer,0
vic_la_2022,Yan Yean,"KATHAGE, Lauren",Australian Labor Party - Victorian Branch,https://www.vec.vic.gov.au/results/state-election-results/2022-state-election-results/results-by-district/yan-yean-district-results,yan-yean,ALP,cand_a21df735e8,16328,"KATHAGE, Lauren","KATHAGE, Lauren",16328,first_progressive_total_minus_first_transfer,0
vic_la_2022,Yan Yean,"KRSTIC, Alexandar","Shooters, Fishers & Farmers Vic",https://www.vec.vic.gov.au/results/state-election-results/2022-state-election-results/results-by-district/yan-yean-district-results,yan-yean,PARTY_SHOOTERS_FISHERS_AND_FARMERS_VIC,cand_ff24edfcfa,1024,"KRSTIC, Alexandar","KRSTIC, Alexandar",1024,first_progressive_total_minus_first_transfer,0
vic_la_2022,Yan Yean,"BOUROUTZIS, Con",Freedom Party of Victoria,https://www.vec.vic.gov.au/results/state-election-results/2022-state-election-results/results-by-district/yan-yean-district-results,yan-yean,PARTY_FREEDOM_PARTY_OF_VICTORIA,cand_e09444f032,1021,"BOUROUTZIS, Con","BOUROUTZIS, Con",1021,first_progressive_total_minus_first_transfer,0
vic_la_2022,Yan Yean,"PARRAMORE, Ruth",Animal Justice Party,https://www.vec.vic.gov.au/results/state-election-results/2022-state-election-results/results-by-district/yan-yean-district-results,yan-yean,PARTY_ANIMAL_JUSTICE_PARTY,cand_961105a016,1043,"PARRAMORE, Ruth","PARRAMORE, Ruth",1043,first_progressive_total_minus_first_transfer,0
